ISO-10303-21;
HEADER;
FILE_DESCRIPTION(('Open CASCADE Model'),'2;1');
FILE_NAME('Open CASCADE Shape Model','2026-07-24T22:29:05',('Author'),(
    'Open CASCADE'),'Open CASCADE STEP processor 7.9','Open CASCADE 7.9'
  ,'Unknown');
FILE_SCHEMA(('AUTOMOTIVE_DESIGN { 1 0 10303 214 1 1 1 1 }'));
ENDSEC;
DATA;
#1 = APPLICATION_PROTOCOL_DEFINITION('international standard',
  'automotive_design',2000,#2);
#2 = APPLICATION_CONTEXT(
  'core data for automotive mechanical design processes');
#3 = SHAPE_DEFINITION_REPRESENTATION(#4,#10);
#4 = PRODUCT_DEFINITION_SHAPE('','',#5);
#5 = PRODUCT_DEFINITION('design','',#6,#9);
#6 = PRODUCT_DEFINITION_FORMATION('','',#7);
#7 = PRODUCT('Open CASCADE STEP translator 7.9 1',
  'Open CASCADE STEP translator 7.9 1','',(#8));
#8 = PRODUCT_CONTEXT('',#2,'mechanical');
#9 = PRODUCT_DEFINITION_CONTEXT('part definition',#2,'design');
#10 = ADVANCED_BREP_SHAPE_REPRESENTATION('',(#11,#15),#18458);
#11 = AXIS2_PLACEMENT_3D('',#12,#13,#14);
#12 = CARTESIAN_POINT('',(0.,0.,0.));
#13 = DIRECTION('',(0.,0.,1.));
#14 = DIRECTION('',(1.,0.,-0.));
#15 = MANIFOLD_SOLID_BREP('',#16);
#16 = CLOSED_SHELL('',(#17,#1255,#1328,#1396,#1422,#1448,#1455,#1531,
    #3662,#3738,#4637,#4664,#4691,#4718,#4745,#4772,#4799,#4826,#4853,
    #4880,#4907,#4934,#4961,#4988,#5015,#5042,#5069,#5096,#5123,#5150,
    #5177,#5204,#5231,#5258,#5285,#5312,#5339,#5366,#5393,#5420,#5447,
    #5474,#5501,#5528,#5555,#5582,#5609,#5636,#5663,#5670,#5744,#7513,
    #7572,#7607,#7662,#7982,#8037,#8067,#8122,#8152,#8207,#8237,#8292,
    #8322,#8377,#8407,#8462,#8492,#8547,#8577,#8645,#8672,#8699,#8726,
    #8753,#8780,#8807,#8834,#8907,#8975,#9001,#9027,#9034,#9110,#11716,
    #11792,#13518,#13545,#13572,#13599,#13626,#13653,#13680,#13707,
    #13734,#13761,#13788,#13815,#13842,#13869,#13896,#13923,#13950,
    #13977,#14004,#14031,#14058,#14085,#14112,#14139,#14166,#14193,
    #14220,#14247,#14274,#14301,#14328,#14355,#14382,#14409,#14436,
    #14463,#14490,#14517,#14544,#14571,#14598,#14625,#14652,#14679,
    #14706,#14733,#14760,#14787,#14814,#14841,#14868,#14895,#14922,
    #14949,#14976,#15003,#15030,#15057,#15084,#15111,#15138,#15165,
    #15192,#15219,#15246,#15273,#15300,#15327,#15354,#15381,#15408,
    #15435,#15462,#15489,#15516,#15543,#15570,#15597,#15624,#15651,
    #15678,#15705,#15732,#15759,#15786,#15867,#15921,#15997,#16481,
    #16508,#16535,#16562,#16589,#16616,#16643,#16670,#16697,#16724,
    #16751,#16778,#16805,#16832,#16859,#16886,#16913,#16940,#16967,
    #16994,#17021,#17051,#17081,#17116,#17143,#17170,#17197,#17224,
    #17251,#17278,#17305,#17332,#17359,#17366,#17392,#17418,#17425,
    #17452,#17479,#17506,#17533,#17560,#17587,#17614,#17641,#17668,
    #17695,#17722,#17749,#17776,#17803,#17830,#17857,#17884,#17911,
    #17938,#17965,#17992,#18019,#18046,#18073,#18100,#18127,#18154,
    #18181,#18208,#18235,#18262,#18289,#18316,#18343,#18370,#18397,
    #18424,#18451));
#17 = ADVANCED_FACE('',(#18,#1145),#32,.T.);
#18 = FACE_BOUND('',#19,.T.);
#19 = EDGE_LOOP('',(#20,#55,#83,#111,#139,#167,#195,#223,#251,#279,#307,
    #335,#363,#391,#419,#447,#475,#503,#531,#559,#587,#615,#643,#671,
    #699,#727,#755,#783,#811,#839,#867,#895,#923,#951,#979,#1007,#1035,
    #1063,#1091,#1119));
#20 = ORIENTED_EDGE('',*,*,#21,.T.);
#21 = EDGE_CURVE('',#22,#24,#26,.T.);
#22 = VERTEX_POINT('',#23);
#23 = CARTESIAN_POINT('',(-6.160349026322E-02,0.354910254478,
    1.174999952316));
#24 = VERTEX_POINT('',#25);
#25 = CARTESIAN_POINT('',(-7.896830886602E-02,0.35339102149,
    1.174999952316));
#26 = SURFACE_CURVE('',#27,(#31,#43),.PCURVE_S1.);
#27 = LINE('',#28,#29);
#28 = CARTESIAN_POINT('',(-6.160349026322E-02,0.354910254478,
    1.174999952316));
#29 = VECTOR('',#30,1.);
#30 = DIRECTION('',(-0.996194657166,-8.715621053178E-02,0.));
#31 = PCURVE('',#32,#37);
#32 = PLANE('',#33);
#33 = AXIS2_PLACEMENT_3D('',#34,#35,#36);
#34 = CARTESIAN_POINT('',(0.264913591302,0.,1.174999952316));
#35 = DIRECTION('',(0.,0.,1.));
#36 = DIRECTION('',(1.,0.,-0.));
#37 = DEFINITIONAL_REPRESENTATION('',(#38),#42);
#38 = LINE('',#39,#40);
#39 = CARTESIAN_POINT('',(-0.326517081565,0.354910254478));
#40 = VECTOR('',#41,1.);
#41 = DIRECTION('',(-0.996194657166,-8.715621053178E-02));
#42 = ( GEOMETRIC_REPRESENTATION_CONTEXT(2) 
PARAMETRIC_REPRESENTATION_CONTEXT() REPRESENTATION_CONTEXT('2D SPACE',''
  ) );
#43 = PCURVE('',#44,#49);
#44 = PLANE('',#45);
#45 = AXIS2_PLACEMENT_3D('',#46,#47,#48);
#46 = CARTESIAN_POINT('',(-6.613351744225E-02,0.354513926311,
    1.279168219877));
#47 = DIRECTION('',(8.715621053178E-02,-0.996194657166,-0.));
#48 = DIRECTION('',(-0.996194657166,-8.715621053178E-02,0.));
#49 = DEFINITIONAL_REPRESENTATION('',(#50),#54);
#50 = LINE('',#51,#52);
#51 = CARTESIAN_POINT('',(-4.547331333734E-03,0.104168267561));
#52 = VECTOR('',#53,1.);
#53 = DIRECTION('',(1.,0.));
#54 = ( GEOMETRIC_REPRESENTATION_CONTEXT(2) 
PARAMETRIC_REPRESENTATION_CONTEXT() REPRESENTATION_CONTEXT('2D SPACE',''
  ) );
#55 = ORIENTED_EDGE('',*,*,#56,.T.);
#56 = EDGE_CURVE('',#24,#57,#59,.T.);
#57 = VERTEX_POINT('',#58);
#58 = CARTESIAN_POINT('',(-9.580551087856E-02,0.348879486322,
    1.174999952316));
#59 = SURFACE_CURVE('',#60,(#64,#71),.PCURVE_S1.);
#60 = LINE('',#61,#62);
#61 = CARTESIAN_POINT('',(-7.896830886602E-02,0.35339102149,
    1.174999952316));
#62 = VECTOR('',#63,1.);
#63 = DIRECTION('',(-0.965925532481,-0.258820141608,0.));
#64 = PCURVE('',#32,#65);
#65 = DEFINITIONAL_REPRESENTATION('',(#66),#70);
#66 = LINE('',#67,#68);
#67 = CARTESIAN_POINT('',(-0.343881900168,0.35339102149));
#68 = VECTOR('',#69,1.);
#69 = DIRECTION('',(-0.965925532481,-0.258820141608));
#70 = ( GEOMETRIC_REPRESENTATION_CONTEXT(2) 
PARAMETRIC_REPRESENTATION_CONTEXT() REPRESENTATION_CONTEXT('2D SPACE',''
  ) );
#71 = PCURVE('',#72,#77);
#72 = PLANE('',#73);
#73 = AXIS2_PLACEMENT_3D('',#74,#75,#76);
#74 = CARTESIAN_POINT('',(-8.336069476913E-02,0.35221407989,
    1.27916822202));
#75 = DIRECTION('',(0.258820141608,-0.965925532481,-0.));
#76 = DIRECTION('',(-0.965925532481,-0.258820141608,0.));
#77 = DEFINITIONAL_REPRESENTATION('',(#78),#82);
#78 = LINE('',#79,#80);
#79 = CARTESIAN_POINT('',(-4.547333883829E-03,0.104168269703));
#80 = VECTOR('',#81,1.);
#81 = DIRECTION('',(1.,0.));
#82 = ( GEOMETRIC_REPRESENTATION_CONTEXT(2) 
PARAMETRIC_REPRESENTATION_CONTEXT() REPRESENTATION_CONTEXT('2D SPACE',''
  ) );
#83 = ORIENTED_EDGE('',*,*,#84,.T.);
#84 = EDGE_CURVE('',#57,#85,#87,.T.);
#85 = VERTEX_POINT('',#86);
#86 = CARTESIAN_POINT('',(-0.111603491008,0.341512769461,1.174999952316)
  );
#87 = SURFACE_CURVE('',#88,(#92,#99),.PCURVE_S1.);
#88 = LINE('',#89,#90);
#89 = CARTESIAN_POINT('',(-9.580551087856E-02,0.348879486322,
    1.174999952316));
#90 = VECTOR('',#91,1.);
#91 = DIRECTION('',(-0.906307836612,-0.422618155426,0.));
#92 = PCURVE('',#32,#93);
#93 = DEFINITIONAL_REPRESENTATION('',(#94),#98);
#94 = LINE('',#95,#96);
#95 = CARTESIAN_POINT('',(-0.360719102181,0.348879486322));
#96 = VECTOR('',#97,1.);
#97 = DIRECTION('',(-0.906307836612,-0.422618155426));
#98 = ( GEOMETRIC_REPRESENTATION_CONTEXT(2) 
PARAMETRIC_REPRESENTATION_CONTEXT() REPRESENTATION_CONTEXT('2D SPACE',''
  ) );
#99 = PCURVE('',#100,#105);
#100 = PLANE('',#101);
#101 = AXIS2_PLACEMENT_3D('',#102,#103,#104);
#102 = CARTESIAN_POINT('',(-0.107482211107,0.343434553251,1.270831734407
    ));
#103 = DIRECTION('',(0.422618155426,-0.906307836612,-0.));
#104 = DIRECTION('',(-0.906307836612,-0.422618155426,0.));
#105 = DEFINITIONAL_REPRESENTATION('',(#106),#110);
#106 = LINE('',#107,#108);
#107 = CARTESIAN_POINT('',(-1.288381249398E-02,9.58317820908E-02));
#108 = VECTOR('',#109,1.);
#109 = DIRECTION('',(1.,0.));
#110 = ( GEOMETRIC_REPRESENTATION_CONTEXT(2) 
PARAMETRIC_REPRESENTATION_CONTEXT() REPRESENTATION_CONTEXT('2D SPACE',''
  ) );
#111 = ORIENTED_EDGE('',*,*,#112,.T.);
#112 = EDGE_CURVE('',#85,#113,#115,.T.);
#113 = VERTEX_POINT('',#114);
#114 = CARTESIAN_POINT('',(-0.125882253051,0.331514686346,1.174999952316
    ));
#115 = SURFACE_CURVE('',#116,(#120,#127),.PCURVE_S1.);
#116 = LINE('',#117,#118);
#117 = CARTESIAN_POINT('',(-0.111603491008,0.341512769461,1.174999952316
    ));
#118 = VECTOR('',#119,1.);
#119 = DIRECTION('',(-0.819152413668,-0.573575908822,0.));
#120 = PCURVE('',#32,#121);
#121 = DEFINITIONAL_REPRESENTATION('',(#122),#126);
#122 = LINE('',#123,#124);
#123 = CARTESIAN_POINT('',(-0.376517082311,0.341512769461));
#124 = VECTOR('',#125,1.);
#125 = DIRECTION('',(-0.819152413668,-0.573575908822));
#126 = ( GEOMETRIC_REPRESENTATION_CONTEXT(2) 
PARAMETRIC_REPRESENTATION_CONTEXT() REPRESENTATION_CONTEXT('2D SPACE',''
  ) );
#127 = PCURVE('',#128,#133);
#128 = PLANE('',#129);
#129 = AXIS2_PLACEMENT_3D('',#130,#131,#132);
#130 = CARTESIAN_POINT('',(-0.122157297417,0.334122924785,1.27083173429)
  );
#131 = DIRECTION('',(0.573575908822,-0.819152413668,-0.));
#132 = DIRECTION('',(-0.819152413668,-0.573575908822,0.));
#133 = DEFINITIONAL_REPRESENTATION('',(#134),#138);
#134 = LINE('',#135,#136);
#135 = CARTESIAN_POINT('',(-1.288381286864E-02,9.583178197336E-02));
#136 = VECTOR('',#137,1.);
#137 = DIRECTION('',(1.,0.));
#138 = ( GEOMETRIC_REPRESENTATION_CONTEXT(2) 
PARAMETRIC_REPRESENTATION_CONTEXT() REPRESENTATION_CONTEXT('2D SPACE',''
  ) );
#139 = ORIENTED_EDGE('',*,*,#140,.T.);
#140 = EDGE_CURVE('',#113,#141,#143,.T.);
#141 = VERTEX_POINT('',#142);
#142 = CARTESIAN_POINT('',(-0.138207942247,0.319189012051,1.174999952316
    ));
#143 = SURFACE_CURVE('',#144,(#148,#155),.PCURVE_S1.);
#144 = LINE('',#145,#146);
#145 = CARTESIAN_POINT('',(-0.125882253051,0.331514686346,1.174999952316
    ));
#146 = VECTOR('',#147,1.);
#147 = DIRECTION('',(-0.707107208616,-0.707106353757,0.));
#148 = PCURVE('',#32,#149);
#149 = DEFINITIONAL_REPRESENTATION('',(#150),#154);
#150 = LINE('',#151,#152);
#151 = CARTESIAN_POINT('',(-0.390795844353,0.331514686346));
#152 = VECTOR('',#153,1.);
#153 = DIRECTION('',(-0.707107208616,-0.707106353757));
#154 = ( GEOMETRIC_REPRESENTATION_CONTEXT(2) 
PARAMETRIC_REPRESENTATION_CONTEXT() REPRESENTATION_CONTEXT('2D SPACE',''
  ) );
#155 = PCURVE('',#156,#161);
#156 = PLANE('',#157);
#157 = AXIS2_PLACEMENT_3D('',#158,#159,#160);
#158 = CARTESIAN_POINT('',(-0.129097703084,0.3282992402,1.279168219006)
  );
#159 = DIRECTION('',(0.707106353757,-0.707107208616,-0.));
#160 = DIRECTION('',(-0.707107208616,-0.707106353757,0.));
#161 = DEFINITIONAL_REPRESENTATION('',(#162),#166);
#162 = LINE('',#163,#164);
#163 = CARTESIAN_POINT('',(-4.547330297378E-03,0.10416826669));
#164 = VECTOR('',#165,1.);
#165 = DIRECTION('',(1.,0.));
#166 = ( GEOMETRIC_REPRESENTATION_CONTEXT(2) 
PARAMETRIC_REPRESENTATION_CONTEXT() REPRESENTATION_CONTEXT('2D SPACE',''
  ) );
#167 = ORIENTED_EDGE('',*,*,#168,.T.);
#168 = EDGE_CURVE('',#141,#169,#171,.T.);
#169 = VERTEX_POINT('',#170);
#170 = CARTESIAN_POINT('',(-0.148206040263,0.304910242558,1.174999952316
    ));
#171 = SURFACE_CURVE('',#172,(#176,#183),.PCURVE_S1.);
#172 = LINE('',#173,#174);
#173 = CARTESIAN_POINT('',(-0.138207942247,0.319189012051,1.174999952316
    ));
#174 = VECTOR('',#175,1.);
#175 = DIRECTION('',(-0.573576281615,-0.819152152636,0.));
#176 = PCURVE('',#32,#177);
#177 = DEFINITIONAL_REPRESENTATION('',(#178),#182);
#178 = LINE('',#179,#180);
#179 = CARTESIAN_POINT('',(-0.40312153355,0.319189012051));
#180 = VECTOR('',#181,1.);
#181 = DIRECTION('',(-0.573576281615,-0.819152152636));
#182 = ( GEOMETRIC_REPRESENTATION_CONTEXT(2) 
PARAMETRIC_REPRESENTATION_CONTEXT() REPRESENTATION_CONTEXT('2D SPACE',''
  ) );
#183 = PCURVE('',#184,#189);
#184 = PLANE('',#185);
#185 = AXIS2_PLACEMENT_3D('',#186,#187,#188);
#186 = CARTESIAN_POINT('',(-0.140816184665,0.315464054343,1.279168221371
    ));
#187 = DIRECTION('',(0.819152152636,-0.573576281615,0.));
#188 = DIRECTION('',(0.573576281615,0.819152152636,0.));
#189 = DEFINITIONAL_REPRESENTATION('',(#190),#194);
#190 = LINE('',#191,#192);
#191 = CARTESIAN_POINT('',(4.547333112175E-03,-0.104168269055));
#192 = VECTOR('',#193,1.);
#193 = DIRECTION('',(-1.,0.));
#194 = ( GEOMETRIC_REPRESENTATION_CONTEXT(2) 
PARAMETRIC_REPRESENTATION_CONTEXT() REPRESENTATION_CONTEXT('2D SPACE',''
  ) );
#195 = ORIENTED_EDGE('',*,*,#196,.T.);
#196 = EDGE_CURVE('',#169,#197,#199,.T.);
#197 = VERTEX_POINT('',#198);
#198 = CARTESIAN_POINT('',(-0.155572757125,0.289112240076,1.174999952316
    ));
#199 = SURFACE_CURVE('',#200,(#204,#211),.PCURVE_S1.);
#200 = LINE('',#201,#202);
#201 = CARTESIAN_POINT('',(-0.148206040263,0.304910242558,1.174999952316
    ));
#202 = VECTOR('',#203,1.);
#203 = DIRECTION('',(-0.422617664282,-0.906308065636,0.));
#204 = PCURVE('',#32,#205);
#205 = DEFINITIONAL_REPRESENTATION('',(#206),#210);
#206 = LINE('',#207,#208);
#207 = CARTESIAN_POINT('',(-0.413119631565,0.304910242558));
#208 = VECTOR('',#209,1.);
#209 = DIRECTION('',(-0.422617664282,-0.906308065636));
#210 = ( GEOMETRIC_REPRESENTATION_CONTEXT(2) 
PARAMETRIC_REPRESENTATION_CONTEXT() REPRESENTATION_CONTEXT('2D SPACE',''
  ) );
#211 = PCURVE('',#212,#217);
#212 = PLANE('',#213);
#213 = AXIS2_PLACEMENT_3D('',#214,#215,#216);
#214 = CARTESIAN_POINT('',(-0.150127824147,0.300788956627,1.279168222534
    ));
#215 = DIRECTION('',(0.906308065636,-0.422617664282,0.));
#216 = DIRECTION('',(0.422617664282,0.906308065636,0.));
#217 = DEFINITIONAL_REPRESENTATION('',(#218),#222);
#218 = LINE('',#219,#220);
#219 = CARTESIAN_POINT('',(4.547334495984E-03,-0.104168270218));
#220 = VECTOR('',#221,1.);
#221 = DIRECTION('',(-1.,0.));
#222 = ( GEOMETRIC_REPRESENTATION_CONTEXT(2) 
PARAMETRIC_REPRESENTATION_CONTEXT() REPRESENTATION_CONTEXT('2D SPACE',''
  ) );
#223 = ORIENTED_EDGE('',*,*,#224,.T.);
#224 = EDGE_CURVE('',#197,#225,#227,.T.);
#225 = VERTEX_POINT('',#226);
#226 = CARTESIAN_POINT('',(-0.16008426249,0.272275030613,1.174999952316)
  );
#227 = SURFACE_CURVE('',#228,(#232,#239),.PCURVE_S1.);
#228 = LINE('',#229,#230);
#229 = CARTESIAN_POINT('',(-0.155572757125,0.289112240076,1.174999952316
    ));
#230 = VECTOR('',#231,1.);
#231 = DIRECTION('',(-0.258818439564,-0.965925988542,0.));
#232 = PCURVE('',#32,#233);
#233 = DEFINITIONAL_REPRESENTATION('',(#234),#238);
#234 = LINE('',#235,#236);
#235 = CARTESIAN_POINT('',(-0.420486348427,0.289112240076));
#236 = VECTOR('',#237,1.);
#237 = DIRECTION('',(-0.258818439564,-0.965925988542));
#238 = ( GEOMETRIC_REPRESENTATION_CONTEXT(2) 
PARAMETRIC_REPRESENTATION_CONTEXT() REPRESENTATION_CONTEXT('2D SPACE',''
  ) );
#239 = PCURVE('',#240,#245);
#240 = PLANE('',#241);
#241 = AXIS2_PLACEMENT_3D('',#242,#243,#244);
#242 = CARTESIAN_POINT('',(-0.156749690949,0.284719852235,1.279168221902
    ));
#243 = DIRECTION('',(0.965925988542,-0.258818439564,0.));
#244 = DIRECTION('',(0.258818439564,0.965925988542,0.));
#245 = DEFINITIONAL_REPRESENTATION('',(#246),#250);
#246 = LINE('',#247,#248);
#247 = CARTESIAN_POINT('',(4.547333743436E-03,-0.104168269585));
#248 = VECTOR('',#249,1.);
#249 = DIRECTION('',(-1.,0.));
#250 = ( GEOMETRIC_REPRESENTATION_CONTEXT(2) 
PARAMETRIC_REPRESENTATION_CONTEXT() REPRESENTATION_CONTEXT('2D SPACE',''
  ) );
#251 = ORIENTED_EDGE('',*,*,#252,.T.);
#252 = EDGE_CURVE('',#225,#253,#255,.T.);
#253 = VERTEX_POINT('',#254);
#254 = CARTESIAN_POINT('',(-0.161603495479,0.254910230637,1.174999952316
    ));
#255 = SURFACE_CURVE('',#256,(#260,#267),.PCURVE_S1.);
#256 = LINE('',#257,#258);
#257 = CARTESIAN_POINT('',(-0.16008426249,0.272275030613,1.174999952316)
  );
#258 = VECTOR('',#259,1.);
#259 = DIRECTION('',(-8.715630331023E-02,-0.996194649049,0.));
#260 = PCURVE('',#32,#261);
#261 = DEFINITIONAL_REPRESENTATION('',(#262),#266);
#262 = LINE('',#263,#264);
#263 = CARTESIAN_POINT('',(-0.424997853793,0.272275030613));
#264 = VECTOR('',#265,1.);
#265 = DIRECTION('',(-8.715630331023E-02,-0.996194649049));
#266 = ( GEOMETRIC_REPRESENTATION_CONTEXT(2) 
PARAMETRIC_REPRESENTATION_CONTEXT() REPRESENTATION_CONTEXT('2D SPACE',''
  ) );
#267 = PCURVE('',#268,#273);
#268 = PLANE('',#269);
#269 = AXIS2_PLACEMENT_3D('',#270,#271,#272);
#270 = CARTESIAN_POINT('',(-0.16048059064,0.267745008493,1.279168215641)
  );
#271 = DIRECTION('',(0.996194649049,-8.715630331023E-02,0.));
#272 = DIRECTION('',(8.715630331023E-02,0.996194649049,0.));
#273 = DEFINITIONAL_REPRESENTATION('',(#274),#278);
#274 = LINE('',#275,#276);
#275 = CARTESIAN_POINT('',(4.547326292062E-03,-0.104168263324));
#276 = VECTOR('',#277,1.);
#277 = DIRECTION('',(-1.,0.));
#278 = ( GEOMETRIC_REPRESENTATION_CONTEXT(2) 
PARAMETRIC_REPRESENTATION_CONTEXT() REPRESENTATION_CONTEXT('2D SPACE',''
  ) );
#279 = ORIENTED_EDGE('',*,*,#280,.T.);
#280 = EDGE_CURVE('',#253,#281,#283,.T.);
#281 = VERTEX_POINT('',#282);
#282 = CARTESIAN_POINT('',(-0.161603495479,-0.254910230637,
    1.174999952316));
#283 = SURFACE_CURVE('',#284,(#288,#295),.PCURVE_S1.);
#284 = LINE('',#285,#286);
#285 = CARTESIAN_POINT('',(-0.161603495479,0.254910230637,1.174999952316
    ));
#286 = VECTOR('',#287,1.);
#287 = DIRECTION('',(0.,-1.,0.));
#288 = PCURVE('',#32,#289);
#289 = DEFINITIONAL_REPRESENTATION('',(#290),#294);
#290 = LINE('',#291,#292);
#291 = CARTESIAN_POINT('',(-0.426517086781,0.254910230637));
#292 = VECTOR('',#293,1.);
#293 = DIRECTION('',(0.,-1.));
#294 = ( GEOMETRIC_REPRESENTATION_CONTEXT(2) 
PARAMETRIC_REPRESENTATION_CONTEXT() REPRESENTATION_CONTEXT('2D SPACE',''
  ) );
#295 = PCURVE('',#296,#301);
#296 = PLANE('',#297);
#297 = AXIS2_PLACEMENT_3D('',#298,#299,#300);
#298 = CARTESIAN_POINT('',(-0.161603495479,4.054344909272E-02,
    1.315543425251));
#299 = DIRECTION('',(1.,0.,0.));
#300 = DIRECTION('',(-0.,0.,1.));
#301 = DEFINITIONAL_REPRESENTATION('',(#302),#306);
#302 = LINE('',#303,#304);
#303 = CARTESIAN_POINT('',(-0.140543472935,-0.214366781544));
#304 = VECTOR('',#305,1.);
#305 = DIRECTION('',(0.,1.));
#306 = ( GEOMETRIC_REPRESENTATION_CONTEXT(2) 
PARAMETRIC_REPRESENTATION_CONTEXT() REPRESENTATION_CONTEXT('2D SPACE',''
  ) );
#307 = ORIENTED_EDGE('',*,*,#308,.T.);
#308 = EDGE_CURVE('',#281,#309,#311,.T.);
#309 = VERTEX_POINT('',#310);
#310 = CARTESIAN_POINT('',(-0.16008426249,-0.272275030613,1.174999952316
    ));
#311 = SURFACE_CURVE('',#312,(#316,#323),.PCURVE_S1.);
#312 = LINE('',#313,#314);
#313 = CARTESIAN_POINT('',(-0.161603495479,-0.254910230637,
    1.174999952316));
#314 = VECTOR('',#315,1.);
#315 = DIRECTION('',(8.715630331023E-02,-0.996194649049,0.));
#316 = PCURVE('',#32,#317);
#317 = DEFINITIONAL_REPRESENTATION('',(#318),#322);
#318 = LINE('',#319,#320);
#319 = CARTESIAN_POINT('',(-0.426517086781,-0.254910230637));
#320 = VECTOR('',#321,1.);
#321 = DIRECTION('',(8.715630331023E-02,-0.996194649049));
#322 = ( GEOMETRIC_REPRESENTATION_CONTEXT(2) 
PARAMETRIC_REPRESENTATION_CONTEXT() REPRESENTATION_CONTEXT('2D SPACE',''
  ) );
#323 = PCURVE('',#324,#329);
#324 = PLANE('',#325);
#325 = AXIS2_PLACEMENT_3D('',#326,#327,#328);
#326 = CARTESIAN_POINT('',(-0.161207167329,-0.259440252756,
    1.279168215641));
#327 = DIRECTION('',(0.996194649049,8.715630331023E-02,0.));
#328 = DIRECTION('',(-8.715630331023E-02,0.996194649049,0.));
#329 = DEFINITIONAL_REPRESENTATION('',(#330),#334);
#330 = LINE('',#331,#332);
#331 = CARTESIAN_POINT('',(4.547326292062E-03,-0.104168263324));
#332 = VECTOR('',#333,1.);
#333 = DIRECTION('',(-1.,0.));
#334 = ( GEOMETRIC_REPRESENTATION_CONTEXT(2) 
PARAMETRIC_REPRESENTATION_CONTEXT() REPRESENTATION_CONTEXT('2D SPACE',''
  ) );
#335 = ORIENTED_EDGE('',*,*,#336,.T.);
#336 = EDGE_CURVE('',#309,#337,#339,.T.);
#337 = VERTEX_POINT('',#338);
#338 = CARTESIAN_POINT('',(-0.155572757125,-0.289112240076,
    1.174999952316));
#339 = SURFACE_CURVE('',#340,(#344,#351),.PCURVE_S1.);
#340 = LINE('',#341,#342);
#341 = CARTESIAN_POINT('',(-0.16008426249,-0.272275030613,1.174999952316
    ));
#342 = VECTOR('',#343,1.);
#343 = DIRECTION('',(0.258818439564,-0.965925988542,0.));
#344 = PCURVE('',#32,#345);
#345 = DEFINITIONAL_REPRESENTATION('',(#346),#350);
#346 = LINE('',#347,#348);
#347 = CARTESIAN_POINT('',(-0.424997853793,-0.272275030613));
#348 = VECTOR('',#349,1.);
#349 = DIRECTION('',(0.258818439564,-0.965925988542));
#350 = ( GEOMETRIC_REPRESENTATION_CONTEXT(2) 
PARAMETRIC_REPRESENTATION_CONTEXT() REPRESENTATION_CONTEXT('2D SPACE',''
  ) );
#351 = PCURVE('',#352,#357);
#352 = PLANE('',#353);
#353 = AXIS2_PLACEMENT_3D('',#354,#355,#356);
#354 = CARTESIAN_POINT('',(-0.158907328667,-0.276667418454,
    1.279168221902));
#355 = DIRECTION('',(0.965925988542,0.258818439564,0.));
#356 = DIRECTION('',(-0.258818439564,0.965925988542,0.));
#357 = DEFINITIONAL_REPRESENTATION('',(#358),#362);
#358 = LINE('',#359,#360);
#359 = CARTESIAN_POINT('',(4.547333743436E-03,-0.104168269585));
#360 = VECTOR('',#361,1.);
#361 = DIRECTION('',(-1.,0.));
#362 = ( GEOMETRIC_REPRESENTATION_CONTEXT(2) 
PARAMETRIC_REPRESENTATION_CONTEXT() REPRESENTATION_CONTEXT('2D SPACE',''
  ) );
#363 = ORIENTED_EDGE('',*,*,#364,.T.);
#364 = EDGE_CURVE('',#337,#365,#367,.T.);
#365 = VERTEX_POINT('',#366);
#366 = CARTESIAN_POINT('',(-0.148206040263,-0.304910242558,
    1.174999952316));
#367 = SURFACE_CURVE('',#368,(#372,#379),.PCURVE_S1.);
#368 = LINE('',#369,#370);
#369 = CARTESIAN_POINT('',(-0.155572757125,-0.289112240076,
    1.174999952316));
#370 = VECTOR('',#371,1.);
#371 = DIRECTION('',(0.422617664282,-0.906308065636,0.));
#372 = PCURVE('',#32,#373);
#373 = DEFINITIONAL_REPRESENTATION('',(#374),#378);
#374 = LINE('',#375,#376);
#375 = CARTESIAN_POINT('',(-0.420486348427,-0.289112240076));
#376 = VECTOR('',#377,1.);
#377 = DIRECTION('',(0.422617664282,-0.906308065636));
#378 = ( GEOMETRIC_REPRESENTATION_CONTEXT(2) 
PARAMETRIC_REPRESENTATION_CONTEXT() REPRESENTATION_CONTEXT('2D SPACE',''
  ) );
#379 = PCURVE('',#380,#385);
#380 = PLANE('',#381);
#381 = AXIS2_PLACEMENT_3D('',#382,#383,#384);
#382 = CARTESIAN_POINT('',(-0.153650973241,-0.293233526007,
    1.279168222534));
#383 = DIRECTION('',(0.906308065636,0.422617664282,0.));
#384 = DIRECTION('',(-0.422617664282,0.906308065636,0.));
#385 = DEFINITIONAL_REPRESENTATION('',(#386),#390);
#386 = LINE('',#387,#388);
#387 = CARTESIAN_POINT('',(4.547334495984E-03,-0.104168270218));
#388 = VECTOR('',#389,1.);
#389 = DIRECTION('',(-1.,0.));
#390 = ( GEOMETRIC_REPRESENTATION_CONTEXT(2) 
PARAMETRIC_REPRESENTATION_CONTEXT() REPRESENTATION_CONTEXT('2D SPACE',''
  ) );
#391 = ORIENTED_EDGE('',*,*,#392,.T.);
#392 = EDGE_CURVE('',#365,#393,#395,.T.);
#393 = VERTEX_POINT('',#394);
#394 = CARTESIAN_POINT('',(-0.138207942247,-0.319189012051,
    1.174999952316));
#395 = SURFACE_CURVE('',#396,(#400,#407),.PCURVE_S1.);
#396 = LINE('',#397,#398);
#397 = CARTESIAN_POINT('',(-0.148206040263,-0.304910242558,
    1.174999952316));
#398 = VECTOR('',#399,1.);
#399 = DIRECTION('',(0.573576281615,-0.819152152636,0.));
#400 = PCURVE('',#32,#401);
#401 = DEFINITIONAL_REPRESENTATION('',(#402),#406);
#402 = LINE('',#403,#404);
#403 = CARTESIAN_POINT('',(-0.413119631565,-0.304910242558));
#404 = VECTOR('',#405,1.);
#405 = DIRECTION('',(0.573576281615,-0.819152152636));
#406 = ( GEOMETRIC_REPRESENTATION_CONTEXT(2) 
PARAMETRIC_REPRESENTATION_CONTEXT() REPRESENTATION_CONTEXT('2D SPACE',''
  ) );
#407 = PCURVE('',#408,#413);
#408 = PLANE('',#409);
#409 = AXIS2_PLACEMENT_3D('',#410,#411,#412);
#410 = CARTESIAN_POINT('',(-0.145597797845,-0.308635200265,
    1.279168221371));
#411 = DIRECTION('',(0.819152152636,0.573576281615,0.));
#412 = DIRECTION('',(-0.573576281615,0.819152152636,0.));
#413 = DEFINITIONAL_REPRESENTATION('',(#414),#418);
#414 = LINE('',#415,#416);
#415 = CARTESIAN_POINT('',(4.547333112175E-03,-0.104168269055));
#416 = VECTOR('',#417,1.);
#417 = DIRECTION('',(-1.,0.));
#418 = ( GEOMETRIC_REPRESENTATION_CONTEXT(2) 
PARAMETRIC_REPRESENTATION_CONTEXT() REPRESENTATION_CONTEXT('2D SPACE',''
  ) );
#419 = ORIENTED_EDGE('',*,*,#420,.T.);
#420 = EDGE_CURVE('',#393,#421,#423,.T.);
#421 = VERTEX_POINT('',#422);
#422 = CARTESIAN_POINT('',(-0.125882253051,-0.331514686346,
    1.174999952316));
#423 = SURFACE_CURVE('',#424,(#428,#435),.PCURVE_S1.);
#424 = LINE('',#425,#426);
#425 = CARTESIAN_POINT('',(-0.138207942247,-0.319189012051,
    1.174999952316));
#426 = VECTOR('',#427,1.);
#427 = DIRECTION('',(0.707107208616,-0.707106353757,0.));
#428 = PCURVE('',#32,#429);
#429 = DEFINITIONAL_REPRESENTATION('',(#430),#434);
#430 = LINE('',#431,#432);
#431 = CARTESIAN_POINT('',(-0.40312153355,-0.319189012051));
#432 = VECTOR('',#433,1.);
#433 = DIRECTION('',(0.707107208616,-0.707106353757));
#434 = ( GEOMETRIC_REPRESENTATION_CONTEXT(2) 
PARAMETRIC_REPRESENTATION_CONTEXT() REPRESENTATION_CONTEXT('2D SPACE',''
  ) );
#435 = PCURVE('',#436,#441);
#436 = PLANE('',#437);
#437 = AXIS2_PLACEMENT_3D('',#438,#439,#440);
#438 = CARTESIAN_POINT('',(-0.134992492214,-0.322404458197,
    1.279168219006));
#439 = DIRECTION('',(0.707106353757,0.707107208616,0.));
#440 = DIRECTION('',(0.707107208616,-0.707106353757,0.));
#441 = DEFINITIONAL_REPRESENTATION('',(#442),#446);
#442 = LINE('',#443,#444);
#443 = CARTESIAN_POINT('',(-4.547330297378E-03,0.10416826669));
#444 = VECTOR('',#445,1.);
#445 = DIRECTION('',(1.,0.));
#446 = ( GEOMETRIC_REPRESENTATION_CONTEXT(2) 
PARAMETRIC_REPRESENTATION_CONTEXT() REPRESENTATION_CONTEXT('2D SPACE',''
  ) );
#447 = ORIENTED_EDGE('',*,*,#448,.T.);
#448 = EDGE_CURVE('',#421,#449,#451,.T.);
#449 = VERTEX_POINT('',#450);
#450 = CARTESIAN_POINT('',(-0.111603491008,-0.341512769461,
    1.174999952316));
#451 = SURFACE_CURVE('',#452,(#456,#463),.PCURVE_S1.);
#452 = LINE('',#453,#454);
#453 = CARTESIAN_POINT('',(-0.125882253051,-0.331514686346,
    1.174999952316));
#454 = VECTOR('',#455,1.);
#455 = DIRECTION('',(0.819152413668,-0.573575908822,0.));
#456 = PCURVE('',#32,#457);
#457 = DEFINITIONAL_REPRESENTATION('',(#458),#462);
#458 = LINE('',#459,#460);
#459 = CARTESIAN_POINT('',(-0.390795844353,-0.331514686346));
#460 = VECTOR('',#461,1.);
#461 = DIRECTION('',(0.819152413668,-0.573575908822));
#462 = ( GEOMETRIC_REPRESENTATION_CONTEXT(2) 
PARAMETRIC_REPRESENTATION_CONTEXT() REPRESENTATION_CONTEXT('2D SPACE',''
  ) );
#463 = PCURVE('',#464,#469);
#464 = PLANE('',#465);
#465 = AXIS2_PLACEMENT_3D('',#466,#467,#468);
#466 = CARTESIAN_POINT('',(-0.122157297417,-0.334122924785,
    1.279168218027));
#467 = DIRECTION('',(0.573575908822,0.819152413668,0.));
#468 = DIRECTION('',(0.819152413668,-0.573575908822,0.));
#469 = DEFINITIONAL_REPRESENTATION('',(#470),#474);
#470 = LINE('',#471,#472);
#471 = CARTESIAN_POINT('',(-4.547329131643E-03,0.10416826571));
#472 = VECTOR('',#473,1.);
#473 = DIRECTION('',(1.,0.));
#474 = ( GEOMETRIC_REPRESENTATION_CONTEXT(2) 
PARAMETRIC_REPRESENTATION_CONTEXT() REPRESENTATION_CONTEXT('2D SPACE',''
  ) );
#475 = ORIENTED_EDGE('',*,*,#476,.T.);
#476 = EDGE_CURVE('',#449,#477,#479,.T.);
#477 = VERTEX_POINT('',#478);
#478 = CARTESIAN_POINT('',(-9.580551087856E-02,-0.348879486322,
    1.174999952316));
#479 = SURFACE_CURVE('',#480,(#484,#491),.PCURVE_S1.);
#480 = LINE('',#481,#482);
#481 = CARTESIAN_POINT('',(-0.111603491008,-0.341512769461,
    1.174999952316));
#482 = VECTOR('',#483,1.);
#483 = DIRECTION('',(0.906307836612,-0.422618155426,0.));
#484 = PCURVE('',#32,#485);
#485 = DEFINITIONAL_REPRESENTATION('',(#486),#490);
#486 = LINE('',#487,#488);
#487 = CARTESIAN_POINT('',(-0.376517082311,-0.341512769461));
#488 = VECTOR('',#489,1.);
#489 = DIRECTION('',(0.906307836612,-0.422618155426));
#490 = ( GEOMETRIC_REPRESENTATION_CONTEXT(2) 
PARAMETRIC_REPRESENTATION_CONTEXT() REPRESENTATION_CONTEXT('2D SPACE',''
  ) );
#491 = PCURVE('',#492,#497);
#492 = PLANE('',#493);
#493 = AXIS2_PLACEMENT_3D('',#494,#495,#496);
#494 = CARTESIAN_POINT('',(-9.992679077955E-02,-0.346957702532,
    1.270831734407));
#495 = DIRECTION('',(0.422618155426,0.906307836612,0.));
#496 = DIRECTION('',(0.906307836612,-0.422618155426,0.));
#497 = DEFINITIONAL_REPRESENTATION('',(#498),#502);
#498 = LINE('',#499,#500);
#499 = CARTESIAN_POINT('',(-1.288381249398E-02,9.58317820908E-02));
#500 = VECTOR('',#501,1.);
#501 = DIRECTION('',(1.,0.));
#502 = ( GEOMETRIC_REPRESENTATION_CONTEXT(2) 
PARAMETRIC_REPRESENTATION_CONTEXT() REPRESENTATION_CONTEXT('2D SPACE',''
  ) );
#503 = ORIENTED_EDGE('',*,*,#504,.T.);
#504 = EDGE_CURVE('',#477,#505,#507,.T.);
#505 = VERTEX_POINT('',#506);
#506 = CARTESIAN_POINT('',(-7.896830886602E-02,-0.35339102149,
    1.174999952316));
#507 = SURFACE_CURVE('',#508,(#512,#519),.PCURVE_S1.);
#508 = LINE('',#509,#510);
#509 = CARTESIAN_POINT('',(-9.580551087856E-02,-0.348879486322,
    1.174999952316));
#510 = VECTOR('',#511,1.);
#511 = DIRECTION('',(0.965925532481,-0.258820141608,0.));
#512 = PCURVE('',#32,#513);
#513 = DEFINITIONAL_REPRESENTATION('',(#514),#518);
#514 = LINE('',#515,#516);
#515 = CARTESIAN_POINT('',(-0.360719102181,-0.348879486322));
#516 = VECTOR('',#517,1.);
#517 = DIRECTION('',(0.965925532481,-0.258820141608));
#518 = ( GEOMETRIC_REPRESENTATION_CONTEXT(2) 
PARAMETRIC_REPRESENTATION_CONTEXT() REPRESENTATION_CONTEXT('2D SPACE',''
  ) );
#519 = PCURVE('',#520,#525);
#520 = PLANE('',#521);
#521 = AXIS2_PLACEMENT_3D('',#522,#523,#524);
#522 = CARTESIAN_POINT('',(-9.141312497546E-02,-0.350056427922,
    1.27916822202));
#523 = DIRECTION('',(0.258820141608,0.965925532481,0.));
#524 = DIRECTION('',(0.965925532481,-0.258820141608,0.));
#525 = DEFINITIONAL_REPRESENTATION('',(#526),#530);
#526 = LINE('',#527,#528);
#527 = CARTESIAN_POINT('',(-4.547333883829E-03,0.104168269703));
#528 = VECTOR('',#529,1.);
#529 = DIRECTION('',(1.,0.));
#530 = ( GEOMETRIC_REPRESENTATION_CONTEXT(2) 
PARAMETRIC_REPRESENTATION_CONTEXT() REPRESENTATION_CONTEXT('2D SPACE',''
  ) );
#531 = ORIENTED_EDGE('',*,*,#532,.T.);
#532 = EDGE_CURVE('',#505,#533,#535,.T.);
#533 = VERTEX_POINT('',#534);
#534 = CARTESIAN_POINT('',(-6.160349026322E-02,-0.354910254478,
    1.174999952316));
#535 = SURFACE_CURVE('',#536,(#540,#547),.PCURVE_S1.);
#536 = LINE('',#537,#538);
#537 = CARTESIAN_POINT('',(-7.896830886602E-02,-0.35339102149,
    1.174999952316));
#538 = VECTOR('',#539,1.);
#539 = DIRECTION('',(0.996194657166,-8.715621053178E-02,0.));
#540 = PCURVE('',#32,#541);
#541 = DEFINITIONAL_REPRESENTATION('',(#542),#546);
#542 = LINE('',#543,#544);
#543 = CARTESIAN_POINT('',(-0.343881900168,-0.35339102149));
#544 = VECTOR('',#545,1.);
#545 = DIRECTION('',(0.996194657166,-8.715621053178E-02));
#546 = ( GEOMETRIC_REPRESENTATION_CONTEXT(2) 
PARAMETRIC_REPRESENTATION_CONTEXT() REPRESENTATION_CONTEXT('2D SPACE',''
  ) );
#547 = PCURVE('',#548,#553);
#548 = PLANE('',#549);
#549 = AXIS2_PLACEMENT_3D('',#550,#551,#552);
#550 = CARTESIAN_POINT('',(-7.4438281687E-02,-0.353787349657,
    1.279168219877));
#551 = DIRECTION('',(8.715621053178E-02,0.996194657166,0.));
#552 = DIRECTION('',(0.996194657166,-8.715621053178E-02,0.));
#553 = DEFINITIONAL_REPRESENTATION('',(#554),#558);
#554 = LINE('',#555,#556);
#555 = CARTESIAN_POINT('',(-4.547331333734E-03,0.104168267561));
#556 = VECTOR('',#557,1.);
#557 = DIRECTION('',(1.,0.));
#558 = ( GEOMETRIC_REPRESENTATION_CONTEXT(2) 
PARAMETRIC_REPRESENTATION_CONTEXT() REPRESENTATION_CONTEXT('2D SPACE',''
  ) );
#559 = ORIENTED_EDGE('',*,*,#560,.T.);
#560 = EDGE_CURVE('',#533,#561,#563,.T.);
#561 = VERTEX_POINT('',#562);
#562 = CARTESIAN_POINT('',(0.591270029545,-0.354910254478,1.174999952316
    ));
#563 = SURFACE_CURVE('',#564,(#568,#575),.PCURVE_S1.);
#564 = LINE('',#565,#566);
#565 = CARTESIAN_POINT('',(-6.160349026322E-02,-0.354910254478,
    1.174999952316));
#566 = VECTOR('',#567,1.);
#567 = DIRECTION('',(1.,0.,0.));
#568 = PCURVE('',#32,#569);
#569 = DEFINITIONAL_REPRESENTATION('',(#570),#574);
#570 = LINE('',#571,#572);
#571 = CARTESIAN_POINT('',(-0.326517081565,-0.354910254478));
#572 = VECTOR('',#573,1.);
#573 = DIRECTION('',(1.,0.));
#574 = ( GEOMETRIC_REPRESENTATION_CONTEXT(2) 
PARAMETRIC_REPRESENTATION_CONTEXT() REPRESENTATION_CONTEXT('2D SPACE',''
  ) );
#575 = PCURVE('',#576,#581);
#576 = PLANE('',#577);
#577 = AXIS2_PLACEMENT_3D('',#578,#579,#580);
#578 = CARTESIAN_POINT('',(0.222320005829,-0.354910254478,1.31751323997)
  );
#579 = DIRECTION('',(0.,1.,0.));
#580 = DIRECTION('',(0.,-0.,1.));
#581 = DEFINITIONAL_REPRESENTATION('',(#582),#586);
#582 = LINE('',#583,#584);
#583 = CARTESIAN_POINT('',(-0.142513287654,-0.283923496092));
#584 = VECTOR('',#585,1.);
#585 = DIRECTION('',(0.,1.));
#586 = ( GEOMETRIC_REPRESENTATION_CONTEXT(2) 
PARAMETRIC_REPRESENTATION_CONTEXT() REPRESENTATION_CONTEXT('2D SPACE',''
  ) );
#587 = ORIENTED_EDGE('',*,*,#588,.T.);
#588 = EDGE_CURVE('',#561,#589,#591,.T.);
#589 = VERTEX_POINT('',#590);
#590 = CARTESIAN_POINT('',(0.608634889126,-0.35339102149,1.174999952316)
  );
#591 = SURFACE_CURVE('',#592,(#596,#603),.PCURVE_S1.);
#592 = LINE('',#593,#594);
#593 = CARTESIAN_POINT('',(0.591270029545,-0.354910254478,1.174999952316
    ));
#594 = VECTOR('',#595,1.);
#595 = DIRECTION('',(0.996194675023,8.715600641989E-02,0.));
#596 = PCURVE('',#32,#597);
#597 = DEFINITIONAL_REPRESENTATION('',(#598),#602);
#598 = LINE('',#599,#600);
#599 = CARTESIAN_POINT('',(0.326356438243,-0.354910254478));
#600 = VECTOR('',#601,1.);
#601 = DIRECTION('',(0.996194675023,8.715600641989E-02));
#602 = ( GEOMETRIC_REPRESENTATION_CONTEXT(2) 
PARAMETRIC_REPRESENTATION_CONTEXT() REPRESENTATION_CONTEXT('2D SPACE',''
  ) );
#603 = PCURVE('',#604,#609);
#604 = PLANE('',#605);
#605 = AXIS2_PLACEMENT_3D('',#606,#607,#608);
#606 = CARTESIAN_POINT('',(0.604104850816,-0.353787349696,1.27083172312)
  );
#607 = DIRECTION('',(-8.715600641989E-02,0.996194675023,0.));
#608 = DIRECTION('',(0.996194675023,8.715600641989E-02,0.));
#609 = DEFINITIONAL_REPRESENTATION('',(#610),#614);
#610 = LINE('',#611,#612);
#611 = CARTESIAN_POINT('',(-1.288384850179E-02,9.583177080367E-02));
#612 = VECTOR('',#613,1.);
#613 = DIRECTION('',(1.,0.));
#614 = ( GEOMETRIC_REPRESENTATION_CONTEXT(2) 
PARAMETRIC_REPRESENTATION_CONTEXT() REPRESENTATION_CONTEXT('2D SPACE',''
  ) );
#615 = ORIENTED_EDGE('',*,*,#616,.T.);
#616 = EDGE_CURVE('',#589,#617,#619,.T.);
#617 = VERTEX_POINT('',#618);
#618 = CARTESIAN_POINT('',(0.625472068787,-0.348879486322,1.174999952316
    ));
#619 = SURFACE_CURVE('',#620,(#624,#631),.PCURVE_S1.);
#620 = LINE('',#621,#622);
#621 = CARTESIAN_POINT('',(0.608634889126,-0.35339102149,1.174999952316)
  );
#622 = VECTOR('',#623,1.);
#623 = DIRECTION('',(0.965925446583,0.258820462181,0.));
#624 = PCURVE('',#32,#625);
#625 = DEFINITIONAL_REPRESENTATION('',(#626),#630);
#626 = LINE('',#627,#628);
#627 = CARTESIAN_POINT('',(0.343721297824,-0.35339102149));
#628 = VECTOR('',#629,1.);
#629 = DIRECTION('',(0.965925446583,0.258820462181));
#630 = ( GEOMETRIC_REPRESENTATION_CONTEXT(2) 
PARAMETRIC_REPRESENTATION_CONTEXT() REPRESENTATION_CONTEXT('2D SPACE',''
  ) );
#631 = PCURVE('',#632,#637);
#632 = PLANE('',#633);
#633 = AXIS2_PLACEMENT_3D('',#634,#635,#636);
#634 = CARTESIAN_POINT('',(0.62107968894,-0.350056427862,1.270831735226)
  );
#635 = DIRECTION('',(-0.258820462181,0.965925446583,0.));
#636 = DIRECTION('',(0.965925446583,0.258820462181,0.));
#637 = DEFINITIONAL_REPRESENTATION('',(#638),#642);
#638 = LINE('',#639,#640);
#639 = CARTESIAN_POINT('',(-1.288380988265E-02,9.583178290936E-02));
#640 = VECTOR('',#641,1.);
#641 = DIRECTION('',(1.,0.));
#642 = ( GEOMETRIC_REPRESENTATION_CONTEXT(2) 
PARAMETRIC_REPRESENTATION_CONTEXT() REPRESENTATION_CONTEXT('2D SPACE',''
  ) );
#643 = ORIENTED_EDGE('',*,*,#644,.T.);
#644 = EDGE_CURVE('',#617,#645,#647,.T.);
#645 = VERTEX_POINT('',#646);
#646 = CARTESIAN_POINT('',(0.64127010107,-0.341512769461,1.174999952316)
  );
#647 = SURFACE_CURVE('',#648,(#652,#659),.PCURVE_S1.);
#648 = LINE('',#649,#650);
#649 = CARTESIAN_POINT('',(0.625472068787,-0.348879486322,1.174999952316
    ));
#650 = VECTOR('',#651,1.);
#651 = DIRECTION('',(0.906308371,0.422617009425,0.));
#652 = PCURVE('',#32,#653);
#653 = DEFINITIONAL_REPRESENTATION('',(#654),#658);
#654 = LINE('',#655,#656);
#655 = CARTESIAN_POINT('',(0.360558477484,-0.348879486322));
#656 = VECTOR('',#657,1.);
#657 = DIRECTION('',(0.906308371,0.422617009425));
#658 = ( GEOMETRIC_REPRESENTATION_CONTEXT(2) 
PARAMETRIC_REPRESENTATION_CONTEXT() REPRESENTATION_CONTEXT('2D SPACE',''
  ) );
#659 = PCURVE('',#660,#665);
#660 = PLANE('',#661);
#661 = AXIS2_PLACEMENT_3D('',#662,#663,#664);
#662 = CARTESIAN_POINT('',(0.6371488071,-0.343434553468,1.270831723616)
  );
#663 = DIRECTION('',(-0.422617009425,0.906308371,0.));
#664 = DIRECTION('',(0.906308371,0.422617009425,0.));
#665 = DEFINITIONAL_REPRESENTATION('',(#666),#670);
#666 = LINE('',#667,#668);
#667 = CARTESIAN_POINT('',(-1.28838469187E-02,9.583177129991E-02));
#668 = VECTOR('',#669,1.);
#669 = DIRECTION('',(1.,0.));
#670 = ( GEOMETRIC_REPRESENTATION_CONTEXT(2) 
PARAMETRIC_REPRESENTATION_CONTEXT() REPRESENTATION_CONTEXT('2D SPACE',''
  ) );
#671 = ORIENTED_EDGE('',*,*,#672,.T.);
#672 = EDGE_CURVE('',#645,#673,#675,.T.);
#673 = VERTEX_POINT('',#674);
#674 = CARTESIAN_POINT('',(0.655548810959,-0.331514686346,1.174999952316
    ));
#675 = SURFACE_CURVE('',#676,(#680,#687),.PCURVE_S1.);
#676 = LINE('',#677,#678);
#677 = CARTESIAN_POINT('',(0.64127010107,-0.341512769461,1.174999952316)
  );
#678 = VECTOR('',#679,1.);
#679 = DIRECTION('',(0.819151429327,0.573577314607,0.));
#680 = PCURVE('',#32,#681);
#681 = DEFINITIONAL_REPRESENTATION('',(#682),#686);
#682 = LINE('',#683,#684);
#683 = CARTESIAN_POINT('',(0.376356509768,-0.341512769461));
#684 = VECTOR('',#685,1.);
#685 = DIRECTION('',(0.819151429327,0.573577314607));
#686 = ( GEOMETRIC_REPRESENTATION_CONTEXT(2) 
PARAMETRIC_REPRESENTATION_CONTEXT() REPRESENTATION_CONTEXT('2D SPACE',''
  ) );
#687 = PCURVE('',#688,#693);
#688 = PLANE('',#689);
#689 = AXIS2_PLACEMENT_3D('',#690,#691,#692);
#690 = CARTESIAN_POINT('',(0.64499504272,-0.338904531287,1.279168208273)
  );
#691 = DIRECTION('',(-0.573577314607,0.819151429327,0.));
#692 = DIRECTION('',(0.819151429327,0.573577314607,0.));
#693 = DEFINITIONAL_REPRESENTATION('',(#694),#698);
#694 = LINE('',#695,#696);
#695 = CARTESIAN_POINT('',(-4.547317523765E-03,0.104168255957));
#696 = VECTOR('',#697,1.);
#697 = DIRECTION('',(1.,0.));
#698 = ( GEOMETRIC_REPRESENTATION_CONTEXT(2) 
PARAMETRIC_REPRESENTATION_CONTEXT() REPRESENTATION_CONTEXT('2D SPACE',''
  ) );
#699 = ORIENTED_EDGE('',*,*,#700,.T.);
#700 = EDGE_CURVE('',#673,#701,#703,.T.);
#701 = VERTEX_POINT('',#702);
#702 = CARTESIAN_POINT('',(0.667874515057,-0.319189012051,1.174999952316
    ));
#703 = SURFACE_CURVE('',#704,(#708,#715),.PCURVE_S1.);
#704 = LINE('',#705,#706);
#705 = CARTESIAN_POINT('',(0.655548810959,-0.331514686346,1.174999952316
    ));
#706 = VECTOR('',#707,1.);
#707 = DIRECTION('',(0.707107636044,0.707105926328,0.));
#708 = PCURVE('',#32,#709);
#709 = DEFINITIONAL_REPRESENTATION('',(#710),#714);
#710 = LINE('',#711,#712);
#711 = CARTESIAN_POINT('',(0.390635219657,-0.331514686346));
#712 = VECTOR('',#713,1.);
#713 = DIRECTION('',(0.707107636044,0.707105926328));
#714 = ( GEOMETRIC_REPRESENTATION_CONTEXT(2) 
PARAMETRIC_REPRESENTATION_CONTEXT() REPRESENTATION_CONTEXT('2D SPACE',''
  ) );
#715 = PCURVE('',#716,#721);
#716 = PLANE('',#717);
#717 = AXIS2_PLACEMENT_3D('',#718,#719,#720);
#718 = CARTESIAN_POINT('',(0.65876426496,-0.328299240119,1.279168221412)
  );
#719 = DIRECTION('',(-0.707105926328,0.707107636044,0.));
#720 = DIRECTION('',(0.707107636044,0.707105926328,0.));
#721 = DEFINITIONAL_REPRESENTATION('',(#722),#726);
#722 = LINE('',#723,#724);
#723 = CARTESIAN_POINT('',(-4.547333160275E-03,0.104168269095));
#724 = VECTOR('',#725,1.);
#725 = DIRECTION('',(1.,0.));
#726 = ( GEOMETRIC_REPRESENTATION_CONTEXT(2) 
PARAMETRIC_REPRESENTATION_CONTEXT() REPRESENTATION_CONTEXT('2D SPACE',''
  ) );
#727 = ORIENTED_EDGE('',*,*,#728,.T.);
#728 = EDGE_CURVE('',#701,#729,#731,.T.);
#729 = VERTEX_POINT('',#730);
#730 = CARTESIAN_POINT('',(0.677872598171,-0.304910242558,1.174999952316
    ));
#731 = SURFACE_CURVE('',#732,(#736,#743),.PCURVE_S1.);
#732 = LINE('',#733,#734);
#733 = CARTESIAN_POINT('',(0.667874515057,-0.319189012051,1.174999952316
    ));
#734 = VECTOR('',#735,1.);
#735 = DIRECTION('',(0.573575707997,0.819152554288,0.));
#736 = PCURVE('',#32,#737);
#737 = DEFINITIONAL_REPRESENTATION('',(#738),#742);
#738 = LINE('',#739,#740);
#739 = CARTESIAN_POINT('',(0.402960923754,-0.319189012051));
#740 = VECTOR('',#741,1.);
#741 = DIRECTION('',(0.573575707997,0.819152554288));
#742 = ( GEOMETRIC_REPRESENTATION_CONTEXT(2) 
PARAMETRIC_REPRESENTATION_CONTEXT() REPRESENTATION_CONTEXT('2D SPACE',''
  ) );
#743 = PCURVE('',#744,#749);
#744 = PLANE('',#745);
#745 = AXIS2_PLACEMENT_3D('',#746,#747,#748);
#746 = CARTESIAN_POINT('',(0.670482753534,-0.315464054419,1.27916821942)
  );
#747 = DIRECTION('',(-0.819152554288,0.573575707997,-0.));
#748 = DIRECTION('',(-0.573575707997,-0.819152554288,0.));
#749 = DEFINITIONAL_REPRESENTATION('',(#750),#754);
#750 = LINE('',#751,#752);
#751 = CARTESIAN_POINT('',(4.547330789912E-03,-0.104168267104));
#752 = VECTOR('',#753,1.);
#753 = DIRECTION('',(-1.,0.));
#754 = ( GEOMETRIC_REPRESENTATION_CONTEXT(2) 
PARAMETRIC_REPRESENTATION_CONTEXT() REPRESENTATION_CONTEXT('2D SPACE',''
  ) );
#755 = ORIENTED_EDGE('',*,*,#756,.T.);
#756 = EDGE_CURVE('',#729,#757,#759,.T.);
#757 = VERTEX_POINT('',#758);
#758 = CARTESIAN_POINT('',(0.685239315033,-0.289112240076,1.174999952316
    ));
#759 = SURFACE_CURVE('',#760,(#764,#771),.PCURVE_S1.);
#760 = LINE('',#761,#762);
#761 = CARTESIAN_POINT('',(0.677872598171,-0.304910242558,1.174999952316
    ));
#762 = VECTOR('',#763,1.);
#763 = DIRECTION('',(0.422617664282,0.906308065636,0.));
#764 = PCURVE('',#32,#765);
#765 = DEFINITIONAL_REPRESENTATION('',(#766),#770);
#766 = LINE('',#767,#768);
#767 = CARTESIAN_POINT('',(0.412959006869,-0.304910242558));
#768 = VECTOR('',#769,1.);
#769 = DIRECTION('',(0.422617664282,0.906308065636));
#770 = ( GEOMETRIC_REPRESENTATION_CONTEXT(2) 
PARAMETRIC_REPRESENTATION_CONTEXT() REPRESENTATION_CONTEXT('2D SPACE',''
  ) );
#771 = PCURVE('',#772,#777);
#772 = PLANE('',#773);
#773 = AXIS2_PLACEMENT_3D('',#774,#775,#776);
#774 = CARTESIAN_POINT('',(0.679794382055,-0.300788956627,1.279168222534
    ));
#775 = DIRECTION('',(-0.906308065636,0.422617664282,-0.));
#776 = DIRECTION('',(-0.422617664282,-0.906308065636,0.));
#777 = DEFINITIONAL_REPRESENTATION('',(#778),#782);
#778 = LINE('',#779,#780);
#779 = CARTESIAN_POINT('',(4.547334495984E-03,-0.104168270218));
#780 = VECTOR('',#781,1.);
#781 = DIRECTION('',(-1.,0.));
#782 = ( GEOMETRIC_REPRESENTATION_CONTEXT(2) 
PARAMETRIC_REPRESENTATION_CONTEXT() REPRESENTATION_CONTEXT('2D SPACE',''
  ) );
#783 = ORIENTED_EDGE('',*,*,#784,.T.);
#784 = EDGE_CURVE('',#757,#785,#787,.T.);
#785 = VERTEX_POINT('',#786);
#786 = CARTESIAN_POINT('',(0.689750850201,-0.272275030613,1.174999952316
    ));
#787 = SURFACE_CURVE('',#788,(#792,#799),.PCURVE_S1.);
#788 = LINE('',#789,#790);
#789 = CARTESIAN_POINT('',(0.685239315033,-0.289112240076,1.174999952316
    ));
#790 = VECTOR('',#791,1.);
#791 = DIRECTION('',(0.25882003475,0.965925561113,0.));
#792 = PCURVE('',#32,#793);
#793 = DEFINITIONAL_REPRESENTATION('',(#794),#798);
#794 = LINE('',#795,#796);
#795 = CARTESIAN_POINT('',(0.420325723731,-0.289112240076));
#796 = VECTOR('',#797,1.);
#797 = DIRECTION('',(0.25882003475,0.965925561113));
#798 = ( GEOMETRIC_REPRESENTATION_CONTEXT(2) 
PARAMETRIC_REPRESENTATION_CONTEXT() REPRESENTATION_CONTEXT('2D SPACE',''
  ) );
#799 = PCURVE('',#800,#805);
#800 = PLANE('',#801);
#801 = AXIS2_PLACEMENT_3D('',#802,#803,#804);
#802 = CARTESIAN_POINT('',(0.686416256653,-0.284719852154,1.279168223662
    ));
#803 = DIRECTION('',(-0.965925561113,0.25882003475,-0.));
#804 = DIRECTION('',(-0.25882003475,-0.965925561113,0.));
#805 = DEFINITIONAL_REPRESENTATION('',(#806),#810);
#806 = LINE('',#807,#808);
#807 = CARTESIAN_POINT('',(4.547335839223E-03,-0.104168271346));
#808 = VECTOR('',#809,1.);
#809 = DIRECTION('',(-1.,0.));
#810 = ( GEOMETRIC_REPRESENTATION_CONTEXT(2) 
PARAMETRIC_REPRESENTATION_CONTEXT() REPRESENTATION_CONTEXT('2D SPACE',''
  ) );
#811 = ORIENTED_EDGE('',*,*,#812,.T.);
#812 = EDGE_CURVE('',#785,#813,#815,.T.);
#813 = VERTEX_POINT('',#814);
#814 = CARTESIAN_POINT('',(0.691270053387,-0.254910230637,1.174999952316
    ));
#815 = SURFACE_CURVE('',#816,(#820,#827),.PCURVE_S1.);
#816 = LINE('',#817,#818);
#817 = CARTESIAN_POINT('',(0.689750850201,-0.272275030613,1.174999952316
    ));
#818 = VECTOR('',#819,1.);
#819 = DIRECTION('',(8.715460657907E-02,0.996194797493,0.));
#820 = PCURVE('',#32,#821);
#821 = DEFINITIONAL_REPRESENTATION('',(#822),#826);
#822 = LINE('',#823,#824);
#823 = CARTESIAN_POINT('',(0.424837258898,-0.272275030613));
#824 = VECTOR('',#825,1.);
#825 = DIRECTION('',(8.715460657907E-02,0.996194797493));
#826 = ( GEOMETRIC_REPRESENTATION_CONTEXT(2) 
PARAMETRIC_REPRESENTATION_CONTEXT() REPRESENTATION_CONTEXT('2D SPACE',''
  ) );
#827 = PCURVE('',#828,#833);
#828 = PLANE('',#829);
#829 = AXIS2_PLACEMENT_3D('',#830,#831,#832);
#830 = CARTESIAN_POINT('',(0.690147170573,-0.267745008521,1.279168215048
    ));
#831 = DIRECTION('',(-0.996194797493,8.715460657907E-02,-0.));
#832 = DIRECTION('',(-8.715460657907E-02,-0.996194797493,0.));
#833 = DEFINITIONAL_REPRESENTATION('',(#834),#838);
#834 = LINE('',#835,#836);
#835 = CARTESIAN_POINT('',(4.547325586322E-03,-0.104168262732));
#836 = VECTOR('',#837,1.);
#837 = DIRECTION('',(-1.,0.));
#838 = ( GEOMETRIC_REPRESENTATION_CONTEXT(2) 
PARAMETRIC_REPRESENTATION_CONTEXT() REPRESENTATION_CONTEXT('2D SPACE',''
  ) );
#839 = ORIENTED_EDGE('',*,*,#840,.T.);
#840 = EDGE_CURVE('',#813,#841,#843,.T.);
#841 = VERTEX_POINT('',#842);
#842 = CARTESIAN_POINT('',(0.691270053387,0.254910230637,1.174999952316)
  );
#843 = SURFACE_CURVE('',#844,(#848,#855),.PCURVE_S1.);
#844 = LINE('',#845,#846);
#845 = CARTESIAN_POINT('',(0.691270053387,-0.254910230637,1.174999952316
    ));
#846 = VECTOR('',#847,1.);
#847 = DIRECTION('',(0.,1.,0.));
#848 = PCURVE('',#32,#849);
#849 = DEFINITIONAL_REPRESENTATION('',(#850),#854);
#850 = LINE('',#851,#852);
#851 = CARTESIAN_POINT('',(0.426356462084,-0.254910230637));
#852 = VECTOR('',#853,1.);
#853 = DIRECTION('',(0.,1.));
#854 = ( GEOMETRIC_REPRESENTATION_CONTEXT(2) 
PARAMETRIC_REPRESENTATION_CONTEXT() REPRESENTATION_CONTEXT('2D SPACE',''
  ) );
#855 = PCURVE('',#856,#861);
#856 = PLANE('',#857);
#857 = AXIS2_PLACEMENT_3D('',#858,#859,#860);
#858 = CARTESIAN_POINT('',(0.691270053387,4.054344909272E-02,
    1.234456527065));
#859 = DIRECTION('',(-1.,-0.,-0.));
#860 = DIRECTION('',(0.,0.,-1.));
#861 = DEFINITIONAL_REPRESENTATION('',(#862),#866);
#862 = LINE('',#863,#864);
#863 = CARTESIAN_POINT('',(5.945657474914E-02,0.295453679729));
#864 = VECTOR('',#865,1.);
#865 = DIRECTION('',(0.,-1.));
#866 = ( GEOMETRIC_REPRESENTATION_CONTEXT(2) 
PARAMETRIC_REPRESENTATION_CONTEXT() REPRESENTATION_CONTEXT('2D SPACE',''
  ) );
#867 = ORIENTED_EDGE('',*,*,#868,.T.);
#868 = EDGE_CURVE('',#841,#869,#871,.T.);
#869 = VERTEX_POINT('',#870);
#870 = CARTESIAN_POINT('',(0.689750850201,0.272275030613,1.174999952316)
  );
#871 = SURFACE_CURVE('',#872,(#876,#883),.PCURVE_S1.);
#872 = LINE('',#873,#874);
#873 = CARTESIAN_POINT('',(0.691270053387,0.254910230637,1.174999952316)
  );
#874 = VECTOR('',#875,1.);
#875 = DIRECTION('',(-8.715460657907E-02,0.996194797493,0.));
#876 = PCURVE('',#32,#877);
#877 = DEFINITIONAL_REPRESENTATION('',(#878),#882);
#878 = LINE('',#879,#880);
#879 = CARTESIAN_POINT('',(0.426356462084,0.254910230637));
#880 = VECTOR('',#881,1.);
#881 = DIRECTION('',(-8.715460657907E-02,0.996194797493));
#882 = ( GEOMETRIC_REPRESENTATION_CONTEXT(2) 
PARAMETRIC_REPRESENTATION_CONTEXT() REPRESENTATION_CONTEXT('2D SPACE',''
  ) );
#883 = PCURVE('',#884,#889);
#884 = PLANE('',#885);
#885 = AXIS2_PLACEMENT_3D('',#886,#887,#888);
#886 = CARTESIAN_POINT('',(0.690873733014,0.259440252728,1.279168215048)
  );
#887 = DIRECTION('',(-0.996194797493,-8.715460657907E-02,-0.));
#888 = DIRECTION('',(8.715460657907E-02,-0.996194797493,0.));
#889 = DEFINITIONAL_REPRESENTATION('',(#890),#894);
#890 = LINE('',#891,#892);
#891 = CARTESIAN_POINT('',(4.547325586322E-03,-0.104168262732));
#892 = VECTOR('',#893,1.);
#893 = DIRECTION('',(-1.,0.));
#894 = ( GEOMETRIC_REPRESENTATION_CONTEXT(2) 
PARAMETRIC_REPRESENTATION_CONTEXT() REPRESENTATION_CONTEXT('2D SPACE',''
  ) );
#895 = ORIENTED_EDGE('',*,*,#896,.T.);
#896 = EDGE_CURVE('',#869,#897,#899,.T.);
#897 = VERTEX_POINT('',#898);
#898 = CARTESIAN_POINT('',(0.685239315033,0.289112240076,1.174999952316)
  );
#899 = SURFACE_CURVE('',#900,(#904,#911),.PCURVE_S1.);
#900 = LINE('',#901,#902);
#901 = CARTESIAN_POINT('',(0.689750850201,0.272275030613,1.174999952316)
  );
#902 = VECTOR('',#903,1.);
#903 = DIRECTION('',(-0.25882003475,0.965925561113,0.));
#904 = PCURVE('',#32,#905);
#905 = DEFINITIONAL_REPRESENTATION('',(#906),#910);
#906 = LINE('',#907,#908);
#907 = CARTESIAN_POINT('',(0.424837258898,0.272275030613));
#908 = VECTOR('',#909,1.);
#909 = DIRECTION('',(-0.25882003475,0.965925561113));
#910 = ( GEOMETRIC_REPRESENTATION_CONTEXT(2) 
PARAMETRIC_REPRESENTATION_CONTEXT() REPRESENTATION_CONTEXT('2D SPACE',''
  ) );
#911 = PCURVE('',#912,#917);
#912 = PLANE('',#913);
#913 = AXIS2_PLACEMENT_3D('',#914,#915,#916);
#914 = CARTESIAN_POINT('',(0.686416256653,0.284719852154,1.270831728654)
  );
#915 = DIRECTION('',(-0.965925561113,-0.25882003475,-0.));
#916 = DIRECTION('',(0.25882003475,-0.965925561113,0.));
#917 = DEFINITIONAL_REPRESENTATION('',(#918),#922);
#918 = LINE('',#919,#920);
#919 = CARTESIAN_POINT('',(1.28838308479E-02,-9.583177633752E-02));
#920 = VECTOR('',#921,1.);
#921 = DIRECTION('',(-1.,0.));
#922 = ( GEOMETRIC_REPRESENTATION_CONTEXT(2) 
PARAMETRIC_REPRESENTATION_CONTEXT() REPRESENTATION_CONTEXT('2D SPACE',''
  ) );
#923 = ORIENTED_EDGE('',*,*,#924,.T.);
#924 = EDGE_CURVE('',#897,#925,#927,.T.);
#925 = VERTEX_POINT('',#926);
#926 = CARTESIAN_POINT('',(0.677872598171,0.304910242558,1.174999952316)
  );
#927 = SURFACE_CURVE('',#928,(#932,#939),.PCURVE_S1.);
#928 = LINE('',#929,#930);
#929 = CARTESIAN_POINT('',(0.685239315033,0.289112240076,1.174999952316)
  );
#930 = VECTOR('',#931,1.);
#931 = DIRECTION('',(-0.422617664282,0.906308065636,0.));
#932 = PCURVE('',#32,#933);
#933 = DEFINITIONAL_REPRESENTATION('',(#934),#938);
#934 = LINE('',#935,#936);
#935 = CARTESIAN_POINT('',(0.420325723731,0.289112240076));
#936 = VECTOR('',#937,1.);
#937 = DIRECTION('',(-0.422617664282,0.906308065636));
#938 = ( GEOMETRIC_REPRESENTATION_CONTEXT(2) 
PARAMETRIC_REPRESENTATION_CONTEXT() REPRESENTATION_CONTEXT('2D SPACE',''
  ) );
#939 = PCURVE('',#940,#945);
#940 = PLANE('',#941);
#941 = AXIS2_PLACEMENT_3D('',#942,#943,#944);
#942 = CARTESIAN_POINT('',(0.68331753115,0.293233526007,1.279168222534)
  );
#943 = DIRECTION('',(-0.906308065636,-0.422617664282,-0.));
#944 = DIRECTION('',(0.422617664282,-0.906308065636,0.));
#945 = DEFINITIONAL_REPRESENTATION('',(#946),#950);
#946 = LINE('',#947,#948);
#947 = CARTESIAN_POINT('',(4.547334495984E-03,-0.104168270218));
#948 = VECTOR('',#949,1.);
#949 = DIRECTION('',(-1.,0.));
#950 = ( GEOMETRIC_REPRESENTATION_CONTEXT(2) 
PARAMETRIC_REPRESENTATION_CONTEXT() REPRESENTATION_CONTEXT('2D SPACE',''
  ) );
#951 = ORIENTED_EDGE('',*,*,#952,.T.);
#952 = EDGE_CURVE('',#925,#953,#955,.T.);
#953 = VERTEX_POINT('',#954);
#954 = CARTESIAN_POINT('',(0.667874515057,0.319189012051,1.174999952316)
  );
#955 = SURFACE_CURVE('',#956,(#960,#967),.PCURVE_S1.);
#956 = LINE('',#957,#958);
#957 = CARTESIAN_POINT('',(0.677872598171,0.304910242558,1.174999952316)
  );
#958 = VECTOR('',#959,1.);
#959 = DIRECTION('',(-0.573575707997,0.819152554288,0.));
#960 = PCURVE('',#32,#961);
#961 = DEFINITIONAL_REPRESENTATION('',(#962),#966);
#962 = LINE('',#963,#964);
#963 = CARTESIAN_POINT('',(0.412959006869,0.304910242558));
#964 = VECTOR('',#965,1.);
#965 = DIRECTION('',(-0.573575707997,0.819152554288));
#966 = ( GEOMETRIC_REPRESENTATION_CONTEXT(2) 
PARAMETRIC_REPRESENTATION_CONTEXT() REPRESENTATION_CONTEXT('2D SPACE',''
  ) );
#967 = PCURVE('',#968,#973);
#968 = PLANE('',#969);
#969 = AXIS2_PLACEMENT_3D('',#970,#971,#972);
#970 = CARTESIAN_POINT('',(0.675264359694,0.308635200189,1.27916821942)
  );
#971 = DIRECTION('',(-0.819152554288,-0.573575707997,-0.));
#972 = DIRECTION('',(0.573575707997,-0.819152554288,0.));
#973 = DEFINITIONAL_REPRESENTATION('',(#974),#978);
#974 = LINE('',#975,#976);
#975 = CARTESIAN_POINT('',(4.547330789912E-03,-0.104168267104));
#976 = VECTOR('',#977,1.);
#977 = DIRECTION('',(-1.,0.));
#978 = ( GEOMETRIC_REPRESENTATION_CONTEXT(2) 
PARAMETRIC_REPRESENTATION_CONTEXT() REPRESENTATION_CONTEXT('2D SPACE',''
  ) );
#979 = ORIENTED_EDGE('',*,*,#980,.T.);
#980 = EDGE_CURVE('',#953,#981,#983,.T.);
#981 = VERTEX_POINT('',#982);
#982 = CARTESIAN_POINT('',(0.655548810959,0.331514686346,1.174999952316)
  );
#983 = SURFACE_CURVE('',#984,(#988,#995),.PCURVE_S1.);
#984 = LINE('',#985,#986);
#985 = CARTESIAN_POINT('',(0.667874515057,0.319189012051,1.174999952316)
  );
#986 = VECTOR('',#987,1.);
#987 = DIRECTION('',(-0.707107636044,0.707105926328,0.));
#988 = PCURVE('',#32,#989);
#989 = DEFINITIONAL_REPRESENTATION('',(#990),#994);
#990 = LINE('',#991,#992);
#991 = CARTESIAN_POINT('',(0.402960923754,0.319189012051));
#992 = VECTOR('',#993,1.);
#993 = DIRECTION('',(-0.707107636044,0.707105926328));
#994 = ( GEOMETRIC_REPRESENTATION_CONTEXT(2) 
PARAMETRIC_REPRESENTATION_CONTEXT() REPRESENTATION_CONTEXT('2D SPACE',''
  ) );
#995 = PCURVE('',#996,#1001);
#996 = PLANE('',#997);
#997 = AXIS2_PLACEMENT_3D('',#998,#999,#1000);
#998 = CARTESIAN_POINT('',(0.664659061055,0.322404458277,1.279168221412)
  );
#999 = DIRECTION('',(-0.707105926328,-0.707107636044,-0.));
#1000 = DIRECTION('',(-0.707107636044,0.707105926328,0.));
#1001 = DEFINITIONAL_REPRESENTATION('',(#1002),#1006);
#1002 = LINE('',#1003,#1004);
#1003 = CARTESIAN_POINT('',(-4.547333160276E-03,0.104168269095));
#1004 = VECTOR('',#1005,1.);
#1005 = DIRECTION('',(1.,0.));
#1006 = ( GEOMETRIC_REPRESENTATION_CONTEXT(2) 
PARAMETRIC_REPRESENTATION_CONTEXT() REPRESENTATION_CONTEXT('2D SPACE',''
  ) );
#1007 = ORIENTED_EDGE('',*,*,#1008,.T.);
#1008 = EDGE_CURVE('',#981,#1009,#1011,.T.);
#1009 = VERTEX_POINT('',#1010);
#1010 = CARTESIAN_POINT('',(0.64127010107,0.341512769461,1.174999952316)
  );
#1011 = SURFACE_CURVE('',#1012,(#1016,#1023),.PCURVE_S1.);
#1012 = LINE('',#1013,#1014);
#1013 = CARTESIAN_POINT('',(0.655548810959,0.331514686346,1.174999952316
    ));
#1014 = VECTOR('',#1015,1.);
#1015 = DIRECTION('',(-0.819151429327,0.573577314607,0.));
#1016 = PCURVE('',#32,#1017);
#1017 = DEFINITIONAL_REPRESENTATION('',(#1018),#1022);
#1018 = LINE('',#1019,#1020);
#1019 = CARTESIAN_POINT('',(0.390635219657,0.331514686346));
#1020 = VECTOR('',#1021,1.);
#1021 = DIRECTION('',(-0.819151429327,0.573577314607));
#1022 = ( GEOMETRIC_REPRESENTATION_CONTEXT(2) 
PARAMETRIC_REPRESENTATION_CONTEXT() REPRESENTATION_CONTEXT('2D SPACE',''
  ) );
#1023 = PCURVE('',#1024,#1029);
#1024 = PLANE('',#1025);
#1025 = AXIS2_PLACEMENT_3D('',#1026,#1027,#1028);
#1026 = CARTESIAN_POINT('',(0.65182386931,0.33412292452,1.279168208273)
  );
#1027 = DIRECTION('',(-0.573577314607,-0.819151429327,-0.));
#1028 = DIRECTION('',(-0.819151429327,0.573577314607,0.));
#1029 = DEFINITIONAL_REPRESENTATION('',(#1030),#1034);
#1030 = LINE('',#1031,#1032);
#1031 = CARTESIAN_POINT('',(-4.547317523765E-03,0.104168255957));
#1032 = VECTOR('',#1033,1.);
#1033 = DIRECTION('',(1.,0.));
#1034 = ( GEOMETRIC_REPRESENTATION_CONTEXT(2) 
PARAMETRIC_REPRESENTATION_CONTEXT() REPRESENTATION_CONTEXT('2D SPACE',''
  ) );
#1035 = ORIENTED_EDGE('',*,*,#1036,.T.);
#1036 = EDGE_CURVE('',#1009,#1037,#1039,.T.);
#1037 = VERTEX_POINT('',#1038);
#1038 = CARTESIAN_POINT('',(0.625472068787,0.348879486322,1.174999952316
    ));
#1039 = SURFACE_CURVE('',#1040,(#1044,#1051),.PCURVE_S1.);
#1040 = LINE('',#1041,#1042);
#1041 = CARTESIAN_POINT('',(0.64127010107,0.341512769461,1.174999952316)
  );
#1042 = VECTOR('',#1043,1.);
#1043 = DIRECTION('',(-0.906308371,0.422617009425,0.));
#1044 = PCURVE('',#32,#1045);
#1045 = DEFINITIONAL_REPRESENTATION('',(#1046),#1050);
#1046 = LINE('',#1047,#1048);
#1047 = CARTESIAN_POINT('',(0.376356509768,0.341512769461));
#1048 = VECTOR('',#1049,1.);
#1049 = DIRECTION('',(-0.906308371,0.422617009425));
#1050 = ( GEOMETRIC_REPRESENTATION_CONTEXT(2) 
PARAMETRIC_REPRESENTATION_CONTEXT() REPRESENTATION_CONTEXT('2D SPACE',''
  ) );
#1051 = PCURVE('',#1052,#1057);
#1052 = PLANE('',#1053);
#1053 = AXIS2_PLACEMENT_3D('',#1054,#1055,#1056);
#1054 = CARTESIAN_POINT('',(0.6371488071,0.343434553468,1.2791682287));
#1055 = DIRECTION('',(-0.422617009425,-0.906308371,-0.));
#1056 = DIRECTION('',(-0.906308371,0.422617009425,0.));
#1057 = DEFINITIONAL_REPRESENTATION('',(#1058),#1062);
#1058 = LINE('',#1059,#1060);
#1059 = CARTESIAN_POINT('',(-4.547341834805E-03,0.104168276384));
#1060 = VECTOR('',#1061,1.);
#1061 = DIRECTION('',(1.,0.));
#1062 = ( GEOMETRIC_REPRESENTATION_CONTEXT(2) 
PARAMETRIC_REPRESENTATION_CONTEXT() REPRESENTATION_CONTEXT('2D SPACE',''
  ) );
#1063 = ORIENTED_EDGE('',*,*,#1064,.T.);
#1064 = EDGE_CURVE('',#1037,#1065,#1067,.T.);
#1065 = VERTEX_POINT('',#1066);
#1066 = CARTESIAN_POINT('',(0.608634889126,0.35339102149,1.174999952316)
  );
#1067 = SURFACE_CURVE('',#1068,(#1072,#1079),.PCURVE_S1.);
#1068 = LINE('',#1069,#1070);
#1069 = CARTESIAN_POINT('',(0.625472068787,0.348879486322,1.174999952316
    ));
#1070 = VECTOR('',#1071,1.);
#1071 = DIRECTION('',(-0.965925446583,0.258820462181,0.));
#1072 = PCURVE('',#32,#1073);
#1073 = DEFINITIONAL_REPRESENTATION('',(#1074),#1078);
#1074 = LINE('',#1075,#1076);
#1075 = CARTESIAN_POINT('',(0.360558477484,0.348879486322));
#1076 = VECTOR('',#1077,1.);
#1077 = DIRECTION('',(-0.965925446583,0.258820462181));
#1078 = ( GEOMETRIC_REPRESENTATION_CONTEXT(2) 
PARAMETRIC_REPRESENTATION_CONTEXT() REPRESENTATION_CONTEXT('2D SPACE',''
  ) );
#1079 = PCURVE('',#1080,#1085);
#1080 = PLANE('',#1081);
#1081 = AXIS2_PLACEMENT_3D('',#1082,#1083,#1084);
#1082 = CARTESIAN_POINT('',(0.62107968894,0.350056427862,1.279168217091)
  );
#1083 = DIRECTION('',(-0.258820462181,-0.965925446583,-0.));
#1084 = DIRECTION('',(-0.965925446583,0.258820462181,0.));
#1085 = DEFINITIONAL_REPRESENTATION('',(#1086),#1090);
#1086 = LINE('',#1087,#1088);
#1087 = CARTESIAN_POINT('',(-4.547328017651E-03,0.104168264774));
#1088 = VECTOR('',#1089,1.);
#1089 = DIRECTION('',(1.,0.));
#1090 = ( GEOMETRIC_REPRESENTATION_CONTEXT(2) 
PARAMETRIC_REPRESENTATION_CONTEXT() REPRESENTATION_CONTEXT('2D SPACE',''
  ) );
#1091 = ORIENTED_EDGE('',*,*,#1092,.T.);
#1092 = EDGE_CURVE('',#1065,#1093,#1095,.T.);
#1093 = VERTEX_POINT('',#1094);
#1094 = CARTESIAN_POINT('',(0.591270029545,0.354910254478,1.174999952316
    ));
#1095 = SURFACE_CURVE('',#1096,(#1100,#1107),.PCURVE_S1.);
#1096 = LINE('',#1097,#1098);
#1097 = CARTESIAN_POINT('',(0.608634889126,0.35339102149,1.174999952316)
  );
#1098 = VECTOR('',#1099,1.);
#1099 = DIRECTION('',(-0.996194675023,8.715600641989E-02,0.));
#1100 = PCURVE('',#32,#1101);
#1101 = DEFINITIONAL_REPRESENTATION('',(#1102),#1106);
#1102 = LINE('',#1103,#1104);
#1103 = CARTESIAN_POINT('',(0.343721297824,0.35339102149));
#1104 = VECTOR('',#1105,1.);
#1105 = DIRECTION('',(-0.996194675023,8.715600641989E-02));
#1106 = ( GEOMETRIC_REPRESENTATION_CONTEXT(2) 
PARAMETRIC_REPRESENTATION_CONTEXT() REPRESENTATION_CONTEXT('2D SPACE',''
  ) );
#1107 = PCURVE('',#1108,#1113);
#1108 = PLANE('',#1109);
#1109 = AXIS2_PLACEMENT_3D('',#1110,#1111,#1112);
#1110 = CARTESIAN_POINT('',(0.595800067855,0.354513926273,1.27083172312)
  );
#1111 = DIRECTION('',(-8.715600641989E-02,-0.996194675023,-0.));
#1112 = DIRECTION('',(-0.996194675023,8.715600641989E-02,0.));
#1113 = DEFINITIONAL_REPRESENTATION('',(#1114),#1118);
#1114 = LINE('',#1115,#1116);
#1115 = CARTESIAN_POINT('',(-1.288384850179E-02,9.583177080367E-02));
#1116 = VECTOR('',#1117,1.);
#1117 = DIRECTION('',(1.,0.));
#1118 = ( GEOMETRIC_REPRESENTATION_CONTEXT(2) 
PARAMETRIC_REPRESENTATION_CONTEXT() REPRESENTATION_CONTEXT('2D SPACE',''
  ) );
#1119 = ORIENTED_EDGE('',*,*,#1120,.T.);
#1120 = EDGE_CURVE('',#1093,#22,#1121,.T.);
#1121 = SURFACE_CURVE('',#1122,(#1126,#1133),.PCURVE_S1.);
#1122 = LINE('',#1123,#1124);
#1123 = CARTESIAN_POINT('',(0.591270029545,0.354910254478,1.174999952316
    ));
#1124 = VECTOR('',#1125,1.);
#1125 = DIRECTION('',(-1.,0.,0.));
#1126 = PCURVE('',#32,#1127);
#1127 = DEFINITIONAL_REPRESENTATION('',(#1128),#1132);
#1128 = LINE('',#1129,#1130);
#1129 = CARTESIAN_POINT('',(0.326356438243,0.354910254478));
#1130 = VECTOR('',#1131,1.);
#1131 = DIRECTION('',(-1.,0.));
#1132 = ( GEOMETRIC_REPRESENTATION_CONTEXT(2) 
PARAMETRIC_REPRESENTATION_CONTEXT() REPRESENTATION_CONTEXT('2D SPACE',''
  ) );
#1133 = PCURVE('',#1134,#1139);
#1134 = PLANE('',#1135);
#1135 = AXIS2_PLACEMENT_3D('',#1136,#1137,#1138);
#1136 = CARTESIAN_POINT('',(0.307346533453,0.354910254478,1.31751323997)
  );
#1137 = DIRECTION('',(-0.,-1.,-0.));
#1138 = DIRECTION('',(0.,0.,-1.));
#1139 = DEFINITIONAL_REPRESENTATION('',(#1140),#1144);
#1140 = LINE('',#1141,#1142);
#1141 = CARTESIAN_POINT('',(0.142513287654,0.283923496092));
#1142 = VECTOR('',#1143,1.);
#1143 = DIRECTION('',(0.,-1.));
#1144 = ( GEOMETRIC_REPRESENTATION_CONTEXT(2) 
PARAMETRIC_REPRESENTATION_CONTEXT() REPRESENTATION_CONTEXT('2D SPACE',''
  ) );
#1145 = FACE_BOUND('',#1146,.T.);
#1146 = EDGE_LOOP('',(#1147,#1176,#1203,#1230));
#1147 = ORIENTED_EDGE('',*,*,#1148,.T.);
#1148 = EDGE_CURVE('',#1149,#1151,#1153,.T.);
#1149 = VERTEX_POINT('',#1150);
#1150 = CARTESIAN_POINT('',(0.134012147784,0.131848707795,1.174999952316
    ));
#1151 = VERTEX_POINT('',#1152);
#1152 = CARTESIAN_POINT('',(0.397421181202,0.131848707795,1.174999952316
    ));
#1153 = SURFACE_CURVE('',#1154,(#1158,#1165),.PCURVE_S1.);
#1154 = LINE('',#1155,#1156);
#1155 = CARTESIAN_POINT('',(0.134012147784,0.131848707795,1.174999952316
    ));
#1156 = VECTOR('',#1157,1.);
#1157 = DIRECTION('',(1.,0.,0.));
#1158 = PCURVE('',#32,#1159);
#1159 = DEFINITIONAL_REPRESENTATION('',(#1160),#1164);
#1160 = LINE('',#1161,#1162);
#1161 = CARTESIAN_POINT('',(-0.130901443518,0.131848707795));
#1162 = VECTOR('',#1163,1.);
#1163 = DIRECTION('',(1.,0.));
#1164 = ( GEOMETRIC_REPRESENTATION_CONTEXT(2) 
PARAMETRIC_REPRESENTATION_CONTEXT() REPRESENTATION_CONTEXT('2D SPACE',''
  ) );
#1165 = PCURVE('',#1166,#1171);
#1166 = PLANE('',#1167);
#1167 = AXIS2_PLACEMENT_3D('',#1168,#1169,#1170);
#1168 = CARTESIAN_POINT('',(0.265716664493,0.131848707795,1.274999976158
    ));
#1169 = DIRECTION('',(0.,1.,0.));
#1170 = DIRECTION('',(0.,-0.,1.));
#1171 = DEFINITIONAL_REPRESENTATION('',(#1172),#1175);
#1172 = B_SPLINE_CURVE_WITH_KNOTS('',1,(#1173,#1174),.UNSPECIFIED.,.F.,
  .F.,(2,2),(0.,0.263409033418),.PIECEWISE_BEZIER_KNOTS.);
#1173 = CARTESIAN_POINT('',(-0.100000023842,-0.131704516709));
#1174 = CARTESIAN_POINT('',(-0.100000023842,0.131704516709));
#1175 = ( GEOMETRIC_REPRESENTATION_CONTEXT(2) 
PARAMETRIC_REPRESENTATION_CONTEXT() REPRESENTATION_CONTEXT('2D SPACE',''
  ) );
#1176 = ORIENTED_EDGE('',*,*,#1177,.T.);
#1177 = EDGE_CURVE('',#1151,#1178,#1180,.T.);
#1178 = VERTEX_POINT('',#1179);
#1179 = CARTESIAN_POINT('',(0.397421181202,-0.131848707795,
    1.174999952316));
#1180 = SURFACE_CURVE('',#1181,(#1185,#1192),.PCURVE_S1.);
#1181 = LINE('',#1182,#1183);
#1182 = CARTESIAN_POINT('',(0.397421181202,0.131848707795,1.174999952316
    ));
#1183 = VECTOR('',#1184,1.);
#1184 = DIRECTION('',(0.,-1.,0.));
#1185 = PCURVE('',#32,#1186);
#1186 = DEFINITIONAL_REPRESENTATION('',(#1187),#1191);
#1187 = LINE('',#1188,#1189);
#1188 = CARTESIAN_POINT('',(0.1325075899,0.131848707795));
#1189 = VECTOR('',#1190,1.);
#1190 = DIRECTION('',(0.,-1.));
#1191 = ( GEOMETRIC_REPRESENTATION_CONTEXT(2) 
PARAMETRIC_REPRESENTATION_CONTEXT() REPRESENTATION_CONTEXT('2D SPACE',''
  ) );
#1192 = PCURVE('',#1193,#1198);
#1193 = PLANE('',#1194);
#1194 = AXIS2_PLACEMENT_3D('',#1195,#1196,#1197);
#1195 = CARTESIAN_POINT('',(0.397421181202,0.,1.274999976158));
#1196 = DIRECTION('',(1.,0.,0.));
#1197 = DIRECTION('',(-0.,0.,1.));
#1198 = DEFINITIONAL_REPRESENTATION('',(#1199),#1202);
#1199 = B_SPLINE_CURVE_WITH_KNOTS('',1,(#1200,#1201),.UNSPECIFIED.,.F.,
  .F.,(2,2),(0.,0.26369741559),.PIECEWISE_BEZIER_KNOTS.);
#1200 = CARTESIAN_POINT('',(-0.100000023842,-0.131848707795));
#1201 = CARTESIAN_POINT('',(-0.100000023842,0.131848707795));
#1202 = ( GEOMETRIC_REPRESENTATION_CONTEXT(2) 
PARAMETRIC_REPRESENTATION_CONTEXT() REPRESENTATION_CONTEXT('2D SPACE',''
  ) );
#1203 = ORIENTED_EDGE('',*,*,#1204,.T.);
#1204 = EDGE_CURVE('',#1178,#1205,#1207,.T.);
#1205 = VERTEX_POINT('',#1206);
#1206 = CARTESIAN_POINT('',(0.134012147784,-0.131848707795,
    1.174999952316));
#1207 = SURFACE_CURVE('',#1208,(#1212,#1219),.PCURVE_S1.);
#1208 = LINE('',#1209,#1210);
#1209 = CARTESIAN_POINT('',(0.397421181202,-0.131848707795,
    1.174999952316));
#1210 = VECTOR('',#1211,1.);
#1211 = DIRECTION('',(-1.,0.,0.));
#1212 = PCURVE('',#32,#1213);
#1213 = DEFINITIONAL_REPRESENTATION('',(#1214),#1218);
#1214 = LINE('',#1215,#1216);
#1215 = CARTESIAN_POINT('',(0.1325075899,-0.131848707795));
#1216 = VECTOR('',#1217,1.);
#1217 = DIRECTION('',(-1.,0.));
#1218 = ( GEOMETRIC_REPRESENTATION_CONTEXT(2) 
PARAMETRIC_REPRESENTATION_CONTEXT() REPRESENTATION_CONTEXT('2D SPACE',''
  ) );
#1219 = PCURVE('',#1220,#1225);
#1220 = PLANE('',#1221);
#1221 = AXIS2_PLACEMENT_3D('',#1222,#1223,#1224);
#1222 = CARTESIAN_POINT('',(0.265716664493,-0.131848707795,
    1.274999976158));
#1223 = DIRECTION('',(0.,-1.,0.));
#1224 = DIRECTION('',(0.,-0.,-1.));
#1225 = DEFINITIONAL_REPRESENTATION('',(#1226),#1229);
#1226 = B_SPLINE_CURVE_WITH_KNOTS('',1,(#1227,#1228),.UNSPECIFIED.,.F.,
  .F.,(2,2),(0.,0.263409033418),.PIECEWISE_BEZIER_KNOTS.);
#1227 = CARTESIAN_POINT('',(0.100000023842,0.131704516709));
#1228 = CARTESIAN_POINT('',(0.100000023842,-0.131704516709));
#1229 = ( GEOMETRIC_REPRESENTATION_CONTEXT(2) 
PARAMETRIC_REPRESENTATION_CONTEXT() REPRESENTATION_CONTEXT('2D SPACE',''
  ) );
#1230 = ORIENTED_EDGE('',*,*,#1231,.T.);
#1231 = EDGE_CURVE('',#1205,#1149,#1232,.T.);
#1232 = SURFACE_CURVE('',#1233,(#1237,#1244),.PCURVE_S1.);
#1233 = LINE('',#1234,#1235);
#1234 = CARTESIAN_POINT('',(0.134012147784,-0.131848707795,
    1.174999952316));
#1235 = VECTOR('',#1236,1.);
#1236 = DIRECTION('',(0.,1.,0.));
#1237 = PCURVE('',#32,#1238);
#1238 = DEFINITIONAL_REPRESENTATION('',(#1239),#1243);
#1239 = LINE('',#1240,#1241);
#1240 = CARTESIAN_POINT('',(-0.130901443518,-0.131848707795));
#1241 = VECTOR('',#1242,1.);
#1242 = DIRECTION('',(0.,1.));
#1243 = ( GEOMETRIC_REPRESENTATION_CONTEXT(2) 
PARAMETRIC_REPRESENTATION_CONTEXT() REPRESENTATION_CONTEXT('2D SPACE',''
  ) );
#1244 = PCURVE('',#1245,#1250);
#1245 = PLANE('',#1246);
#1246 = AXIS2_PLACEMENT_3D('',#1247,#1248,#1249);
#1247 = CARTESIAN_POINT('',(0.134012147784,0.,1.274999976158));
#1248 = DIRECTION('',(1.,0.,0.));
#1249 = DIRECTION('',(-0.,0.,1.));
#1250 = DEFINITIONAL_REPRESENTATION('',(#1251),#1254);
#1251 = B_SPLINE_CURVE_WITH_KNOTS('',1,(#1252,#1253),.UNSPECIFIED.,.F.,
  .F.,(2,2),(0.,0.26369741559),.PIECEWISE_BEZIER_KNOTS.);
#1252 = CARTESIAN_POINT('',(-0.100000023842,0.131848707795));
#1253 = CARTESIAN_POINT('',(-0.100000023842,-0.131848707795));
#1254 = ( GEOMETRIC_REPRESENTATION_CONTEXT(2) 
PARAMETRIC_REPRESENTATION_CONTEXT() REPRESENTATION_CONTEXT('2D SPACE',''
  ) );
#1255 = ADVANCED_FACE('',(#1256),#1245,.F.);
#1256 = FACE_BOUND('',#1257,.T.);
#1257 = EDGE_LOOP('',(#1258,#1259,#1281,#1308));
#1258 = ORIENTED_EDGE('',*,*,#1231,.F.);
#1259 = ORIENTED_EDGE('',*,*,#1260,.F.);
#1260 = EDGE_CURVE('',#1261,#1205,#1263,.T.);
#1261 = VERTEX_POINT('',#1262);
#1262 = CARTESIAN_POINT('',(0.134012147784,-0.131848707795,1.375));
#1263 = SURFACE_CURVE('',#1264,(#1268,#1274),.PCURVE_S1.);
#1264 = LINE('',#1265,#1266);
#1265 = CARTESIAN_POINT('',(0.134012147784,-0.131848707795,1.375));
#1266 = VECTOR('',#1267,1.);
#1267 = DIRECTION('',(0.,0.,-1.));
#1268 = PCURVE('',#1245,#1269);
#1269 = DEFINITIONAL_REPRESENTATION('',(#1270),#1273);
#1270 = B_SPLINE_CURVE_WITH_KNOTS('',1,(#1271,#1272),.UNSPECIFIED.,.F.,
  .F.,(2,2),(0.,0.200000047684),.PIECEWISE_BEZIER_KNOTS.);
#1271 = CARTESIAN_POINT('',(0.100000023842,0.131848707795));
#1272 = CARTESIAN_POINT('',(-0.100000023842,0.131848707795));
#1273 = ( GEOMETRIC_REPRESENTATION_CONTEXT(2) 
PARAMETRIC_REPRESENTATION_CONTEXT() REPRESENTATION_CONTEXT('2D SPACE',''
  ) );
#1274 = PCURVE('',#1220,#1275);
#1275 = DEFINITIONAL_REPRESENTATION('',(#1276),#1280);
#1276 = LINE('',#1277,#1278);
#1277 = CARTESIAN_POINT('',(-0.100000023842,-0.131704516709));
#1278 = VECTOR('',#1279,1.);
#1279 = DIRECTION('',(1.,0.));
#1280 = ( GEOMETRIC_REPRESENTATION_CONTEXT(2) 
PARAMETRIC_REPRESENTATION_CONTEXT() REPRESENTATION_CONTEXT('2D SPACE',''
  ) );
#1281 = ORIENTED_EDGE('',*,*,#1282,.T.);
#1282 = EDGE_CURVE('',#1261,#1283,#1285,.T.);
#1283 = VERTEX_POINT('',#1284);
#1284 = CARTESIAN_POINT('',(0.134012147784,0.131848707795,1.375));
#1285 = SURFACE_CURVE('',#1286,(#1290,#1297),.PCURVE_S1.);
#1286 = LINE('',#1287,#1288);
#1287 = CARTESIAN_POINT('',(0.134012147784,-0.131848707795,1.375));
#1288 = VECTOR('',#1289,1.);
#1289 = DIRECTION('',(0.,1.,0.));
#1290 = PCURVE('',#1245,#1291);
#1291 = DEFINITIONAL_REPRESENTATION('',(#1292),#1296);
#1292 = LINE('',#1293,#1294);
#1293 = CARTESIAN_POINT('',(0.100000023842,0.131848707795));
#1294 = VECTOR('',#1295,1.);
#1295 = DIRECTION('',(0.,-1.));
#1296 = ( GEOMETRIC_REPRESENTATION_CONTEXT(2) 
PARAMETRIC_REPRESENTATION_CONTEXT() REPRESENTATION_CONTEXT('2D SPACE',''
  ) );
#1297 = PCURVE('',#1298,#1303);
#1298 = PLANE('',#1299);
#1299 = AXIS2_PLACEMENT_3D('',#1300,#1301,#1302);
#1300 = CARTESIAN_POINT('',(0.265716664493,0.,1.375));
#1301 = DIRECTION('',(0.,0.,1.));
#1302 = DIRECTION('',(1.,0.,-0.));
#1303 = DEFINITIONAL_REPRESENTATION('',(#1304),#1307);
#1304 = B_SPLINE_CURVE_WITH_KNOTS('',1,(#1305,#1306),.UNSPECIFIED.,.F.,
  .F.,(2,2),(0.,0.26369741559),.PIECEWISE_BEZIER_KNOTS.);
#1305 = CARTESIAN_POINT('',(-0.131704516709,-0.131848707795));
#1306 = CARTESIAN_POINT('',(-0.131704516709,0.131848707795));
#1307 = ( GEOMETRIC_REPRESENTATION_CONTEXT(2) 
PARAMETRIC_REPRESENTATION_CONTEXT() REPRESENTATION_CONTEXT('2D SPACE',''
  ) );
#1308 = ORIENTED_EDGE('',*,*,#1309,.T.);
#1309 = EDGE_CURVE('',#1283,#1149,#1310,.T.);
#1310 = SURFACE_CURVE('',#1311,(#1315,#1322),.PCURVE_S1.);
#1311 = LINE('',#1312,#1313);
#1312 = CARTESIAN_POINT('',(0.134012147784,0.131848707795,1.375));
#1313 = VECTOR('',#1314,1.);
#1314 = DIRECTION('',(0.,0.,-1.));
#1315 = PCURVE('',#1245,#1316);
#1316 = DEFINITIONAL_REPRESENTATION('',(#1317),#1321);
#1317 = LINE('',#1318,#1319);
#1318 = CARTESIAN_POINT('',(0.100000023842,-0.131848707795));
#1319 = VECTOR('',#1320,1.);
#1320 = DIRECTION('',(-1.,0.));
#1321 = ( GEOMETRIC_REPRESENTATION_CONTEXT(2) 
PARAMETRIC_REPRESENTATION_CONTEXT() REPRESENTATION_CONTEXT('2D SPACE',''
  ) );
#1322 = PCURVE('',#1166,#1323);
#1323 = DEFINITIONAL_REPRESENTATION('',(#1324),#1327);
#1324 = B_SPLINE_CURVE_WITH_KNOTS('',1,(#1325,#1326),.UNSPECIFIED.,.F.,
  .F.,(2,2),(0.,0.200000047684),.PIECEWISE_BEZIER_KNOTS.);
#1325 = CARTESIAN_POINT('',(0.100000023842,-0.131704516709));
#1326 = CARTESIAN_POINT('',(-0.100000023842,-0.131704516709));
#1327 = ( GEOMETRIC_REPRESENTATION_CONTEXT(2) 
PARAMETRIC_REPRESENTATION_CONTEXT() REPRESENTATION_CONTEXT('2D SPACE',''
  ) );
#1328 = ADVANCED_FACE('',(#1329),#1298,.T.);
#1329 = FACE_BOUND('',#1330,.T.);
#1330 = EDGE_LOOP('',(#1331,#1332,#1354,#1376));
#1331 = ORIENTED_EDGE('',*,*,#1282,.F.);
#1332 = ORIENTED_EDGE('',*,*,#1333,.F.);
#1333 = EDGE_CURVE('',#1334,#1261,#1336,.T.);
#1334 = VERTEX_POINT('',#1335);
#1335 = CARTESIAN_POINT('',(0.397421181202,-0.131848707795,1.375));
#1336 = SURFACE_CURVE('',#1337,(#1341,#1347),.PCURVE_S1.);
#1337 = LINE('',#1338,#1339);
#1338 = CARTESIAN_POINT('',(0.397421181202,-0.131848707795,1.375));
#1339 = VECTOR('',#1340,1.);
#1340 = DIRECTION('',(-1.,0.,0.));
#1341 = PCURVE('',#1298,#1342);
#1342 = DEFINITIONAL_REPRESENTATION('',(#1343),#1346);
#1343 = B_SPLINE_CURVE_WITH_KNOTS('',1,(#1344,#1345),.UNSPECIFIED.,.F.,
  .F.,(2,2),(0.,0.263409033418),.PIECEWISE_BEZIER_KNOTS.);
#1344 = CARTESIAN_POINT('',(0.131704516709,-0.131848707795));
#1345 = CARTESIAN_POINT('',(-0.131704516709,-0.131848707795));
#1346 = ( GEOMETRIC_REPRESENTATION_CONTEXT(2) 
PARAMETRIC_REPRESENTATION_CONTEXT() REPRESENTATION_CONTEXT('2D SPACE',''
  ) );
#1347 = PCURVE('',#1220,#1348);
#1348 = DEFINITIONAL_REPRESENTATION('',(#1349),#1353);
#1349 = LINE('',#1350,#1351);
#1350 = CARTESIAN_POINT('',(-0.100000023842,0.131704516709));
#1351 = VECTOR('',#1352,1.);
#1352 = DIRECTION('',(-0.,-1.));
#1353 = ( GEOMETRIC_REPRESENTATION_CONTEXT(2) 
PARAMETRIC_REPRESENTATION_CONTEXT() REPRESENTATION_CONTEXT('2D SPACE',''
  ) );
#1354 = ORIENTED_EDGE('',*,*,#1355,.F.);
#1355 = EDGE_CURVE('',#1356,#1334,#1358,.T.);
#1356 = VERTEX_POINT('',#1357);
#1357 = CARTESIAN_POINT('',(0.397421181202,0.131848707795,1.375));
#1358 = SURFACE_CURVE('',#1359,(#1363,#1369),.PCURVE_S1.);
#1359 = LINE('',#1360,#1361);
#1360 = CARTESIAN_POINT('',(0.397421181202,0.131848707795,1.375));
#1361 = VECTOR('',#1362,1.);
#1362 = DIRECTION('',(0.,-1.,0.));
#1363 = PCURVE('',#1298,#1364);
#1364 = DEFINITIONAL_REPRESENTATION('',(#1365),#1368);
#1365 = B_SPLINE_CURVE_WITH_KNOTS('',1,(#1366,#1367),.UNSPECIFIED.,.F.,
  .F.,(2,2),(0.,0.26369741559),.PIECEWISE_BEZIER_KNOTS.);
#1366 = CARTESIAN_POINT('',(0.131704516709,0.131848707795));
#1367 = CARTESIAN_POINT('',(0.131704516709,-0.131848707795));
#1368 = ( GEOMETRIC_REPRESENTATION_CONTEXT(2) 
PARAMETRIC_REPRESENTATION_CONTEXT() REPRESENTATION_CONTEXT('2D SPACE',''
  ) );
#1369 = PCURVE('',#1193,#1370);
#1370 = DEFINITIONAL_REPRESENTATION('',(#1371),#1375);
#1371 = LINE('',#1372,#1373);
#1372 = CARTESIAN_POINT('',(0.100000023842,-0.131848707795));
#1373 = VECTOR('',#1374,1.);
#1374 = DIRECTION('',(0.,1.));
#1375 = ( GEOMETRIC_REPRESENTATION_CONTEXT(2) 
PARAMETRIC_REPRESENTATION_CONTEXT() REPRESENTATION_CONTEXT('2D SPACE',''
  ) );
#1376 = ORIENTED_EDGE('',*,*,#1377,.F.);
#1377 = EDGE_CURVE('',#1283,#1356,#1378,.T.);
#1378 = SURFACE_CURVE('',#1379,(#1383,#1389),.PCURVE_S1.);
#1379 = LINE('',#1380,#1381);
#1380 = CARTESIAN_POINT('',(0.134012147784,0.131848707795,1.375));
#1381 = VECTOR('',#1382,1.);
#1382 = DIRECTION('',(1.,0.,0.));
#1383 = PCURVE('',#1298,#1384);
#1384 = DEFINITIONAL_REPRESENTATION('',(#1385),#1388);
#1385 = B_SPLINE_CURVE_WITH_KNOTS('',1,(#1386,#1387),.UNSPECIFIED.,.F.,
  .F.,(2,2),(0.,0.263409033418),.PIECEWISE_BEZIER_KNOTS.);
#1386 = CARTESIAN_POINT('',(-0.131704516709,0.131848707795));
#1387 = CARTESIAN_POINT('',(0.131704516709,0.131848707795));
#1388 = ( GEOMETRIC_REPRESENTATION_CONTEXT(2) 
PARAMETRIC_REPRESENTATION_CONTEXT() REPRESENTATION_CONTEXT('2D SPACE',''
  ) );
#1389 = PCURVE('',#1166,#1390);
#1390 = DEFINITIONAL_REPRESENTATION('',(#1391),#1395);
#1391 = LINE('',#1392,#1393);
#1392 = CARTESIAN_POINT('',(0.100000023842,-0.131704516709));
#1393 = VECTOR('',#1394,1.);
#1394 = DIRECTION('',(0.,1.));
#1395 = ( GEOMETRIC_REPRESENTATION_CONTEXT(2) 
PARAMETRIC_REPRESENTATION_CONTEXT() REPRESENTATION_CONTEXT('2D SPACE',''
  ) );
#1396 = ADVANCED_FACE('',(#1397),#1220,.T.);
#1397 = FACE_BOUND('',#1398,.T.);
#1398 = EDGE_LOOP('',(#1399,#1400,#1420,#1421));
#1399 = ORIENTED_EDGE('',*,*,#1204,.F.);
#1400 = ORIENTED_EDGE('',*,*,#1401,.F.);
#1401 = EDGE_CURVE('',#1334,#1178,#1402,.T.);
#1402 = SURFACE_CURVE('',#1403,(#1407,#1413),.PCURVE_S1.);
#1403 = LINE('',#1404,#1405);
#1404 = CARTESIAN_POINT('',(0.397421181202,-0.131848707795,1.375));
#1405 = VECTOR('',#1406,1.);
#1406 = DIRECTION('',(0.,0.,-1.));
#1407 = PCURVE('',#1220,#1408);
#1408 = DEFINITIONAL_REPRESENTATION('',(#1409),#1412);
#1409 = B_SPLINE_CURVE_WITH_KNOTS('',1,(#1410,#1411),.UNSPECIFIED.,.F.,
  .F.,(2,2),(0.,0.200000047684),.PIECEWISE_BEZIER_KNOTS.);
#1410 = CARTESIAN_POINT('',(-0.100000023842,0.131704516709));
#1411 = CARTESIAN_POINT('',(0.100000023842,0.131704516709));
#1412 = ( GEOMETRIC_REPRESENTATION_CONTEXT(2) 
PARAMETRIC_REPRESENTATION_CONTEXT() REPRESENTATION_CONTEXT('2D SPACE',''
  ) );
#1413 = PCURVE('',#1193,#1414);
#1414 = DEFINITIONAL_REPRESENTATION('',(#1415),#1419);
#1415 = LINE('',#1416,#1417);
#1416 = CARTESIAN_POINT('',(0.100000023842,0.131848707795));
#1417 = VECTOR('',#1418,1.);
#1418 = DIRECTION('',(-1.,0.));
#1419 = ( GEOMETRIC_REPRESENTATION_CONTEXT(2) 
PARAMETRIC_REPRESENTATION_CONTEXT() REPRESENTATION_CONTEXT('2D SPACE',''
  ) );
#1420 = ORIENTED_EDGE('',*,*,#1333,.T.);
#1421 = ORIENTED_EDGE('',*,*,#1260,.T.);
#1422 = ADVANCED_FACE('',(#1423),#1193,.T.);
#1423 = FACE_BOUND('',#1424,.T.);
#1424 = EDGE_LOOP('',(#1425,#1426,#1446,#1447));
#1425 = ORIENTED_EDGE('',*,*,#1177,.F.);
#1426 = ORIENTED_EDGE('',*,*,#1427,.T.);
#1427 = EDGE_CURVE('',#1151,#1356,#1428,.T.);
#1428 = SURFACE_CURVE('',#1429,(#1433,#1440),.PCURVE_S1.);
#1429 = LINE('',#1430,#1431);
#1430 = CARTESIAN_POINT('',(0.397421181202,0.131848707795,1.174999952316
    ));
#1431 = VECTOR('',#1432,1.);
#1432 = DIRECTION('',(0.,0.,1.));
#1433 = PCURVE('',#1193,#1434);
#1434 = DEFINITIONAL_REPRESENTATION('',(#1435),#1439);
#1435 = LINE('',#1436,#1437);
#1436 = CARTESIAN_POINT('',(-0.100000023842,-0.131848707795));
#1437 = VECTOR('',#1438,1.);
#1438 = DIRECTION('',(1.,0.));
#1439 = ( GEOMETRIC_REPRESENTATION_CONTEXT(2) 
PARAMETRIC_REPRESENTATION_CONTEXT() REPRESENTATION_CONTEXT('2D SPACE',''
  ) );
#1440 = PCURVE('',#1166,#1441);
#1441 = DEFINITIONAL_REPRESENTATION('',(#1442),#1445);
#1442 = B_SPLINE_CURVE_WITH_KNOTS('',1,(#1443,#1444),.UNSPECIFIED.,.F.,
  .F.,(2,2),(0.,0.200000047684),.PIECEWISE_BEZIER_KNOTS.);
#1443 = CARTESIAN_POINT('',(-0.100000023842,0.131704516709));
#1444 = CARTESIAN_POINT('',(0.100000023842,0.131704516709));
#1445 = ( GEOMETRIC_REPRESENTATION_CONTEXT(2) 
PARAMETRIC_REPRESENTATION_CONTEXT() REPRESENTATION_CONTEXT('2D SPACE',''
  ) );
#1446 = ORIENTED_EDGE('',*,*,#1355,.T.);
#1447 = ORIENTED_EDGE('',*,*,#1401,.T.);
#1448 = ADVANCED_FACE('',(#1449),#1166,.T.);
#1449 = FACE_BOUND('',#1450,.T.);
#1450 = EDGE_LOOP('',(#1451,#1452,#1453,#1454));
#1451 = ORIENTED_EDGE('',*,*,#1309,.F.);
#1452 = ORIENTED_EDGE('',*,*,#1377,.T.);
#1453 = ORIENTED_EDGE('',*,*,#1427,.F.);
#1454 = ORIENTED_EDGE('',*,*,#1148,.F.);
#1455 = ADVANCED_FACE('',(#1456),#1134,.T.);
#1456 = FACE_BOUND('',#1457,.T.);
#1457 = EDGE_LOOP('',(#1458,#1488,#1509,#1510));
#1458 = ORIENTED_EDGE('',*,*,#1459,.F.);
#1459 = EDGE_CURVE('',#1460,#1462,#1464,.T.);
#1460 = VERTEX_POINT('',#1461);
#1461 = CARTESIAN_POINT('',(-6.160349026322E-02,0.354910254478,1.375));
#1462 = VERTEX_POINT('',#1463);
#1463 = CARTESIAN_POINT('',(0.591270029545,0.354910254478,1.375));
#1464 = SURFACE_CURVE('',#1465,(#1469,#1476),.PCURVE_S1.);
#1465 = LINE('',#1466,#1467);
#1466 = CARTESIAN_POINT('',(-6.160349026322E-02,0.354910254478,1.375));
#1467 = VECTOR('',#1468,1.);
#1468 = DIRECTION('',(1.,0.,0.));
#1469 = PCURVE('',#1134,#1470);
#1470 = DEFINITIONAL_REPRESENTATION('',(#1471),#1475);
#1471 = LINE('',#1472,#1473);
#1472 = CARTESIAN_POINT('',(-5.748676002971E-02,-0.368950023716));
#1473 = VECTOR('',#1474,1.);
#1474 = DIRECTION('',(0.,1.));
#1475 = ( GEOMETRIC_REPRESENTATION_CONTEXT(2) 
PARAMETRIC_REPRESENTATION_CONTEXT() REPRESENTATION_CONTEXT('2D SPACE',''
  ) );
#1476 = PCURVE('',#1477,#1482);
#1477 = PLANE('',#1478);
#1478 = AXIS2_PLACEMENT_3D('',#1479,#1480,#1481);
#1479 = CARTESIAN_POINT('',(-0.372097964532,0.,1.375));
#1480 = DIRECTION('',(0.,0.,1.));
#1481 = DIRECTION('',(1.,0.,-0.));
#1482 = DEFINITIONAL_REPRESENTATION('',(#1483),#1487);
#1483 = LINE('',#1484,#1485);
#1484 = CARTESIAN_POINT('',(0.310494474268,0.354910254478));
#1485 = VECTOR('',#1486,1.);
#1486 = DIRECTION('',(1.,0.));
#1487 = ( GEOMETRIC_REPRESENTATION_CONTEXT(2) 
PARAMETRIC_REPRESENTATION_CONTEXT() REPRESENTATION_CONTEXT('2D SPACE',''
  ) );
#1488 = ORIENTED_EDGE('',*,*,#1489,.F.);
#1489 = EDGE_CURVE('',#22,#1460,#1490,.T.);
#1490 = SURFACE_CURVE('',#1491,(#1495,#1502),.PCURVE_S1.);
#1491 = LINE('',#1492,#1493);
#1492 = CARTESIAN_POINT('',(-6.160349026322E-02,0.354910254478,
    1.174999952316));
#1493 = VECTOR('',#1494,1.);
#1494 = DIRECTION('',(0.,0.,1.));
#1495 = PCURVE('',#1134,#1496);
#1496 = DEFINITIONAL_REPRESENTATION('',(#1497),#1501);
#1497 = LINE('',#1498,#1499);
#1498 = CARTESIAN_POINT('',(0.142513287654,-0.368950023716));
#1499 = VECTOR('',#1500,1.);
#1500 = DIRECTION('',(-1.,0.));
#1501 = ( GEOMETRIC_REPRESENTATION_CONTEXT(2) 
PARAMETRIC_REPRESENTATION_CONTEXT() REPRESENTATION_CONTEXT('2D SPACE',''
  ) );
#1502 = PCURVE('',#44,#1503);
#1503 = DEFINITIONAL_REPRESENTATION('',(#1504),#1508);
#1504 = LINE('',#1505,#1506);
#1505 = CARTESIAN_POINT('',(-4.547331333734E-03,0.104168267561));
#1506 = VECTOR('',#1507,1.);
#1507 = DIRECTION('',(0.,-1.));
#1508 = ( GEOMETRIC_REPRESENTATION_CONTEXT(2) 
PARAMETRIC_REPRESENTATION_CONTEXT() REPRESENTATION_CONTEXT('2D SPACE',''
  ) );
#1509 = ORIENTED_EDGE('',*,*,#1120,.F.);
#1510 = ORIENTED_EDGE('',*,*,#1511,.F.);
#1511 = EDGE_CURVE('',#1462,#1093,#1512,.T.);
#1512 = SURFACE_CURVE('',#1513,(#1517,#1524),.PCURVE_S1.);
#1513 = LINE('',#1514,#1515);
#1514 = CARTESIAN_POINT('',(0.591270029545,0.354910254478,1.375));
#1515 = VECTOR('',#1516,1.);
#1516 = DIRECTION('',(0.,0.,-1.));
#1517 = PCURVE('',#1134,#1518);
#1518 = DEFINITIONAL_REPRESENTATION('',(#1519),#1523);
#1519 = LINE('',#1520,#1521);
#1520 = CARTESIAN_POINT('',(-5.748676002971E-02,0.283923496092));
#1521 = VECTOR('',#1522,1.);
#1522 = DIRECTION('',(1.,0.));
#1523 = ( GEOMETRIC_REPRESENTATION_CONTEXT(2) 
PARAMETRIC_REPRESENTATION_CONTEXT() REPRESENTATION_CONTEXT('2D SPACE',''
  ) );
#1524 = PCURVE('',#1108,#1525);
#1525 = DEFINITIONAL_REPRESENTATION('',(#1526),#1530);
#1526 = LINE('',#1527,#1528);
#1527 = CARTESIAN_POINT('',(4.547342425413E-03,-0.10416827688));
#1528 = VECTOR('',#1529,1.);
#1529 = DIRECTION('',(0.,1.));
#1530 = ( GEOMETRIC_REPRESENTATION_CONTEXT(2) 
PARAMETRIC_REPRESENTATION_CONTEXT() REPRESENTATION_CONTEXT('2D SPACE',''
  ) );
#1531 = ADVANCED_FACE('',(#1532,#1642,#2540),#1477,.T.);
#1532 = FACE_BOUND('',#1533,.T.);
#1533 = EDGE_LOOP('',(#1534,#1563,#1590,#1617));
#1534 = ORIENTED_EDGE('',*,*,#1535,.F.);
#1535 = EDGE_CURVE('',#1536,#1538,#1540,.T.);
#1536 = VERTEX_POINT('',#1537);
#1537 = CARTESIAN_POINT('',(1.,-0.625,1.375));
#1538 = VERTEX_POINT('',#1539);
#1539 = CARTESIAN_POINT('',(-1.5,-0.625,1.375));
#1540 = SURFACE_CURVE('',#1541,(#1545,#1551),.PCURVE_S1.);
#1541 = LINE('',#1542,#1543);
#1542 = CARTESIAN_POINT('',(1.,-0.625,1.375));
#1543 = VECTOR('',#1544,1.);
#1544 = DIRECTION('',(-1.,0.,0.));
#1545 = PCURVE('',#1477,#1546);
#1546 = DEFINITIONAL_REPRESENTATION('',(#1547),#1550);
#1547 = B_SPLINE_CURVE_WITH_KNOTS('',1,(#1548,#1549),.UNSPECIFIED.,.F.,
  .F.,(2,2),(0.,2.5),.PIECEWISE_BEZIER_KNOTS.);
#1548 = CARTESIAN_POINT('',(1.372097964532,-0.625));
#1549 = CARTESIAN_POINT('',(-1.127902035468,-0.625));
#1550 = ( GEOMETRIC_REPRESENTATION_CONTEXT(2) 
PARAMETRIC_REPRESENTATION_CONTEXT() REPRESENTATION_CONTEXT('2D SPACE',''
  ) );
#1551 = PCURVE('',#1552,#1557);
#1552 = PLANE('',#1553);
#1553 = AXIS2_PLACEMENT_3D('',#1554,#1555,#1556);
#1554 = CARTESIAN_POINT('',(-0.344910715308,-0.625,1.107142857143));
#1555 = DIRECTION('',(0.,-1.,0.));
#1556 = DIRECTION('',(0.,-0.,-1.));
#1557 = DEFINITIONAL_REPRESENTATION('',(#1558),#1562);
#1558 = LINE('',#1559,#1560);
#1559 = CARTESIAN_POINT('',(-0.267857142857,1.344910715308));
#1560 = VECTOR('',#1561,1.);
#1561 = DIRECTION('',(-0.,-1.));
#1562 = ( GEOMETRIC_REPRESENTATION_CONTEXT(2) 
PARAMETRIC_REPRESENTATION_CONTEXT() REPRESENTATION_CONTEXT('2D SPACE',''
  ) );
#1563 = ORIENTED_EDGE('',*,*,#1564,.F.);
#1564 = EDGE_CURVE('',#1565,#1536,#1567,.T.);
#1565 = VERTEX_POINT('',#1566);
#1566 = CARTESIAN_POINT('',(1.,0.625,1.375));
#1567 = SURFACE_CURVE('',#1568,(#1572,#1578),.PCURVE_S1.);
#1568 = LINE('',#1569,#1570);
#1569 = CARTESIAN_POINT('',(1.,0.625,1.375));
#1570 = VECTOR('',#1571,1.);
#1571 = DIRECTION('',(0.,-1.,0.));
#1572 = PCURVE('',#1477,#1573);
#1573 = DEFINITIONAL_REPRESENTATION('',(#1574),#1577);
#1574 = B_SPLINE_CURVE_WITH_KNOTS('',1,(#1575,#1576),.UNSPECIFIED.,.F.,
  .F.,(2,2),(0.,1.25),.PIECEWISE_BEZIER_KNOTS.);
#1575 = CARTESIAN_POINT('',(1.372097964532,0.625));
#1576 = CARTESIAN_POINT('',(1.372097964532,-0.625));
#1577 = ( GEOMETRIC_REPRESENTATION_CONTEXT(2) 
PARAMETRIC_REPRESENTATION_CONTEXT() REPRESENTATION_CONTEXT('2D SPACE',''
  ) );
#1578 = PCURVE('',#1579,#1584);
#1579 = PLANE('',#1580);
#1580 = AXIS2_PLACEMENT_3D('',#1581,#1582,#1583);
#1581 = CARTESIAN_POINT('',(1.,0.,1.125));
#1582 = DIRECTION('',(1.,0.,0.));
#1583 = DIRECTION('',(-0.,0.,1.));
#1584 = DEFINITIONAL_REPRESENTATION('',(#1585),#1589);
#1585 = LINE('',#1586,#1587);
#1586 = CARTESIAN_POINT('',(0.25,-0.625));
#1587 = VECTOR('',#1588,1.);
#1588 = DIRECTION('',(0.,1.));
#1589 = ( GEOMETRIC_REPRESENTATION_CONTEXT(2) 
PARAMETRIC_REPRESENTATION_CONTEXT() REPRESENTATION_CONTEXT('2D SPACE',''
  ) );
#1590 = ORIENTED_EDGE('',*,*,#1591,.F.);
#1591 = EDGE_CURVE('',#1592,#1565,#1594,.T.);
#1592 = VERTEX_POINT('',#1593);
#1593 = CARTESIAN_POINT('',(-1.5,0.625,1.375));
#1594 = SURFACE_CURVE('',#1595,(#1599,#1605),.PCURVE_S1.);
#1595 = LINE('',#1596,#1597);
#1596 = CARTESIAN_POINT('',(-1.5,0.625,1.375));
#1597 = VECTOR('',#1598,1.);
#1598 = DIRECTION('',(1.,0.,0.));
#1599 = PCURVE('',#1477,#1600);
#1600 = DEFINITIONAL_REPRESENTATION('',(#1601),#1604);
#1601 = B_SPLINE_CURVE_WITH_KNOTS('',1,(#1602,#1603),.UNSPECIFIED.,.F.,
  .F.,(2,2),(0.,2.5),.PIECEWISE_BEZIER_KNOTS.);
#1602 = CARTESIAN_POINT('',(-1.127902035468,0.625));
#1603 = CARTESIAN_POINT('',(1.372097964532,0.625));
#1604 = ( GEOMETRIC_REPRESENTATION_CONTEXT(2) 
PARAMETRIC_REPRESENTATION_CONTEXT() REPRESENTATION_CONTEXT('2D SPACE',''
  ) );
#1605 = PCURVE('',#1606,#1611);
#1606 = PLANE('',#1607);
#1607 = AXIS2_PLACEMENT_3D('',#1608,#1609,#1610);
#1608 = CARTESIAN_POINT('',(-0.344910715308,0.625,1.107142857143));
#1609 = DIRECTION('',(0.,-1.,0.));
#1610 = DIRECTION('',(0.,-0.,-1.));
#1611 = DEFINITIONAL_REPRESENTATION('',(#1612),#1616);
#1612 = LINE('',#1613,#1614);
#1613 = CARTESIAN_POINT('',(-0.267857142857,-1.155089284692));
#1614 = VECTOR('',#1615,1.);
#1615 = DIRECTION('',(0.,1.));
#1616 = ( GEOMETRIC_REPRESENTATION_CONTEXT(2) 
PARAMETRIC_REPRESENTATION_CONTEXT() REPRESENTATION_CONTEXT('2D SPACE',''
  ) );
#1617 = ORIENTED_EDGE('',*,*,#1618,.F.);
#1618 = EDGE_CURVE('',#1538,#1592,#1619,.T.);
#1619 = SURFACE_CURVE('',#1620,(#1624,#1630),.PCURVE_S1.);
#1620 = LINE('',#1621,#1622);
#1621 = CARTESIAN_POINT('',(-1.5,-0.625,1.375));
#1622 = VECTOR('',#1623,1.);
#1623 = DIRECTION('',(0.,1.,0.));
#1624 = PCURVE('',#1477,#1625);
#1625 = DEFINITIONAL_REPRESENTATION('',(#1626),#1629);
#1626 = B_SPLINE_CURVE_WITH_KNOTS('',1,(#1627,#1628),.UNSPECIFIED.,.F.,
  .F.,(2,2),(0.,1.25),.PIECEWISE_BEZIER_KNOTS.);
#1627 = CARTESIAN_POINT('',(-1.127902035468,-0.625));
#1628 = CARTESIAN_POINT('',(-1.127902035468,0.625));
#1629 = ( GEOMETRIC_REPRESENTATION_CONTEXT(2) 
PARAMETRIC_REPRESENTATION_CONTEXT() REPRESENTATION_CONTEXT('2D SPACE',''
  ) );
#1630 = PCURVE('',#1631,#1636);
#1631 = PLANE('',#1632);
#1632 = AXIS2_PLACEMENT_3D('',#1633,#1634,#1635);
#1633 = CARTESIAN_POINT('',(-1.5,0.,1.125));
#1634 = DIRECTION('',(1.,0.,0.));
#1635 = DIRECTION('',(-0.,0.,1.));
#1636 = DEFINITIONAL_REPRESENTATION('',(#1637),#1641);
#1637 = LINE('',#1638,#1639);
#1638 = CARTESIAN_POINT('',(0.25,0.625));
#1639 = VECTOR('',#1640,1.);
#1640 = DIRECTION('',(0.,-1.));
#1641 = ( GEOMETRIC_REPRESENTATION_CONTEXT(2) 
PARAMETRIC_REPRESENTATION_CONTEXT() REPRESENTATION_CONTEXT('2D SPACE',''
  ) );
#1642 = FACE_BOUND('',#1643,.T.);
#1643 = EDGE_LOOP('',(#1644,#1669,#1692,#1715,#1738,#1761,#1784,#1807,
    #1830,#1853,#1876,#1899,#1922,#1945,#1968,#1991,#2014,#2037,#2060,
    #2083,#2106,#2129,#2152,#2175,#2198,#2221,#2244,#2267,#2290,#2313,
    #2336,#2359,#2382,#2405,#2428,#2451,#2474,#2495,#2496,#2519));
#1644 = ORIENTED_EDGE('',*,*,#1645,.T.);
#1645 = EDGE_CURVE('',#1646,#1648,#1650,.T.);
#1646 = VERTEX_POINT('',#1647);
#1647 = CARTESIAN_POINT('',(0.625472068787,0.348879486322,1.375));
#1648 = VERTEX_POINT('',#1649);
#1649 = CARTESIAN_POINT('',(0.64127010107,0.341512769461,1.375));
#1650 = SURFACE_CURVE('',#1651,(#1655,#1662),.PCURVE_S1.);
#1651 = LINE('',#1652,#1653);
#1652 = CARTESIAN_POINT('',(0.625472068787,0.348879486322,1.375));
#1653 = VECTOR('',#1654,1.);
#1654 = DIRECTION('',(0.906308371,-0.422617009425,0.));
#1655 = PCURVE('',#1477,#1656);
#1656 = DEFINITIONAL_REPRESENTATION('',(#1657),#1661);
#1657 = LINE('',#1658,#1659);
#1658 = CARTESIAN_POINT('',(0.997570033318,0.348879486322));
#1659 = VECTOR('',#1660,1.);
#1660 = DIRECTION('',(0.906308371,-0.422617009425));
#1661 = ( GEOMETRIC_REPRESENTATION_CONTEXT(2) 
PARAMETRIC_REPRESENTATION_CONTEXT() REPRESENTATION_CONTEXT('2D SPACE',''
  ) );
#1662 = PCURVE('',#1052,#1663);
#1663 = DEFINITIONAL_REPRESENTATION('',(#1664),#1668);
#1664 = LINE('',#1665,#1666);
#1665 = CARTESIAN_POINT('',(1.28838469187E-02,-9.583177129991E-02));
#1666 = VECTOR('',#1667,1.);
#1667 = DIRECTION('',(-1.,0.));
#1668 = ( GEOMETRIC_REPRESENTATION_CONTEXT(2) 
PARAMETRIC_REPRESENTATION_CONTEXT() REPRESENTATION_CONTEXT('2D SPACE',''
  ) );
#1669 = ORIENTED_EDGE('',*,*,#1670,.T.);
#1670 = EDGE_CURVE('',#1648,#1671,#1673,.T.);
#1671 = VERTEX_POINT('',#1672);
#1672 = CARTESIAN_POINT('',(0.655548810959,0.331514686346,1.375));
#1673 = SURFACE_CURVE('',#1674,(#1678,#1685),.PCURVE_S1.);
#1674 = LINE('',#1675,#1676);
#1675 = CARTESIAN_POINT('',(0.64127010107,0.341512769461,1.375));
#1676 = VECTOR('',#1677,1.);
#1677 = DIRECTION('',(0.819151429327,-0.573577314607,0.));
#1678 = PCURVE('',#1477,#1679);
#1679 = DEFINITIONAL_REPRESENTATION('',(#1680),#1684);
#1680 = LINE('',#1681,#1682);
#1681 = CARTESIAN_POINT('',(1.013368065602,0.341512769461));
#1682 = VECTOR('',#1683,1.);
#1683 = DIRECTION('',(0.819151429327,-0.573577314607));
#1684 = ( GEOMETRIC_REPRESENTATION_CONTEXT(2) 
PARAMETRIC_REPRESENTATION_CONTEXT() REPRESENTATION_CONTEXT('2D SPACE',''
  ) );
#1685 = PCURVE('',#1024,#1686);
#1686 = DEFINITIONAL_REPRESENTATION('',(#1687),#1691);
#1687 = LINE('',#1688,#1689);
#1688 = CARTESIAN_POINT('',(1.288378175441E-02,-9.583179172653E-02));
#1689 = VECTOR('',#1690,1.);
#1690 = DIRECTION('',(-1.,0.));
#1691 = ( GEOMETRIC_REPRESENTATION_CONTEXT(2) 
PARAMETRIC_REPRESENTATION_CONTEXT() REPRESENTATION_CONTEXT('2D SPACE',''
  ) );
#1692 = ORIENTED_EDGE('',*,*,#1693,.T.);
#1693 = EDGE_CURVE('',#1671,#1694,#1696,.T.);
#1694 = VERTEX_POINT('',#1695);
#1695 = CARTESIAN_POINT('',(0.667874515057,0.319189012051,1.375));
#1696 = SURFACE_CURVE('',#1697,(#1701,#1708),.PCURVE_S1.);
#1697 = LINE('',#1698,#1699);
#1698 = CARTESIAN_POINT('',(0.655548810959,0.331514686346,1.375));
#1699 = VECTOR('',#1700,1.);
#1700 = DIRECTION('',(0.707107636044,-0.707105926328,0.));
#1701 = PCURVE('',#1477,#1702);
#1702 = DEFINITIONAL_REPRESENTATION('',(#1703),#1707);
#1703 = LINE('',#1704,#1705);
#1704 = CARTESIAN_POINT('',(1.02764677549,0.331514686346));
#1705 = VECTOR('',#1706,1.);
#1706 = DIRECTION('',(0.707107636044,-0.707105926328));
#1707 = ( GEOMETRIC_REPRESENTATION_CONTEXT(2) 
PARAMETRIC_REPRESENTATION_CONTEXT() REPRESENTATION_CONTEXT('2D SPACE',''
  ) );
#1708 = PCURVE('',#996,#1709);
#1709 = DEFINITIONAL_REPRESENTATION('',(#1710),#1714);
#1710 = LINE('',#1711,#1712);
#1711 = CARTESIAN_POINT('',(1.288382366715E-02,-9.583177858842E-02));
#1712 = VECTOR('',#1713,1.);
#1713 = DIRECTION('',(-1.,0.));
#1714 = ( GEOMETRIC_REPRESENTATION_CONTEXT(2) 
PARAMETRIC_REPRESENTATION_CONTEXT() REPRESENTATION_CONTEXT('2D SPACE',''
  ) );
#1715 = ORIENTED_EDGE('',*,*,#1716,.T.);
#1716 = EDGE_CURVE('',#1694,#1717,#1719,.T.);
#1717 = VERTEX_POINT('',#1718);
#1718 = CARTESIAN_POINT('',(0.677872598171,0.304910242558,1.375));
#1719 = SURFACE_CURVE('',#1720,(#1724,#1731),.PCURVE_S1.);
#1720 = LINE('',#1721,#1722);
#1721 = CARTESIAN_POINT('',(0.667874515057,0.319189012051,1.375));
#1722 = VECTOR('',#1723,1.);
#1723 = DIRECTION('',(0.573575707997,-0.819152554288,0.));
#1724 = PCURVE('',#1477,#1725);
#1725 = DEFINITIONAL_REPRESENTATION('',(#1726),#1730);
#1726 = LINE('',#1727,#1728);
#1727 = CARTESIAN_POINT('',(1.039972479588,0.319189012051));
#1728 = VECTOR('',#1729,1.);
#1729 = DIRECTION('',(0.573575707997,-0.819152554288));
#1730 = ( GEOMETRIC_REPRESENTATION_CONTEXT(2) 
PARAMETRIC_REPRESENTATION_CONTEXT() REPRESENTATION_CONTEXT('2D SPACE',''
  ) );
#1731 = PCURVE('',#968,#1732);
#1732 = DEFINITIONAL_REPRESENTATION('',(#1733),#1737);
#1733 = LINE('',#1734,#1735);
#1734 = CARTESIAN_POINT('',(-1.288381731353E-02,9.583178058005E-02));
#1735 = VECTOR('',#1736,1.);
#1736 = DIRECTION('',(1.,0.));
#1737 = ( GEOMETRIC_REPRESENTATION_CONTEXT(2) 
PARAMETRIC_REPRESENTATION_CONTEXT() REPRESENTATION_CONTEXT('2D SPACE',''
  ) );
#1738 = ORIENTED_EDGE('',*,*,#1739,.T.);
#1739 = EDGE_CURVE('',#1717,#1740,#1742,.T.);
#1740 = VERTEX_POINT('',#1741);
#1741 = CARTESIAN_POINT('',(0.685239315033,0.289112240076,1.375));
#1742 = SURFACE_CURVE('',#1743,(#1747,#1754),.PCURVE_S1.);
#1743 = LINE('',#1744,#1745);
#1744 = CARTESIAN_POINT('',(0.677872598171,0.304910242558,1.375));
#1745 = VECTOR('',#1746,1.);
#1746 = DIRECTION('',(0.422617664282,-0.906308065636,0.));
#1747 = PCURVE('',#1477,#1748);
#1748 = DEFINITIONAL_REPRESENTATION('',(#1749),#1753);
#1749 = LINE('',#1750,#1751);
#1750 = CARTESIAN_POINT('',(1.049970562703,0.304910242558));
#1751 = VECTOR('',#1752,1.);
#1752 = DIRECTION('',(0.422617664282,-0.906308065636));
#1753 = ( GEOMETRIC_REPRESENTATION_CONTEXT(2) 
PARAMETRIC_REPRESENTATION_CONTEXT() REPRESENTATION_CONTEXT('2D SPACE',''
  ) );
#1754 = PCURVE('',#940,#1755);
#1755 = DEFINITIONAL_REPRESENTATION('',(#1756),#1760);
#1756 = LINE('',#1757,#1758);
#1757 = CARTESIAN_POINT('',(-1.288382724743E-02,9.583177746613E-02));
#1758 = VECTOR('',#1759,1.);
#1759 = DIRECTION('',(1.,0.));
#1760 = ( GEOMETRIC_REPRESENTATION_CONTEXT(2) 
PARAMETRIC_REPRESENTATION_CONTEXT() REPRESENTATION_CONTEXT('2D SPACE',''
  ) );
#1761 = ORIENTED_EDGE('',*,*,#1762,.T.);
#1762 = EDGE_CURVE('',#1740,#1763,#1765,.T.);
#1763 = VERTEX_POINT('',#1764);
#1764 = CARTESIAN_POINT('',(0.689750850201,0.272275030613,1.375));
#1765 = SURFACE_CURVE('',#1766,(#1770,#1777),.PCURVE_S1.);
#1766 = LINE('',#1767,#1768);
#1767 = CARTESIAN_POINT('',(0.685239315033,0.289112240076,1.375));
#1768 = VECTOR('',#1769,1.);
#1769 = DIRECTION('',(0.25882003475,-0.965925561113,0.));
#1770 = PCURVE('',#1477,#1771);
#1771 = DEFINITIONAL_REPRESENTATION('',(#1772),#1776);
#1772 = LINE('',#1773,#1774);
#1773 = CARTESIAN_POINT('',(1.057337279565,0.289112240076));
#1774 = VECTOR('',#1775,1.);
#1775 = DIRECTION('',(0.25882003475,-0.965925561113));
#1776 = ( GEOMETRIC_REPRESENTATION_CONTEXT(2) 
PARAMETRIC_REPRESENTATION_CONTEXT() REPRESENTATION_CONTEXT('2D SPACE',''
  ) );
#1777 = PCURVE('',#912,#1778);
#1778 = DEFINITIONAL_REPRESENTATION('',(#1779),#1783);
#1779 = LINE('',#1780,#1781);
#1780 = CARTESIAN_POINT('',(-4.547335839222E-03,0.104168271346));
#1781 = VECTOR('',#1782,1.);
#1782 = DIRECTION('',(1.,0.));
#1783 = ( GEOMETRIC_REPRESENTATION_CONTEXT(2) 
PARAMETRIC_REPRESENTATION_CONTEXT() REPRESENTATION_CONTEXT('2D SPACE',''
  ) );
#1784 = ORIENTED_EDGE('',*,*,#1785,.T.);
#1785 = EDGE_CURVE('',#1763,#1786,#1788,.T.);
#1786 = VERTEX_POINT('',#1787);
#1787 = CARTESIAN_POINT('',(0.691270053387,0.254910230637,1.375));
#1788 = SURFACE_CURVE('',#1789,(#1793,#1800),.PCURVE_S1.);
#1789 = LINE('',#1790,#1791);
#1790 = CARTESIAN_POINT('',(0.689750850201,0.272275030613,1.375));
#1791 = VECTOR('',#1792,1.);
#1792 = DIRECTION('',(8.715460657907E-02,-0.996194797493,0.));
#1793 = PCURVE('',#1477,#1794);
#1794 = DEFINITIONAL_REPRESENTATION('',(#1795),#1799);
#1795 = LINE('',#1796,#1797);
#1796 = CARTESIAN_POINT('',(1.061848814732,0.272275030613));
#1797 = VECTOR('',#1798,1.);
#1798 = DIRECTION('',(8.715460657907E-02,-0.996194797493));
#1799 = ( GEOMETRIC_REPRESENTATION_CONTEXT(2) 
PARAMETRIC_REPRESENTATION_CONTEXT() REPRESENTATION_CONTEXT('2D SPACE',''
  ) );
#1800 = PCURVE('',#884,#1801);
#1801 = DEFINITIONAL_REPRESENTATION('',(#1802),#1806);
#1802 = LINE('',#1803,#1804);
#1803 = CARTESIAN_POINT('',(-1.288380336562E-02,9.583178495221E-02));
#1804 = VECTOR('',#1805,1.);
#1805 = DIRECTION('',(1.,0.));
#1806 = ( GEOMETRIC_REPRESENTATION_CONTEXT(2) 
PARAMETRIC_REPRESENTATION_CONTEXT() REPRESENTATION_CONTEXT('2D SPACE',''
  ) );
#1807 = ORIENTED_EDGE('',*,*,#1808,.T.);
#1808 = EDGE_CURVE('',#1786,#1809,#1811,.T.);
#1809 = VERTEX_POINT('',#1810);
#1810 = CARTESIAN_POINT('',(0.691270053387,-0.254910230637,1.375));
#1811 = SURFACE_CURVE('',#1812,(#1816,#1823),.PCURVE_S1.);
#1812 = LINE('',#1813,#1814);
#1813 = CARTESIAN_POINT('',(0.691270053387,0.254910230637,1.375));
#1814 = VECTOR('',#1815,1.);
#1815 = DIRECTION('',(0.,-1.,0.));
#1816 = PCURVE('',#1477,#1817);
#1817 = DEFINITIONAL_REPRESENTATION('',(#1818),#1822);
#1818 = LINE('',#1819,#1820);
#1819 = CARTESIAN_POINT('',(1.063368017918,0.254910230637));
#1820 = VECTOR('',#1821,1.);
#1821 = DIRECTION('',(0.,-1.));
#1822 = ( GEOMETRIC_REPRESENTATION_CONTEXT(2) 
PARAMETRIC_REPRESENTATION_CONTEXT() REPRESENTATION_CONTEXT('2D SPACE',''
  ) );
#1823 = PCURVE('',#856,#1824);
#1824 = DEFINITIONAL_REPRESENTATION('',(#1825),#1829);
#1825 = LINE('',#1826,#1827);
#1826 = CARTESIAN_POINT('',(-0.140543472935,-0.214366781544));
#1827 = VECTOR('',#1828,1.);
#1828 = DIRECTION('',(0.,1.));
#1829 = ( GEOMETRIC_REPRESENTATION_CONTEXT(2) 
PARAMETRIC_REPRESENTATION_CONTEXT() REPRESENTATION_CONTEXT('2D SPACE',''
  ) );
#1830 = ORIENTED_EDGE('',*,*,#1831,.T.);
#1831 = EDGE_CURVE('',#1809,#1832,#1834,.T.);
#1832 = VERTEX_POINT('',#1833);
#1833 = CARTESIAN_POINT('',(0.689750850201,-0.272275030613,1.375));
#1834 = SURFACE_CURVE('',#1835,(#1839,#1846),.PCURVE_S1.);
#1835 = LINE('',#1836,#1837);
#1836 = CARTESIAN_POINT('',(0.691270053387,-0.254910230637,1.375));
#1837 = VECTOR('',#1838,1.);
#1838 = DIRECTION('',(-8.715460657907E-02,-0.996194797493,0.));
#1839 = PCURVE('',#1477,#1840);
#1840 = DEFINITIONAL_REPRESENTATION('',(#1841),#1845);
#1841 = LINE('',#1842,#1843);
#1842 = CARTESIAN_POINT('',(1.063368017918,-0.254910230637));
#1843 = VECTOR('',#1844,1.);
#1844 = DIRECTION('',(-8.715460657907E-02,-0.996194797493));
#1845 = ( GEOMETRIC_REPRESENTATION_CONTEXT(2) 
PARAMETRIC_REPRESENTATION_CONTEXT() REPRESENTATION_CONTEXT('2D SPACE',''
  ) );
#1846 = PCURVE('',#828,#1847);
#1847 = DEFINITIONAL_REPRESENTATION('',(#1848),#1852);
#1848 = LINE('',#1849,#1850);
#1849 = CARTESIAN_POINT('',(-1.288380336562E-02,9.583178495221E-02));
#1850 = VECTOR('',#1851,1.);
#1851 = DIRECTION('',(1.,0.));
#1852 = ( GEOMETRIC_REPRESENTATION_CONTEXT(2) 
PARAMETRIC_REPRESENTATION_CONTEXT() REPRESENTATION_CONTEXT('2D SPACE',''
  ) );
#1853 = ORIENTED_EDGE('',*,*,#1854,.T.);
#1854 = EDGE_CURVE('',#1832,#1855,#1857,.T.);
#1855 = VERTEX_POINT('',#1856);
#1856 = CARTESIAN_POINT('',(0.685239315033,-0.289112240076,1.375));
#1857 = SURFACE_CURVE('',#1858,(#1862,#1869),.PCURVE_S1.);
#1858 = LINE('',#1859,#1860);
#1859 = CARTESIAN_POINT('',(0.689750850201,-0.272275030613,1.375));
#1860 = VECTOR('',#1861,1.);
#1861 = DIRECTION('',(-0.25882003475,-0.965925561113,0.));
#1862 = PCURVE('',#1477,#1863);
#1863 = DEFINITIONAL_REPRESENTATION('',(#1864),#1868);
#1864 = LINE('',#1865,#1866);
#1865 = CARTESIAN_POINT('',(1.061848814732,-0.272275030613));
#1866 = VECTOR('',#1867,1.);
#1867 = DIRECTION('',(-0.25882003475,-0.965925561113));
#1868 = ( GEOMETRIC_REPRESENTATION_CONTEXT(2) 
PARAMETRIC_REPRESENTATION_CONTEXT() REPRESENTATION_CONTEXT('2D SPACE',''
  ) );
#1869 = PCURVE('',#800,#1870);
#1870 = DEFINITIONAL_REPRESENTATION('',(#1871),#1875);
#1871 = LINE('',#1872,#1873);
#1872 = CARTESIAN_POINT('',(-1.28838308479E-02,9.583177633752E-02));
#1873 = VECTOR('',#1874,1.);
#1874 = DIRECTION('',(1.,0.));
#1875 = ( GEOMETRIC_REPRESENTATION_CONTEXT(2) 
PARAMETRIC_REPRESENTATION_CONTEXT() REPRESENTATION_CONTEXT('2D SPACE',''
  ) );
#1876 = ORIENTED_EDGE('',*,*,#1877,.T.);
#1877 = EDGE_CURVE('',#1855,#1878,#1880,.T.);
#1878 = VERTEX_POINT('',#1879);
#1879 = CARTESIAN_POINT('',(0.677872598171,-0.304910242558,1.375));
#1880 = SURFACE_CURVE('',#1881,(#1885,#1892),.PCURVE_S1.);
#1881 = LINE('',#1882,#1883);
#1882 = CARTESIAN_POINT('',(0.685239315033,-0.289112240076,1.375));
#1883 = VECTOR('',#1884,1.);
#1884 = DIRECTION('',(-0.422617664282,-0.906308065636,0.));
#1885 = PCURVE('',#1477,#1886);
#1886 = DEFINITIONAL_REPRESENTATION('',(#1887),#1891);
#1887 = LINE('',#1888,#1889);
#1888 = CARTESIAN_POINT('',(1.057337279565,-0.289112240076));
#1889 = VECTOR('',#1890,1.);
#1890 = DIRECTION('',(-0.422617664282,-0.906308065636));
#1891 = ( GEOMETRIC_REPRESENTATION_CONTEXT(2) 
PARAMETRIC_REPRESENTATION_CONTEXT() REPRESENTATION_CONTEXT('2D SPACE',''
  ) );
#1892 = PCURVE('',#772,#1893);
#1893 = DEFINITIONAL_REPRESENTATION('',(#1894),#1898);
#1894 = LINE('',#1895,#1896);
#1895 = CARTESIAN_POINT('',(-1.288382724743E-02,9.583177746613E-02));
#1896 = VECTOR('',#1897,1.);
#1897 = DIRECTION('',(1.,0.));
#1898 = ( GEOMETRIC_REPRESENTATION_CONTEXT(2) 
PARAMETRIC_REPRESENTATION_CONTEXT() REPRESENTATION_CONTEXT('2D SPACE',''
  ) );
#1899 = ORIENTED_EDGE('',*,*,#1900,.T.);
#1900 = EDGE_CURVE('',#1878,#1901,#1903,.T.);
#1901 = VERTEX_POINT('',#1902);
#1902 = CARTESIAN_POINT('',(0.667874515057,-0.319189012051,1.375));
#1903 = SURFACE_CURVE('',#1904,(#1908,#1915),.PCURVE_S1.);
#1904 = LINE('',#1905,#1906);
#1905 = CARTESIAN_POINT('',(0.677872598171,-0.304910242558,1.375));
#1906 = VECTOR('',#1907,1.);
#1907 = DIRECTION('',(-0.573575707997,-0.819152554288,0.));
#1908 = PCURVE('',#1477,#1909);
#1909 = DEFINITIONAL_REPRESENTATION('',(#1910),#1914);
#1910 = LINE('',#1911,#1912);
#1911 = CARTESIAN_POINT('',(1.049970562703,-0.304910242558));
#1912 = VECTOR('',#1913,1.);
#1913 = DIRECTION('',(-0.573575707997,-0.819152554288));
#1914 = ( GEOMETRIC_REPRESENTATION_CONTEXT(2) 
PARAMETRIC_REPRESENTATION_CONTEXT() REPRESENTATION_CONTEXT('2D SPACE',''
  ) );
#1915 = PCURVE('',#744,#1916);
#1916 = DEFINITIONAL_REPRESENTATION('',(#1917),#1921);
#1917 = LINE('',#1918,#1919);
#1918 = CARTESIAN_POINT('',(-1.288381731353E-02,9.583178058005E-02));
#1919 = VECTOR('',#1920,1.);
#1920 = DIRECTION('',(1.,0.));
#1921 = ( GEOMETRIC_REPRESENTATION_CONTEXT(2) 
PARAMETRIC_REPRESENTATION_CONTEXT() REPRESENTATION_CONTEXT('2D SPACE',''
  ) );
#1922 = ORIENTED_EDGE('',*,*,#1923,.T.);
#1923 = EDGE_CURVE('',#1901,#1924,#1926,.T.);
#1924 = VERTEX_POINT('',#1925);
#1925 = CARTESIAN_POINT('',(0.655548810959,-0.331514686346,1.375));
#1926 = SURFACE_CURVE('',#1927,(#1931,#1938),.PCURVE_S1.);
#1927 = LINE('',#1928,#1929);
#1928 = CARTESIAN_POINT('',(0.667874515057,-0.319189012051,1.375));
#1929 = VECTOR('',#1930,1.);
#1930 = DIRECTION('',(-0.707107636044,-0.707105926328,0.));
#1931 = PCURVE('',#1477,#1932);
#1932 = DEFINITIONAL_REPRESENTATION('',(#1933),#1937);
#1933 = LINE('',#1934,#1935);
#1934 = CARTESIAN_POINT('',(1.039972479588,-0.319189012051));
#1935 = VECTOR('',#1936,1.);
#1936 = DIRECTION('',(-0.707107636044,-0.707105926328));
#1937 = ( GEOMETRIC_REPRESENTATION_CONTEXT(2) 
PARAMETRIC_REPRESENTATION_CONTEXT() REPRESENTATION_CONTEXT('2D SPACE',''
  ) );
#1938 = PCURVE('',#716,#1939);
#1939 = DEFINITIONAL_REPRESENTATION('',(#1940),#1944);
#1940 = LINE('',#1941,#1942);
#1941 = CARTESIAN_POINT('',(1.288382366715E-02,-9.583177858842E-02));
#1942 = VECTOR('',#1943,1.);
#1943 = DIRECTION('',(-1.,-0.));
#1944 = ( GEOMETRIC_REPRESENTATION_CONTEXT(2) 
PARAMETRIC_REPRESENTATION_CONTEXT() REPRESENTATION_CONTEXT('2D SPACE',''
  ) );
#1945 = ORIENTED_EDGE('',*,*,#1946,.T.);
#1946 = EDGE_CURVE('',#1924,#1947,#1949,.T.);
#1947 = VERTEX_POINT('',#1948);
#1948 = CARTESIAN_POINT('',(0.64127010107,-0.341512769461,1.375));
#1949 = SURFACE_CURVE('',#1950,(#1954,#1961),.PCURVE_S1.);
#1950 = LINE('',#1951,#1952);
#1951 = CARTESIAN_POINT('',(0.655548810959,-0.331514686346,1.375));
#1952 = VECTOR('',#1953,1.);
#1953 = DIRECTION('',(-0.819151429327,-0.573577314607,0.));
#1954 = PCURVE('',#1477,#1955);
#1955 = DEFINITIONAL_REPRESENTATION('',(#1956),#1960);
#1956 = LINE('',#1957,#1958);
#1957 = CARTESIAN_POINT('',(1.02764677549,-0.331514686346));
#1958 = VECTOR('',#1959,1.);
#1959 = DIRECTION('',(-0.819151429327,-0.573577314607));
#1960 = ( GEOMETRIC_REPRESENTATION_CONTEXT(2) 
PARAMETRIC_REPRESENTATION_CONTEXT() REPRESENTATION_CONTEXT('2D SPACE',''
  ) );
#1961 = PCURVE('',#688,#1962);
#1962 = DEFINITIONAL_REPRESENTATION('',(#1963),#1967);
#1963 = LINE('',#1964,#1965);
#1964 = CARTESIAN_POINT('',(1.288378175441E-02,-9.583179172653E-02));
#1965 = VECTOR('',#1966,1.);
#1966 = DIRECTION('',(-1.,-0.));
#1967 = ( GEOMETRIC_REPRESENTATION_CONTEXT(2) 
PARAMETRIC_REPRESENTATION_CONTEXT() REPRESENTATION_CONTEXT('2D SPACE',''
  ) );
#1968 = ORIENTED_EDGE('',*,*,#1969,.T.);
#1969 = EDGE_CURVE('',#1947,#1970,#1972,.T.);
#1970 = VERTEX_POINT('',#1971);
#1971 = CARTESIAN_POINT('',(0.625472068787,-0.348879486322,1.375));
#1972 = SURFACE_CURVE('',#1973,(#1977,#1984),.PCURVE_S1.);
#1973 = LINE('',#1974,#1975);
#1974 = CARTESIAN_POINT('',(0.64127010107,-0.341512769461,1.375));
#1975 = VECTOR('',#1976,1.);
#1976 = DIRECTION('',(-0.906308371,-0.422617009425,0.));
#1977 = PCURVE('',#1477,#1978);
#1978 = DEFINITIONAL_REPRESENTATION('',(#1979),#1983);
#1979 = LINE('',#1980,#1981);
#1980 = CARTESIAN_POINT('',(1.013368065602,-0.341512769461));
#1981 = VECTOR('',#1982,1.);
#1982 = DIRECTION('',(-0.906308371,-0.422617009425));
#1983 = ( GEOMETRIC_REPRESENTATION_CONTEXT(2) 
PARAMETRIC_REPRESENTATION_CONTEXT() REPRESENTATION_CONTEXT('2D SPACE',''
  ) );
#1984 = PCURVE('',#660,#1985);
#1985 = DEFINITIONAL_REPRESENTATION('',(#1986),#1990);
#1986 = LINE('',#1987,#1988);
#1987 = CARTESIAN_POINT('',(4.547341834805E-03,-0.104168276384));
#1988 = VECTOR('',#1989,1.);
#1989 = DIRECTION('',(-1.,-0.));
#1990 = ( GEOMETRIC_REPRESENTATION_CONTEXT(2) 
PARAMETRIC_REPRESENTATION_CONTEXT() REPRESENTATION_CONTEXT('2D SPACE',''
  ) );
#1991 = ORIENTED_EDGE('',*,*,#1992,.T.);
#1992 = EDGE_CURVE('',#1970,#1993,#1995,.T.);
#1993 = VERTEX_POINT('',#1994);
#1994 = CARTESIAN_POINT('',(0.608634889126,-0.35339102149,1.375));
#1995 = SURFACE_CURVE('',#1996,(#2000,#2007),.PCURVE_S1.);
#1996 = LINE('',#1997,#1998);
#1997 = CARTESIAN_POINT('',(0.625472068787,-0.348879486322,1.375));
#1998 = VECTOR('',#1999,1.);
#1999 = DIRECTION('',(-0.965925446583,-0.258820462181,0.));
#2000 = PCURVE('',#1477,#2001);
#2001 = DEFINITIONAL_REPRESENTATION('',(#2002),#2006);
#2002 = LINE('',#2003,#2004);
#2003 = CARTESIAN_POINT('',(0.997570033318,-0.348879486322));
#2004 = VECTOR('',#2005,1.);
#2005 = DIRECTION('',(-0.965925446583,-0.258820462181));
#2006 = ( GEOMETRIC_REPRESENTATION_CONTEXT(2) 
PARAMETRIC_REPRESENTATION_CONTEXT() REPRESENTATION_CONTEXT('2D SPACE',''
  ) );
#2007 = PCURVE('',#632,#2008);
#2008 = DEFINITIONAL_REPRESENTATION('',(#2009),#2013);
#2009 = LINE('',#2010,#2011);
#2010 = CARTESIAN_POINT('',(4.547328017651E-03,-0.104168264774));
#2011 = VECTOR('',#2012,1.);
#2012 = DIRECTION('',(-1.,-0.));
#2013 = ( GEOMETRIC_REPRESENTATION_CONTEXT(2) 
PARAMETRIC_REPRESENTATION_CONTEXT() REPRESENTATION_CONTEXT('2D SPACE',''
  ) );
#2014 = ORIENTED_EDGE('',*,*,#2015,.T.);
#2015 = EDGE_CURVE('',#1993,#2016,#2018,.T.);
#2016 = VERTEX_POINT('',#2017);
#2017 = CARTESIAN_POINT('',(0.591270029545,-0.354910254478,1.375));
#2018 = SURFACE_CURVE('',#2019,(#2023,#2030),.PCURVE_S1.);
#2019 = LINE('',#2020,#2021);
#2020 = CARTESIAN_POINT('',(0.608634889126,-0.35339102149,1.375));
#2021 = VECTOR('',#2022,1.);
#2022 = DIRECTION('',(-0.996194675023,-8.715600641989E-02,0.));
#2023 = PCURVE('',#1477,#2024);
#2024 = DEFINITIONAL_REPRESENTATION('',(#2025),#2029);
#2025 = LINE('',#2026,#2027);
#2026 = CARTESIAN_POINT('',(0.980732853657,-0.35339102149));
#2027 = VECTOR('',#2028,1.);
#2028 = DIRECTION('',(-0.996194675023,-8.715600641989E-02));
#2029 = ( GEOMETRIC_REPRESENTATION_CONTEXT(2) 
PARAMETRIC_REPRESENTATION_CONTEXT() REPRESENTATION_CONTEXT('2D SPACE',''
  ) );
#2030 = PCURVE('',#604,#2031);
#2031 = DEFINITIONAL_REPRESENTATION('',(#2032),#2036);
#2032 = LINE('',#2033,#2034);
#2033 = CARTESIAN_POINT('',(4.547342425413E-03,-0.10416827688));
#2034 = VECTOR('',#2035,1.);
#2035 = DIRECTION('',(-1.,-0.));
#2036 = ( GEOMETRIC_REPRESENTATION_CONTEXT(2) 
PARAMETRIC_REPRESENTATION_CONTEXT() REPRESENTATION_CONTEXT('2D SPACE',''
  ) );
#2037 = ORIENTED_EDGE('',*,*,#2038,.T.);
#2038 = EDGE_CURVE('',#2016,#2039,#2041,.T.);
#2039 = VERTEX_POINT('',#2040);
#2040 = CARTESIAN_POINT('',(-6.160349026322E-02,-0.354910254478,1.375));
#2041 = SURFACE_CURVE('',#2042,(#2046,#2053),.PCURVE_S1.);
#2042 = LINE('',#2043,#2044);
#2043 = CARTESIAN_POINT('',(0.591270029545,-0.354910254478,1.375));
#2044 = VECTOR('',#2045,1.);
#2045 = DIRECTION('',(-1.,0.,0.));
#2046 = PCURVE('',#1477,#2047);
#2047 = DEFINITIONAL_REPRESENTATION('',(#2048),#2052);
#2048 = LINE('',#2049,#2050);
#2049 = CARTESIAN_POINT('',(0.963367994076,-0.354910254478));
#2050 = VECTOR('',#2051,1.);
#2051 = DIRECTION('',(-1.,0.));
#2052 = ( GEOMETRIC_REPRESENTATION_CONTEXT(2) 
PARAMETRIC_REPRESENTATION_CONTEXT() REPRESENTATION_CONTEXT('2D SPACE',''
  ) );
#2053 = PCURVE('',#576,#2054);
#2054 = DEFINITIONAL_REPRESENTATION('',(#2055),#2059);
#2055 = LINE('',#2056,#2057);
#2056 = CARTESIAN_POINT('',(5.748676002971E-02,0.368950023716));
#2057 = VECTOR('',#2058,1.);
#2058 = DIRECTION('',(0.,-1.));
#2059 = ( GEOMETRIC_REPRESENTATION_CONTEXT(2) 
PARAMETRIC_REPRESENTATION_CONTEXT() REPRESENTATION_CONTEXT('2D SPACE',''
  ) );
#2060 = ORIENTED_EDGE('',*,*,#2061,.T.);
#2061 = EDGE_CURVE('',#2039,#2062,#2064,.T.);
#2062 = VERTEX_POINT('',#2063);
#2063 = CARTESIAN_POINT('',(-7.896830886602E-02,-0.35339102149,1.375));
#2064 = SURFACE_CURVE('',#2065,(#2069,#2076),.PCURVE_S1.);
#2065 = LINE('',#2066,#2067);
#2066 = CARTESIAN_POINT('',(-6.160349026322E-02,-0.354910254478,1.375));
#2067 = VECTOR('',#2068,1.);
#2068 = DIRECTION('',(-0.996194657166,8.715621053178E-02,0.));
#2069 = PCURVE('',#1477,#2070);
#2070 = DEFINITIONAL_REPRESENTATION('',(#2071),#2075);
#2071 = LINE('',#2072,#2073);
#2072 = CARTESIAN_POINT('',(0.310494474268,-0.354910254478));
#2073 = VECTOR('',#2074,1.);
#2074 = DIRECTION('',(-0.996194657166,8.715621053178E-02));
#2075 = ( GEOMETRIC_REPRESENTATION_CONTEXT(2) 
PARAMETRIC_REPRESENTATION_CONTEXT() REPRESENTATION_CONTEXT('2D SPACE',''
  ) );
#2076 = PCURVE('',#548,#2077);
#2077 = DEFINITIONAL_REPRESENTATION('',(#2078),#2082);
#2078 = LINE('',#2079,#2080);
#2079 = CARTESIAN_POINT('',(1.288381877121E-02,-9.583178012312E-02));
#2080 = VECTOR('',#2081,1.);
#2081 = DIRECTION('',(-1.,0.));
#2082 = ( GEOMETRIC_REPRESENTATION_CONTEXT(2) 
PARAMETRIC_REPRESENTATION_CONTEXT() REPRESENTATION_CONTEXT('2D SPACE',''
  ) );
#2083 = ORIENTED_EDGE('',*,*,#2084,.T.);
#2084 = EDGE_CURVE('',#2062,#2085,#2087,.T.);
#2085 = VERTEX_POINT('',#2086);
#2086 = CARTESIAN_POINT('',(-9.580551087856E-02,-0.348879486322,1.375));
#2087 = SURFACE_CURVE('',#2088,(#2092,#2099),.PCURVE_S1.);
#2088 = LINE('',#2089,#2090);
#2089 = CARTESIAN_POINT('',(-7.896830886602E-02,-0.35339102149,1.375));
#2090 = VECTOR('',#2091,1.);
#2091 = DIRECTION('',(-0.965925532481,0.258820141608,0.));
#2092 = PCURVE('',#1477,#2093);
#2093 = DEFINITIONAL_REPRESENTATION('',(#2094),#2098);
#2094 = LINE('',#2095,#2096);
#2095 = CARTESIAN_POINT('',(0.293129655666,-0.35339102149));
#2096 = VECTOR('',#2097,1.);
#2097 = DIRECTION('',(-0.965925532481,0.258820141608));
#2098 = ( GEOMETRIC_REPRESENTATION_CONTEXT(2) 
PARAMETRIC_REPRESENTATION_CONTEXT() REPRESENTATION_CONTEXT('2D SPACE',''
  ) );
#2099 = PCURVE('',#520,#2100);
#2100 = DEFINITIONAL_REPRESENTATION('',(#2101),#2105);
#2101 = LINE('',#2102,#2103);
#2102 = CARTESIAN_POINT('',(1.288382560659E-02,-9.583177798048E-02));
#2103 = VECTOR('',#2104,1.);
#2104 = DIRECTION('',(-1.,0.));
#2105 = ( GEOMETRIC_REPRESENTATION_CONTEXT(2) 
PARAMETRIC_REPRESENTATION_CONTEXT() REPRESENTATION_CONTEXT('2D SPACE',''
  ) );
#2106 = ORIENTED_EDGE('',*,*,#2107,.T.);
#2107 = EDGE_CURVE('',#2085,#2108,#2110,.T.);
#2108 = VERTEX_POINT('',#2109);
#2109 = CARTESIAN_POINT('',(-0.111603491008,-0.341512769461,1.375));
#2110 = SURFACE_CURVE('',#2111,(#2115,#2122),.PCURVE_S1.);
#2111 = LINE('',#2112,#2113);
#2112 = CARTESIAN_POINT('',(-9.580551087856E-02,-0.348879486322,1.375));
#2113 = VECTOR('',#2114,1.);
#2114 = DIRECTION('',(-0.906307836612,0.422618155426,0.));
#2115 = PCURVE('',#1477,#2116);
#2116 = DEFINITIONAL_REPRESENTATION('',(#2117),#2121);
#2117 = LINE('',#2118,#2119);
#2118 = CARTESIAN_POINT('',(0.276292453653,-0.348879486322));
#2119 = VECTOR('',#2120,1.);
#2120 = DIRECTION('',(-0.906307836612,0.422618155426));
#2121 = ( GEOMETRIC_REPRESENTATION_CONTEXT(2) 
PARAMETRIC_REPRESENTATION_CONTEXT() REPRESENTATION_CONTEXT('2D SPACE',''
  ) );
#2122 = PCURVE('',#492,#2123);
#2123 = DEFINITIONAL_REPRESENTATION('',(#2124),#2128);
#2124 = LINE('',#2125,#2126);
#2125 = CARTESIAN_POINT('',(4.547328991869E-03,-0.104168265593));
#2126 = VECTOR('',#2127,1.);
#2127 = DIRECTION('',(-1.,0.));
#2128 = ( GEOMETRIC_REPRESENTATION_CONTEXT(2) 
PARAMETRIC_REPRESENTATION_CONTEXT() REPRESENTATION_CONTEXT('2D SPACE',''
  ) );
#2129 = ORIENTED_EDGE('',*,*,#2130,.T.);
#2130 = EDGE_CURVE('',#2108,#2131,#2133,.T.);
#2131 = VERTEX_POINT('',#2132);
#2132 = CARTESIAN_POINT('',(-0.125882253051,-0.331514686346,1.375));
#2133 = SURFACE_CURVE('',#2134,(#2138,#2145),.PCURVE_S1.);
#2134 = LINE('',#2135,#2136);
#2135 = CARTESIAN_POINT('',(-0.111603491008,-0.341512769461,1.375));
#2136 = VECTOR('',#2137,1.);
#2137 = DIRECTION('',(-0.819152413668,0.573575908822,0.));
#2138 = PCURVE('',#1477,#2139);
#2139 = DEFINITIONAL_REPRESENTATION('',(#2140),#2144);
#2140 = LINE('',#2141,#2142);
#2141 = CARTESIAN_POINT('',(0.260494473523,-0.341512769461));
#2142 = VECTOR('',#2143,1.);
#2143 = DIRECTION('',(-0.819152413668,0.573575908822));
#2144 = ( GEOMETRIC_REPRESENTATION_CONTEXT(2) 
PARAMETRIC_REPRESENTATION_CONTEXT() REPRESENTATION_CONTEXT('2D SPACE',''
  ) );
#2145 = PCURVE('',#464,#2146);
#2146 = DEFINITIONAL_REPRESENTATION('',(#2147),#2151);
#2147 = LINE('',#2148,#2149);
#2148 = CARTESIAN_POINT('',(1.288381286864E-02,-9.583178197336E-02));
#2149 = VECTOR('',#2150,1.);
#2150 = DIRECTION('',(-1.,0.));
#2151 = ( GEOMETRIC_REPRESENTATION_CONTEXT(2) 
PARAMETRIC_REPRESENTATION_CONTEXT() REPRESENTATION_CONTEXT('2D SPACE',''
  ) );
#2152 = ORIENTED_EDGE('',*,*,#2153,.T.);
#2153 = EDGE_CURVE('',#2131,#2154,#2156,.T.);
#2154 = VERTEX_POINT('',#2155);
#2155 = CARTESIAN_POINT('',(-0.138207942247,-0.319189012051,1.375));
#2156 = SURFACE_CURVE('',#2157,(#2161,#2168),.PCURVE_S1.);
#2157 = LINE('',#2158,#2159);
#2158 = CARTESIAN_POINT('',(-0.125882253051,-0.331514686346,1.375));
#2159 = VECTOR('',#2160,1.);
#2160 = DIRECTION('',(-0.707107208616,0.707106353757,0.));
#2161 = PCURVE('',#1477,#2162);
#2162 = DEFINITIONAL_REPRESENTATION('',(#2163),#2167);
#2163 = LINE('',#2164,#2165);
#2164 = CARTESIAN_POINT('',(0.246215711481,-0.331514686346));
#2165 = VECTOR('',#2166,1.);
#2166 = DIRECTION('',(-0.707107208616,0.707106353757));
#2167 = ( GEOMETRIC_REPRESENTATION_CONTEXT(2) 
PARAMETRIC_REPRESENTATION_CONTEXT() REPRESENTATION_CONTEXT('2D SPACE',''
  ) );
#2168 = PCURVE('',#436,#2169);
#2169 = DEFINITIONAL_REPRESENTATION('',(#2170),#2174);
#2170 = LINE('',#2171,#2172);
#2171 = CARTESIAN_POINT('',(1.288381599332E-02,-9.583178099389E-02));
#2172 = VECTOR('',#2173,1.);
#2173 = DIRECTION('',(-1.,0.));
#2174 = ( GEOMETRIC_REPRESENTATION_CONTEXT(2) 
PARAMETRIC_REPRESENTATION_CONTEXT() REPRESENTATION_CONTEXT('2D SPACE',''
  ) );
#2175 = ORIENTED_EDGE('',*,*,#2176,.T.);
#2176 = EDGE_CURVE('',#2154,#2177,#2179,.T.);
#2177 = VERTEX_POINT('',#2178);
#2178 = CARTESIAN_POINT('',(-0.148206040263,-0.304910242558,1.375));
#2179 = SURFACE_CURVE('',#2180,(#2184,#2191),.PCURVE_S1.);
#2180 = LINE('',#2181,#2182);
#2181 = CARTESIAN_POINT('',(-0.138207942247,-0.319189012051,1.375));
#2182 = VECTOR('',#2183,1.);
#2183 = DIRECTION('',(-0.573576281615,0.819152152636,0.));
#2184 = PCURVE('',#1477,#2185);
#2185 = DEFINITIONAL_REPRESENTATION('',(#2186),#2190);
#2186 = LINE('',#2187,#2188);
#2187 = CARTESIAN_POINT('',(0.233890022284,-0.319189012051));
#2188 = VECTOR('',#2189,1.);
#2189 = DIRECTION('',(-0.573576281615,0.819152152636));
#2190 = ( GEOMETRIC_REPRESENTATION_CONTEXT(2) 
PARAMETRIC_REPRESENTATION_CONTEXT() REPRESENTATION_CONTEXT('2D SPACE',''
  ) );
#2191 = PCURVE('',#408,#2192);
#2192 = DEFINITIONAL_REPRESENTATION('',(#2193),#2197);
#2193 = LINE('',#2194,#2195);
#2194 = CARTESIAN_POINT('',(-1.288382353821E-02,9.583177862884E-02));
#2195 = VECTOR('',#2196,1.);
#2196 = DIRECTION('',(1.,0.));
#2197 = ( GEOMETRIC_REPRESENTATION_CONTEXT(2) 
PARAMETRIC_REPRESENTATION_CONTEXT() REPRESENTATION_CONTEXT('2D SPACE',''
  ) );
#2198 = ORIENTED_EDGE('',*,*,#2199,.T.);
#2199 = EDGE_CURVE('',#2177,#2200,#2202,.T.);
#2200 = VERTEX_POINT('',#2201);
#2201 = CARTESIAN_POINT('',(-0.155572757125,-0.289112240076,1.375));
#2202 = SURFACE_CURVE('',#2203,(#2207,#2214),.PCURVE_S1.);
#2203 = LINE('',#2204,#2205);
#2204 = CARTESIAN_POINT('',(-0.148206040263,-0.304910242558,1.375));
#2205 = VECTOR('',#2206,1.);
#2206 = DIRECTION('',(-0.422617664282,0.906308065636,0.));
#2207 = PCURVE('',#1477,#2208);
#2208 = DEFINITIONAL_REPRESENTATION('',(#2209),#2213);
#2209 = LINE('',#2210,#2211);
#2210 = CARTESIAN_POINT('',(0.223891924268,-0.304910242558));
#2211 = VECTOR('',#2212,1.);
#2212 = DIRECTION('',(-0.422617664282,0.906308065636));
#2213 = ( GEOMETRIC_REPRESENTATION_CONTEXT(2) 
PARAMETRIC_REPRESENTATION_CONTEXT() REPRESENTATION_CONTEXT('2D SPACE',''
  ) );
#2214 = PCURVE('',#380,#2215);
#2215 = DEFINITIONAL_REPRESENTATION('',(#2216),#2220);
#2216 = LINE('',#2217,#2218);
#2217 = CARTESIAN_POINT('',(-1.288382724743E-02,9.583177746613E-02));
#2218 = VECTOR('',#2219,1.);
#2219 = DIRECTION('',(1.,0.));
#2220 = ( GEOMETRIC_REPRESENTATION_CONTEXT(2) 
PARAMETRIC_REPRESENTATION_CONTEXT() REPRESENTATION_CONTEXT('2D SPACE',''
  ) );
#2221 = ORIENTED_EDGE('',*,*,#2222,.T.);
#2222 = EDGE_CURVE('',#2200,#2223,#2225,.T.);
#2223 = VERTEX_POINT('',#2224);
#2224 = CARTESIAN_POINT('',(-0.16008426249,-0.272275030613,1.375));
#2225 = SURFACE_CURVE('',#2226,(#2230,#2237),.PCURVE_S1.);
#2226 = LINE('',#2227,#2228);
#2227 = CARTESIAN_POINT('',(-0.155572757125,-0.289112240076,1.375));
#2228 = VECTOR('',#2229,1.);
#2229 = DIRECTION('',(-0.258818439564,0.965925988542,0.));
#2230 = PCURVE('',#1477,#2231);
#2231 = DEFINITIONAL_REPRESENTATION('',(#2232),#2236);
#2232 = LINE('',#2233,#2234);
#2233 = CARTESIAN_POINT('',(0.216525207407,-0.289112240076));
#2234 = VECTOR('',#2235,1.);
#2235 = DIRECTION('',(-0.258818439564,0.965925988542));
#2236 = ( GEOMETRIC_REPRESENTATION_CONTEXT(2) 
PARAMETRIC_REPRESENTATION_CONTEXT() REPRESENTATION_CONTEXT('2D SPACE',''
  ) );
#2237 = PCURVE('',#352,#2238);
#2238 = DEFINITIONAL_REPRESENTATION('',(#2239),#2243);
#2239 = LINE('',#2240,#2241);
#2240 = CARTESIAN_POINT('',(-1.288382523027E-02,9.583177809844E-02));
#2241 = VECTOR('',#2242,1.);
#2242 = DIRECTION('',(1.,0.));
#2243 = ( GEOMETRIC_REPRESENTATION_CONTEXT(2) 
PARAMETRIC_REPRESENTATION_CONTEXT() REPRESENTATION_CONTEXT('2D SPACE',''
  ) );
#2244 = ORIENTED_EDGE('',*,*,#2245,.T.);
#2245 = EDGE_CURVE('',#2223,#2246,#2248,.T.);
#2246 = VERTEX_POINT('',#2247);
#2247 = CARTESIAN_POINT('',(-0.161603495479,-0.254910230637,1.375));
#2248 = SURFACE_CURVE('',#2249,(#2253,#2260),.PCURVE_S1.);
#2249 = LINE('',#2250,#2251);
#2250 = CARTESIAN_POINT('',(-0.16008426249,-0.272275030613,1.375));
#2251 = VECTOR('',#2252,1.);
#2252 = DIRECTION('',(-8.715630331023E-02,0.996194649049,0.));
#2253 = PCURVE('',#1477,#2254);
#2254 = DEFINITIONAL_REPRESENTATION('',(#2255),#2259);
#2255 = LINE('',#2256,#2257);
#2256 = CARTESIAN_POINT('',(0.212013702041,-0.272275030613));
#2257 = VECTOR('',#2258,1.);
#2258 = DIRECTION('',(-8.715630331023E-02,0.996194649049));
#2259 = ( GEOMETRIC_REPRESENTATION_CONTEXT(2) 
PARAMETRIC_REPRESENTATION_CONTEXT() REPRESENTATION_CONTEXT('2D SPACE',''
  ) );
#2260 = PCURVE('',#324,#2261);
#2261 = DEFINITIONAL_REPRESENTATION('',(#2262),#2266);
#2262 = LINE('',#2263,#2264);
#2263 = CARTESIAN_POINT('',(-1.288380525731E-02,9.583178435923E-02));
#2264 = VECTOR('',#2265,1.);
#2265 = DIRECTION('',(1.,0.));
#2266 = ( GEOMETRIC_REPRESENTATION_CONTEXT(2) 
PARAMETRIC_REPRESENTATION_CONTEXT() REPRESENTATION_CONTEXT('2D SPACE',''
  ) );
#2267 = ORIENTED_EDGE('',*,*,#2268,.T.);
#2268 = EDGE_CURVE('',#2246,#2269,#2271,.T.);
#2269 = VERTEX_POINT('',#2270);
#2270 = CARTESIAN_POINT('',(-0.161603495479,0.254910230637,1.375));
#2271 = SURFACE_CURVE('',#2272,(#2276,#2283),.PCURVE_S1.);
#2272 = LINE('',#2273,#2274);
#2273 = CARTESIAN_POINT('',(-0.161603495479,-0.254910230637,1.375));
#2274 = VECTOR('',#2275,1.);
#2275 = DIRECTION('',(0.,1.,0.));
#2276 = PCURVE('',#1477,#2277);
#2277 = DEFINITIONAL_REPRESENTATION('',(#2278),#2282);
#2278 = LINE('',#2279,#2280);
#2279 = CARTESIAN_POINT('',(0.210494469053,-0.254910230637));
#2280 = VECTOR('',#2281,1.);
#2281 = DIRECTION('',(0.,1.));
#2282 = ( GEOMETRIC_REPRESENTATION_CONTEXT(2) 
PARAMETRIC_REPRESENTATION_CONTEXT() REPRESENTATION_CONTEXT('2D SPACE',''
  ) );
#2283 = PCURVE('',#296,#2284);
#2284 = DEFINITIONAL_REPRESENTATION('',(#2285),#2289);
#2285 = LINE('',#2286,#2287);
#2286 = CARTESIAN_POINT('',(5.945657474914E-02,0.295453679729));
#2287 = VECTOR('',#2288,1.);
#2288 = DIRECTION('',(0.,-1.));
#2289 = ( GEOMETRIC_REPRESENTATION_CONTEXT(2) 
PARAMETRIC_REPRESENTATION_CONTEXT() REPRESENTATION_CONTEXT('2D SPACE',''
  ) );
#2290 = ORIENTED_EDGE('',*,*,#2291,.T.);
#2291 = EDGE_CURVE('',#2269,#2292,#2294,.T.);
#2292 = VERTEX_POINT('',#2293);
#2293 = CARTESIAN_POINT('',(-0.16008426249,0.272275030613,1.375));
#2294 = SURFACE_CURVE('',#2295,(#2299,#2306),.PCURVE_S1.);
#2295 = LINE('',#2296,#2297);
#2296 = CARTESIAN_POINT('',(-0.161603495479,0.254910230637,1.375));
#2297 = VECTOR('',#2298,1.);
#2298 = DIRECTION('',(8.715630331023E-02,0.996194649049,0.));
#2299 = PCURVE('',#1477,#2300);
#2300 = DEFINITIONAL_REPRESENTATION('',(#2301),#2305);
#2301 = LINE('',#2302,#2303);
#2302 = CARTESIAN_POINT('',(0.210494469053,0.254910230637));
#2303 = VECTOR('',#2304,1.);
#2304 = DIRECTION('',(8.715630331023E-02,0.996194649049));
#2305 = ( GEOMETRIC_REPRESENTATION_CONTEXT(2) 
PARAMETRIC_REPRESENTATION_CONTEXT() REPRESENTATION_CONTEXT('2D SPACE',''
  ) );
#2306 = PCURVE('',#268,#2307);
#2307 = DEFINITIONAL_REPRESENTATION('',(#2308),#2312);
#2308 = LINE('',#2309,#2310);
#2309 = CARTESIAN_POINT('',(-1.288380525731E-02,9.583178435923E-02));
#2310 = VECTOR('',#2311,1.);
#2311 = DIRECTION('',(1.,0.));
#2312 = ( GEOMETRIC_REPRESENTATION_CONTEXT(2) 
PARAMETRIC_REPRESENTATION_CONTEXT() REPRESENTATION_CONTEXT('2D SPACE',''
  ) );
#2313 = ORIENTED_EDGE('',*,*,#2314,.T.);
#2314 = EDGE_CURVE('',#2292,#2315,#2317,.T.);
#2315 = VERTEX_POINT('',#2316);
#2316 = CARTESIAN_POINT('',(-0.155572757125,0.289112240076,1.375));
#2317 = SURFACE_CURVE('',#2318,(#2322,#2329),.PCURVE_S1.);
#2318 = LINE('',#2319,#2320);
#2319 = CARTESIAN_POINT('',(-0.16008426249,0.272275030613,1.375));
#2320 = VECTOR('',#2321,1.);
#2321 = DIRECTION('',(0.258818439564,0.965925988542,0.));
#2322 = PCURVE('',#1477,#2323);
#2323 = DEFINITIONAL_REPRESENTATION('',(#2324),#2328);
#2324 = LINE('',#2325,#2326);
#2325 = CARTESIAN_POINT('',(0.212013702041,0.272275030613));
#2326 = VECTOR('',#2327,1.);
#2327 = DIRECTION('',(0.258818439564,0.965925988542));
#2328 = ( GEOMETRIC_REPRESENTATION_CONTEXT(2) 
PARAMETRIC_REPRESENTATION_CONTEXT() REPRESENTATION_CONTEXT('2D SPACE',''
  ) );
#2329 = PCURVE('',#240,#2330);
#2330 = DEFINITIONAL_REPRESENTATION('',(#2331),#2335);
#2331 = LINE('',#2332,#2333);
#2332 = CARTESIAN_POINT('',(-1.288382523027E-02,9.583177809844E-02));
#2333 = VECTOR('',#2334,1.);
#2334 = DIRECTION('',(1.,0.));
#2335 = ( GEOMETRIC_REPRESENTATION_CONTEXT(2) 
PARAMETRIC_REPRESENTATION_CONTEXT() REPRESENTATION_CONTEXT('2D SPACE',''
  ) );
#2336 = ORIENTED_EDGE('',*,*,#2337,.T.);
#2337 = EDGE_CURVE('',#2315,#2338,#2340,.T.);
#2338 = VERTEX_POINT('',#2339);
#2339 = CARTESIAN_POINT('',(-0.148206040263,0.304910242558,1.375));
#2340 = SURFACE_CURVE('',#2341,(#2345,#2352),.PCURVE_S1.);
#2341 = LINE('',#2342,#2343);
#2342 = CARTESIAN_POINT('',(-0.155572757125,0.289112240076,1.375));
#2343 = VECTOR('',#2344,1.);
#2344 = DIRECTION('',(0.422617664282,0.906308065636,0.));
#2345 = PCURVE('',#1477,#2346);
#2346 = DEFINITIONAL_REPRESENTATION('',(#2347),#2351);
#2347 = LINE('',#2348,#2349);
#2348 = CARTESIAN_POINT('',(0.216525207407,0.289112240076));
#2349 = VECTOR('',#2350,1.);
#2350 = DIRECTION('',(0.422617664282,0.906308065636));
#2351 = ( GEOMETRIC_REPRESENTATION_CONTEXT(2) 
PARAMETRIC_REPRESENTATION_CONTEXT() REPRESENTATION_CONTEXT('2D SPACE',''
  ) );
#2352 = PCURVE('',#212,#2353);
#2353 = DEFINITIONAL_REPRESENTATION('',(#2354),#2358);
#2354 = LINE('',#2355,#2356);
#2355 = CARTESIAN_POINT('',(-1.288382724743E-02,9.583177746613E-02));
#2356 = VECTOR('',#2357,1.);
#2357 = DIRECTION('',(1.,0.));
#2358 = ( GEOMETRIC_REPRESENTATION_CONTEXT(2) 
PARAMETRIC_REPRESENTATION_CONTEXT() REPRESENTATION_CONTEXT('2D SPACE',''
  ) );
#2359 = ORIENTED_EDGE('',*,*,#2360,.T.);
#2360 = EDGE_CURVE('',#2338,#2361,#2363,.T.);
#2361 = VERTEX_POINT('',#2362);
#2362 = CARTESIAN_POINT('',(-0.138207942247,0.319189012051,1.375));
#2363 = SURFACE_CURVE('',#2364,(#2368,#2375),.PCURVE_S1.);
#2364 = LINE('',#2365,#2366);
#2365 = CARTESIAN_POINT('',(-0.148206040263,0.304910242558,1.375));
#2366 = VECTOR('',#2367,1.);
#2367 = DIRECTION('',(0.573576281615,0.819152152636,0.));
#2368 = PCURVE('',#1477,#2369);
#2369 = DEFINITIONAL_REPRESENTATION('',(#2370),#2374);
#2370 = LINE('',#2371,#2372);
#2371 = CARTESIAN_POINT('',(0.223891924268,0.304910242558));
#2372 = VECTOR('',#2373,1.);
#2373 = DIRECTION('',(0.573576281615,0.819152152636));
#2374 = ( GEOMETRIC_REPRESENTATION_CONTEXT(2) 
PARAMETRIC_REPRESENTATION_CONTEXT() REPRESENTATION_CONTEXT('2D SPACE',''
  ) );
#2375 = PCURVE('',#184,#2376);
#2376 = DEFINITIONAL_REPRESENTATION('',(#2377),#2381);
#2377 = LINE('',#2378,#2379);
#2378 = CARTESIAN_POINT('',(-1.288382353821E-02,9.583177862884E-02));
#2379 = VECTOR('',#2380,1.);
#2380 = DIRECTION('',(1.,0.));
#2381 = ( GEOMETRIC_REPRESENTATION_CONTEXT(2) 
PARAMETRIC_REPRESENTATION_CONTEXT() REPRESENTATION_CONTEXT('2D SPACE',''
  ) );
#2382 = ORIENTED_EDGE('',*,*,#2383,.T.);
#2383 = EDGE_CURVE('',#2361,#2384,#2386,.T.);
#2384 = VERTEX_POINT('',#2385);
#2385 = CARTESIAN_POINT('',(-0.125882253051,0.331514686346,1.375));
#2386 = SURFACE_CURVE('',#2387,(#2391,#2398),.PCURVE_S1.);
#2387 = LINE('',#2388,#2389);
#2388 = CARTESIAN_POINT('',(-0.138207942247,0.319189012051,1.375));
#2389 = VECTOR('',#2390,1.);
#2390 = DIRECTION('',(0.707107208616,0.707106353757,0.));
#2391 = PCURVE('',#1477,#2392);
#2392 = DEFINITIONAL_REPRESENTATION('',(#2393),#2397);
#2393 = LINE('',#2394,#2395);
#2394 = CARTESIAN_POINT('',(0.233890022284,0.319189012051));
#2395 = VECTOR('',#2396,1.);
#2396 = DIRECTION('',(0.707107208616,0.707106353757));
#2397 = ( GEOMETRIC_REPRESENTATION_CONTEXT(2) 
PARAMETRIC_REPRESENTATION_CONTEXT() REPRESENTATION_CONTEXT('2D SPACE',''
  ) );
#2398 = PCURVE('',#156,#2399);
#2399 = DEFINITIONAL_REPRESENTATION('',(#2400),#2404);
#2400 = LINE('',#2401,#2402);
#2401 = CARTESIAN_POINT('',(1.288381599332E-02,-9.583178099389E-02));
#2402 = VECTOR('',#2403,1.);
#2403 = DIRECTION('',(-1.,0.));
#2404 = ( GEOMETRIC_REPRESENTATION_CONTEXT(2) 
PARAMETRIC_REPRESENTATION_CONTEXT() REPRESENTATION_CONTEXT('2D SPACE',''
  ) );
#2405 = ORIENTED_EDGE('',*,*,#2406,.T.);
#2406 = EDGE_CURVE('',#2384,#2407,#2409,.T.);
#2407 = VERTEX_POINT('',#2408);
#2408 = CARTESIAN_POINT('',(-0.111603491008,0.341512769461,1.375));
#2409 = SURFACE_CURVE('',#2410,(#2414,#2421),.PCURVE_S1.);
#2410 = LINE('',#2411,#2412);
#2411 = CARTESIAN_POINT('',(-0.125882253051,0.331514686346,1.375));
#2412 = VECTOR('',#2413,1.);
#2413 = DIRECTION('',(0.819152413668,0.573575908822,0.));
#2414 = PCURVE('',#1477,#2415);
#2415 = DEFINITIONAL_REPRESENTATION('',(#2416),#2420);
#2416 = LINE('',#2417,#2418);
#2417 = CARTESIAN_POINT('',(0.246215711481,0.331514686346));
#2418 = VECTOR('',#2419,1.);
#2419 = DIRECTION('',(0.819152413668,0.573575908822));
#2420 = ( GEOMETRIC_REPRESENTATION_CONTEXT(2) 
PARAMETRIC_REPRESENTATION_CONTEXT() REPRESENTATION_CONTEXT('2D SPACE',''
  ) );
#2421 = PCURVE('',#128,#2422);
#2422 = DEFINITIONAL_REPRESENTATION('',(#2423),#2427);
#2423 = LINE('',#2424,#2425);
#2424 = CARTESIAN_POINT('',(4.547329131643E-03,-0.10416826571));
#2425 = VECTOR('',#2426,1.);
#2426 = DIRECTION('',(-1.,0.));
#2427 = ( GEOMETRIC_REPRESENTATION_CONTEXT(2) 
PARAMETRIC_REPRESENTATION_CONTEXT() REPRESENTATION_CONTEXT('2D SPACE',''
  ) );
#2428 = ORIENTED_EDGE('',*,*,#2429,.T.);
#2429 = EDGE_CURVE('',#2407,#2430,#2432,.T.);
#2430 = VERTEX_POINT('',#2431);
#2431 = CARTESIAN_POINT('',(-9.580551087856E-02,0.348879486322,1.375));
#2432 = SURFACE_CURVE('',#2433,(#2437,#2444),.PCURVE_S1.);
#2433 = LINE('',#2434,#2435);
#2434 = CARTESIAN_POINT('',(-0.111603491008,0.341512769461,1.375));
#2435 = VECTOR('',#2436,1.);
#2436 = DIRECTION('',(0.906307836612,0.422618155426,0.));
#2437 = PCURVE('',#1477,#2438);
#2438 = DEFINITIONAL_REPRESENTATION('',(#2439),#2443);
#2439 = LINE('',#2440,#2441);
#2440 = CARTESIAN_POINT('',(0.260494473523,0.341512769461));
#2441 = VECTOR('',#2442,1.);
#2442 = DIRECTION('',(0.906307836612,0.422618155426));
#2443 = ( GEOMETRIC_REPRESENTATION_CONTEXT(2) 
PARAMETRIC_REPRESENTATION_CONTEXT() REPRESENTATION_CONTEXT('2D SPACE',''
  ) );
#2444 = PCURVE('',#100,#2445);
#2445 = DEFINITIONAL_REPRESENTATION('',(#2446),#2450);
#2446 = LINE('',#2447,#2448);
#2447 = CARTESIAN_POINT('',(4.547328991869E-03,-0.104168265593));
#2448 = VECTOR('',#2449,1.);
#2449 = DIRECTION('',(-1.,0.));
#2450 = ( GEOMETRIC_REPRESENTATION_CONTEXT(2) 
PARAMETRIC_REPRESENTATION_CONTEXT() REPRESENTATION_CONTEXT('2D SPACE',''
  ) );
#2451 = ORIENTED_EDGE('',*,*,#2452,.T.);
#2452 = EDGE_CURVE('',#2430,#2453,#2455,.T.);
#2453 = VERTEX_POINT('',#2454);
#2454 = CARTESIAN_POINT('',(-7.896830886602E-02,0.35339102149,1.375));
#2455 = SURFACE_CURVE('',#2456,(#2460,#2467),.PCURVE_S1.);
#2456 = LINE('',#2457,#2458);
#2457 = CARTESIAN_POINT('',(-9.580551087856E-02,0.348879486322,1.375));
#2458 = VECTOR('',#2459,1.);
#2459 = DIRECTION('',(0.965925532481,0.258820141608,0.));
#2460 = PCURVE('',#1477,#2461);
#2461 = DEFINITIONAL_REPRESENTATION('',(#2462),#2466);
#2462 = LINE('',#2463,#2464);
#2463 = CARTESIAN_POINT('',(0.276292453653,0.348879486322));
#2464 = VECTOR('',#2465,1.);
#2465 = DIRECTION('',(0.965925532481,0.258820141608));
#2466 = ( GEOMETRIC_REPRESENTATION_CONTEXT(2) 
PARAMETRIC_REPRESENTATION_CONTEXT() REPRESENTATION_CONTEXT('2D SPACE',''
  ) );
#2467 = PCURVE('',#72,#2468);
#2468 = DEFINITIONAL_REPRESENTATION('',(#2469),#2473);
#2469 = LINE('',#2470,#2471);
#2470 = CARTESIAN_POINT('',(1.288382560659E-02,-9.583177798048E-02));
#2471 = VECTOR('',#2472,1.);
#2472 = DIRECTION('',(-1.,0.));
#2473 = ( GEOMETRIC_REPRESENTATION_CONTEXT(2) 
PARAMETRIC_REPRESENTATION_CONTEXT() REPRESENTATION_CONTEXT('2D SPACE',''
  ) );
#2474 = ORIENTED_EDGE('',*,*,#2475,.T.);
#2475 = EDGE_CURVE('',#2453,#1460,#2476,.T.);
#2476 = SURFACE_CURVE('',#2477,(#2481,#2488),.PCURVE_S1.);
#2477 = LINE('',#2478,#2479);
#2478 = CARTESIAN_POINT('',(-7.896830886602E-02,0.35339102149,1.375));
#2479 = VECTOR('',#2480,1.);
#2480 = DIRECTION('',(0.996194657166,8.715621053178E-02,0.));
#2481 = PCURVE('',#1477,#2482);
#2482 = DEFINITIONAL_REPRESENTATION('',(#2483),#2487);
#2483 = LINE('',#2484,#2485);
#2484 = CARTESIAN_POINT('',(0.293129655666,0.35339102149));
#2485 = VECTOR('',#2486,1.);
#2486 = DIRECTION('',(0.996194657166,8.715621053178E-02));
#2487 = ( GEOMETRIC_REPRESENTATION_CONTEXT(2) 
PARAMETRIC_REPRESENTATION_CONTEXT() REPRESENTATION_CONTEXT('2D SPACE',''
  ) );
#2488 = PCURVE('',#44,#2489);
#2489 = DEFINITIONAL_REPRESENTATION('',(#2490),#2494);
#2490 = LINE('',#2491,#2492);
#2491 = CARTESIAN_POINT('',(1.288381877121E-02,-9.583178012312E-02));
#2492 = VECTOR('',#2493,1.);
#2493 = DIRECTION('',(-1.,0.));
#2494 = ( GEOMETRIC_REPRESENTATION_CONTEXT(2) 
PARAMETRIC_REPRESENTATION_CONTEXT() REPRESENTATION_CONTEXT('2D SPACE',''
  ) );
#2495 = ORIENTED_EDGE('',*,*,#1459,.T.);
#2496 = ORIENTED_EDGE('',*,*,#2497,.T.);
#2497 = EDGE_CURVE('',#1462,#2498,#2500,.T.);
#2498 = VERTEX_POINT('',#2499);
#2499 = CARTESIAN_POINT('',(0.608634889126,0.35339102149,1.375));
#2500 = SURFACE_CURVE('',#2501,(#2505,#2512),.PCURVE_S1.);
#2501 = LINE('',#2502,#2503);
#2502 = CARTESIAN_POINT('',(0.591270029545,0.354910254478,1.375));
#2503 = VECTOR('',#2504,1.);
#2504 = DIRECTION('',(0.996194675023,-8.715600641989E-02,0.));
#2505 = PCURVE('',#1477,#2506);
#2506 = DEFINITIONAL_REPRESENTATION('',(#2507),#2511);
#2507 = LINE('',#2508,#2509);
#2508 = CARTESIAN_POINT('',(0.963367994076,0.354910254478));
#2509 = VECTOR('',#2510,1.);
#2510 = DIRECTION('',(0.996194675023,-8.715600641989E-02));
#2511 = ( GEOMETRIC_REPRESENTATION_CONTEXT(2) 
PARAMETRIC_REPRESENTATION_CONTEXT() REPRESENTATION_CONTEXT('2D SPACE',''
  ) );
#2512 = PCURVE('',#1108,#2513);
#2513 = DEFINITIONAL_REPRESENTATION('',(#2514),#2518);
#2514 = LINE('',#2515,#2516);
#2515 = CARTESIAN_POINT('',(4.547342425413E-03,-0.10416827688));
#2516 = VECTOR('',#2517,1.);
#2517 = DIRECTION('',(-1.,0.));
#2518 = ( GEOMETRIC_REPRESENTATION_CONTEXT(2) 
PARAMETRIC_REPRESENTATION_CONTEXT() REPRESENTATION_CONTEXT('2D SPACE',''
  ) );
#2519 = ORIENTED_EDGE('',*,*,#2520,.T.);
#2520 = EDGE_CURVE('',#2498,#1646,#2521,.T.);
#2521 = SURFACE_CURVE('',#2522,(#2526,#2533),.PCURVE_S1.);
#2522 = LINE('',#2523,#2524);
#2523 = CARTESIAN_POINT('',(0.608634889126,0.35339102149,1.375));
#2524 = VECTOR('',#2525,1.);
#2525 = DIRECTION('',(0.965925446583,-0.258820462181,0.));
#2526 = PCURVE('',#1477,#2527);
#2527 = DEFINITIONAL_REPRESENTATION('',(#2528),#2532);
#2528 = LINE('',#2529,#2530);
#2529 = CARTESIAN_POINT('',(0.980732853657,0.35339102149));
#2530 = VECTOR('',#2531,1.);
#2531 = DIRECTION('',(0.965925446583,-0.258820462181));
#2532 = ( GEOMETRIC_REPRESENTATION_CONTEXT(2) 
PARAMETRIC_REPRESENTATION_CONTEXT() REPRESENTATION_CONTEXT('2D SPACE',''
  ) );
#2533 = PCURVE('',#1080,#2534);
#2534 = DEFINITIONAL_REPRESENTATION('',(#2535),#2539);
#2535 = LINE('',#2536,#2537);
#2536 = CARTESIAN_POINT('',(1.288380988265E-02,-9.583178290936E-02));
#2537 = VECTOR('',#2538,1.);
#2538 = DIRECTION('',(-1.,0.));
#2539 = ( GEOMETRIC_REPRESENTATION_CONTEXT(2) 
PARAMETRIC_REPRESENTATION_CONTEXT() REPRESENTATION_CONTEXT('2D SPACE',''
  ) );
#2540 = FACE_BOUND('',#2541,.T.);
#2541 = EDGE_LOOP('',(#2542,#2572,#2600,#2628,#2656,#2684,#2712,#2740,
    #2768,#2796,#2824,#2852,#2880,#2908,#2936,#2964,#2992,#3020,#3048,
    #3076,#3104,#3132,#3160,#3188,#3216,#3244,#3272,#3300,#3328,#3356,
    #3384,#3412,#3440,#3468,#3496,#3524,#3552,#3580,#3608,#3636));
#2542 = ORIENTED_EDGE('',*,*,#2543,.T.);
#2543 = EDGE_CURVE('',#2544,#2546,#2548,.T.);
#2544 = VERTEX_POINT('',#2545);
#2545 = CARTESIAN_POINT('',(-1.225932002068,-0.314308106899,1.375));
#2546 = VERTEX_POINT('',#2547);
#2547 = CARTESIAN_POINT('',(-1.243780374527,-0.301810473204,1.375));
#2548 = SURFACE_CURVE('',#2549,(#2553,#2560),.PCURVE_S1.);
#2549 = LINE('',#2550,#2551);
#2550 = CARTESIAN_POINT('',(-1.225932002068,-0.314308106899,1.375));
#2551 = VECTOR('',#2552,1.);
#2552 = DIRECTION('',(-0.819150561688,0.57357855372,0.));
#2553 = PCURVE('',#1477,#2554);
#2554 = DEFINITIONAL_REPRESENTATION('',(#2555),#2559);
#2555 = LINE('',#2556,#2557);
#2556 = CARTESIAN_POINT('',(-0.853834037536,-0.314308106899));
#2557 = VECTOR('',#2558,1.);
#2558 = DIRECTION('',(-0.819150561688,0.57357855372));
#2559 = ( GEOMETRIC_REPRESENTATION_CONTEXT(2) 
PARAMETRIC_REPRESENTATION_CONTEXT() REPRESENTATION_CONTEXT('2D SPACE',''
  ) );
#2560 = PCURVE('',#2561,#2566);
#2561 = PLANE('',#2562);
#2562 = AXIS2_PLACEMENT_3D('',#2563,#2564,#2565);
#2563 = CARTESIAN_POINT('',(-1.239075938416,-0.305104572954,
    1.280151349198));
#2564 = DIRECTION('',(0.57357855372,0.819150561688,0.));
#2565 = DIRECTION('',(0.819150561688,-0.57357855372,0.));
#2566 = DEFINITIONAL_REPRESENTATION('',(#2567),#2571);
#2567 = LINE('',#2568,#2569);
#2568 = CARTESIAN_POINT('',(1.604581253265E-02,-9.484865080189E-02));
#2569 = VECTOR('',#2570,1.);
#2570 = DIRECTION('',(-1.,0.));
#2571 = ( GEOMETRIC_REPRESENTATION_CONTEXT(2) 
PARAMETRIC_REPRESENTATION_CONTEXT() REPRESENTATION_CONTEXT('2D SPACE',''
  ) );
#2572 = ORIENTED_EDGE('',*,*,#2573,.T.);
#2573 = EDGE_CURVE('',#2546,#2574,#2576,.T.);
#2574 = VERTEX_POINT('',#2575);
#2575 = CARTESIAN_POINT('',(-1.259187579155,-0.286403387785,1.375));
#2576 = SURFACE_CURVE('',#2577,(#2581,#2588),.PCURVE_S1.);
#2577 = LINE('',#2578,#2579);
#2578 = CARTESIAN_POINT('',(-1.243780374527,-0.301810473204,1.375));
#2579 = VECTOR('',#2580,1.);
#2580 = DIRECTION('',(-0.70710951672,0.707104045642,0.));
#2581 = PCURVE('',#1477,#2582);
#2582 = DEFINITIONAL_REPRESENTATION('',(#2583),#2587);
#2583 = LINE('',#2584,#2585);
#2584 = CARTESIAN_POINT('',(-0.871682409995,-0.301810473204));
#2585 = VECTOR('',#2586,1.);
#2586 = DIRECTION('',(-0.70710951672,0.707104045642));
#2587 = ( GEOMETRIC_REPRESENTATION_CONTEXT(2) 
PARAMETRIC_REPRESENTATION_CONTEXT() REPRESENTATION_CONTEXT('2D SPACE',''
  ) );
#2588 = PCURVE('',#2589,#2594);
#2589 = PLANE('',#2590);
#2590 = AXIS2_PLACEMENT_3D('',#2591,#2592,#2593);
#2591 = CARTESIAN_POINT('',(-1.255126579785,-0.290464355734,
    1.280151374715));
#2592 = DIRECTION('',(0.707104045642,0.70710951672,0.));
#2593 = DIRECTION('',(0.70710951672,-0.707104045642,0.));
#2594 = DEFINITIONAL_REPRESENTATION('',(#2595),#2599);
#2595 = LINE('',#2596,#2597);
#2596 = CARTESIAN_POINT('',(1.604589528161E-02,-9.484862528506E-02));
#2597 = VECTOR('',#2598,1.);
#2598 = DIRECTION('',(-1.,0.));
#2599 = ( GEOMETRIC_REPRESENTATION_CONTEXT(2) 
PARAMETRIC_REPRESENTATION_CONTEXT() REPRESENTATION_CONTEXT('2D SPACE',''
  ) );
#2600 = ORIENTED_EDGE('',*,*,#2601,.T.);
#2601 = EDGE_CURVE('',#2574,#2602,#2604,.T.);
#2602 = VERTEX_POINT('',#2603);
#2603 = CARTESIAN_POINT('',(-1.271685242653,-0.268554925919,1.375));
#2604 = SURFACE_CURVE('',#2605,(#2609,#2616),.PCURVE_S1.);
#2605 = LINE('',#2606,#2607);
#2606 = CARTESIAN_POINT('',(-1.259187579155,-0.286403387785,1.375));
#2607 = VECTOR('',#2608,1.);
#2608 = DIRECTION('',(-0.573577543574,0.819151269002,0.));
#2609 = PCURVE('',#1477,#2610);
#2610 = DEFINITIONAL_REPRESENTATION('',(#2611),#2615);
#2611 = LINE('',#2612,#2613);
#2612 = CARTESIAN_POINT('',(-0.887089614623,-0.286403387785));
#2613 = VECTOR('',#2614,1.);
#2614 = DIRECTION('',(-0.573577543574,0.819151269002));
#2615 = ( GEOMETRIC_REPRESENTATION_CONTEXT(2) 
PARAMETRIC_REPRESENTATION_CONTEXT() REPRESENTATION_CONTEXT('2D SPACE',''
  ) );
#2616 = PCURVE('',#2617,#2622);
#2617 = PLANE('',#2618);
#2618 = AXIS2_PLACEMENT_3D('',#2619,#2620,#2621);
#2619 = CARTESIAN_POINT('',(-1.268391134348,-0.273259386594,
    1.280151369335));
#2620 = DIRECTION('',(0.819151269002,0.573577543574,0.));
#2621 = DIRECTION('',(-0.573577543574,0.819151269002,0.));
#2622 = DEFINITIONAL_REPRESENTATION('',(#2623),#2627);
#2623 = LINE('',#2624,#2625);
#2624 = CARTESIAN_POINT('',(-1.604587783565E-02,9.484863066477E-02));
#2625 = VECTOR('',#2626,1.);
#2626 = DIRECTION('',(1.,0.));
#2627 = ( GEOMETRIC_REPRESENTATION_CONTEXT(2) 
PARAMETRIC_REPRESENTATION_CONTEXT() REPRESENTATION_CONTEXT('2D SPACE',''
  ) );
#2628 = ORIENTED_EDGE('',*,*,#2629,.T.);
#2629 = EDGE_CURVE('',#2602,#2630,#2632,.T.);
#2630 = VERTEX_POINT('',#2631);
#2631 = CARTESIAN_POINT('',(-1.280893564224,-0.248807445168,1.375));
#2632 = SURFACE_CURVE('',#2633,(#2637,#2644),.PCURVE_S1.);
#2633 = LINE('',#2634,#2635);
#2634 = CARTESIAN_POINT('',(-1.271685242653,-0.268554925919,1.375));
#2635 = VECTOR('',#2636,1.);
#2636 = DIRECTION('',(-0.422615248489,0.906309192133,0.));
#2637 = PCURVE('',#1477,#2638);
#2638 = DEFINITIONAL_REPRESENTATION('',(#2639),#2643);
#2639 = LINE('',#2640,#2641);
#2640 = CARTESIAN_POINT('',(-0.899587278121,-0.268554925919));
#2641 = VECTOR('',#2642,1.);
#2642 = DIRECTION('',(-0.422615248489,0.906309192133));
#2643 = ( GEOMETRIC_REPRESENTATION_CONTEXT(2) 
PARAMETRIC_REPRESENTATION_CONTEXT() REPRESENTATION_CONTEXT('2D SPACE',''
  ) );
#2644 = PCURVE('',#2645,#2650);
#2645 = PLANE('',#2646);
#2646 = AXIS2_PLACEMENT_3D('',#2647,#2648,#2649);
#2647 = CARTESIAN_POINT('',(-1.278466454257,-0.254012444472,
    1.28015135398));
#2648 = DIRECTION('',(0.906309192133,0.422615248489,0.));
#2649 = DIRECTION('',(-0.422615248489,0.906309192133,0.));
#2650 = DEFINITIONAL_REPRESENTATION('',(#2651),#2655);
#2651 = LINE('',#2652,#2653);
#2652 = CARTESIAN_POINT('',(-1.604582803861E-02,9.484864602041E-02));
#2653 = VECTOR('',#2654,1.);
#2654 = DIRECTION('',(1.,0.));
#2655 = ( GEOMETRIC_REPRESENTATION_CONTEXT(2) 
PARAMETRIC_REPRESENTATION_CONTEXT() REPRESENTATION_CONTEXT('2D SPACE',''
  ) );
#2656 = ORIENTED_EDGE('',*,*,#2657,.T.);
#2657 = EDGE_CURVE('',#2630,#2658,#2660,.T.);
#2658 = VERTEX_POINT('',#2659);
#2659 = CARTESIAN_POINT('',(-1.286532998085,-0.227760955691,1.375));
#2660 = SURFACE_CURVE('',#2661,(#2665,#2672),.PCURVE_S1.);
#2661 = LINE('',#2662,#2663);
#2662 = CARTESIAN_POINT('',(-1.280893564224,-0.248807445168,1.375));
#2663 = VECTOR('',#2664,1.);
#2664 = DIRECTION('',(-0.258820929283,0.965925321423,0.));
#2665 = PCURVE('',#1477,#2666);
#2666 = DEFINITIONAL_REPRESENTATION('',(#2667),#2671);
#2667 = LINE('',#2668,#2669);
#2668 = CARTESIAN_POINT('',(-0.908795599693,-0.248807445168));
#2669 = VECTOR('',#2670,1.);
#2670 = DIRECTION('',(-0.258820929283,0.965925321423));
#2671 = ( GEOMETRIC_REPRESENTATION_CONTEXT(2) 
PARAMETRIC_REPRESENTATION_CONTEXT() REPRESENTATION_CONTEXT('2D SPACE',''
  ) );
#2672 = PCURVE('',#2673,#2678);
#2673 = PLANE('',#2674);
#2674 = AXIS2_PLACEMENT_3D('',#2675,#2676,#2677);
#2675 = CARTESIAN_POINT('',(-1.285046567868,-0.233308345498,
    1.280151362939));
#2676 = DIRECTION('',(0.965925321423,0.258820929283,0.));
#2677 = DIRECTION('',(-0.258820929283,0.965925321423,0.));
#2678 = DEFINITIONAL_REPRESENTATION('',(#2679),#2683);
#2679 = LINE('',#2680,#2681);
#2680 = CARTESIAN_POINT('',(-1.604585709379E-02,9.484863706082E-02));
#2681 = VECTOR('',#2682,1.);
#2682 = DIRECTION('',(1.,0.));
#2683 = ( GEOMETRIC_REPRESENTATION_CONTEXT(2) 
PARAMETRIC_REPRESENTATION_CONTEXT() REPRESENTATION_CONTEXT('2D SPACE',''
  ) );
#2684 = ORIENTED_EDGE('',*,*,#2685,.T.);
#2685 = EDGE_CURVE('',#2658,#2686,#2688,.T.);
#2686 = VERTEX_POINT('',#2687);
#2687 = CARTESIAN_POINT('',(-1.288432002068,-0.206054925919,1.375));
#2688 = SURFACE_CURVE('',#2689,(#2693,#2700),.PCURVE_S1.);
#2689 = LINE('',#2690,#2691);
#2690 = CARTESIAN_POINT('',(-1.286532998085,-0.227760955691,1.375));
#2691 = VECTOR('',#2692,1.);
#2692 = DIRECTION('',(-8.715448782497E-02,0.996194807882,0.));
#2693 = PCURVE('',#1477,#2694);
#2694 = DEFINITIONAL_REPRESENTATION('',(#2695),#2699);
#2695 = LINE('',#2696,#2697);
#2696 = CARTESIAN_POINT('',(-0.914435033553,-0.227760955691));
#2697 = VECTOR('',#2698,1.);
#2698 = DIRECTION('',(-8.715448782497E-02,0.996194807882));
#2699 = ( GEOMETRIC_REPRESENTATION_CONTEXT(2) 
PARAMETRIC_REPRESENTATION_CONTEXT() REPRESENTATION_CONTEXT('2D SPACE',''
  ) );
#2700 = PCURVE('',#2701,#2706);
#2701 = PLANE('',#2702);
#2702 = AXIS2_PLACEMENT_3D('',#2703,#2704,#2705);
#2703 = CARTESIAN_POINT('',(-1.287931466558,-0.211776155984,
    1.280151362996));
#2704 = DIRECTION('',(0.996194807882,8.715448782497E-02,0.));
#2705 = DIRECTION('',(-8.715448782497E-02,0.996194807882,0.));
#2706 = DEFINITIONAL_REPRESENTATION('',(#2707),#2711);
#2707 = LINE('',#2708,#2709);
#2708 = CARTESIAN_POINT('',(-1.604585727693E-02,9.484863700435E-02));
#2709 = VECTOR('',#2710,1.);
#2710 = DIRECTION('',(1.,0.));
#2711 = ( GEOMETRIC_REPRESENTATION_CONTEXT(2) 
PARAMETRIC_REPRESENTATION_CONTEXT() REPRESENTATION_CONTEXT('2D SPACE',''
  ) );
#2712 = ORIENTED_EDGE('',*,*,#2713,.T.);
#2713 = EDGE_CURVE('',#2686,#2714,#2716,.T.);
#2714 = VERTEX_POINT('',#2715);
#2715 = CARTESIAN_POINT('',(-1.288432002068,0.206054925919,1.375));
#2716 = SURFACE_CURVE('',#2717,(#2721,#2728),.PCURVE_S1.);
#2717 = LINE('',#2718,#2719);
#2718 = CARTESIAN_POINT('',(-1.288432002068,-0.206054925919,1.375));
#2719 = VECTOR('',#2720,1.);
#2720 = DIRECTION('',(0.,1.,0.));
#2721 = PCURVE('',#1477,#2722);
#2722 = DEFINITIONAL_REPRESENTATION('',(#2723),#2727);
#2723 = LINE('',#2724,#2725);
#2724 = CARTESIAN_POINT('',(-0.916334037536,-0.206054925919));
#2725 = VECTOR('',#2726,1.);
#2726 = DIRECTION('',(0.,1.));
#2727 = ( GEOMETRIC_REPRESENTATION_CONTEXT(2) 
PARAMETRIC_REPRESENTATION_CONTEXT() REPRESENTATION_CONTEXT('2D SPACE',''
  ) );
#2728 = PCURVE('',#2729,#2734);
#2729 = PLANE('',#2730);
#2730 = AXIS2_PLACEMENT_3D('',#2731,#2732,#2733);
#2731 = CARTESIAN_POINT('',(-1.288432002068,-3.850822184423E-02,
    1.236491754314));
#2732 = DIRECTION('',(1.,0.,0.));
#2733 = DIRECTION('',(-0.,0.,1.));
#2734 = DEFINITIONAL_REPRESENTATION('',(#2735),#2739);
#2735 = LINE('',#2736,#2737);
#2736 = CARTESIAN_POINT('',(0.138508245686,0.167546704074));
#2737 = VECTOR('',#2738,1.);
#2738 = DIRECTION('',(0.,-1.));
#2739 = ( GEOMETRIC_REPRESENTATION_CONTEXT(2) 
PARAMETRIC_REPRESENTATION_CONTEXT() REPRESENTATION_CONTEXT('2D SPACE',''
  ) );
#2740 = ORIENTED_EDGE('',*,*,#2741,.T.);
#2741 = EDGE_CURVE('',#2714,#2742,#2744,.T.);
#2742 = VERTEX_POINT('',#2743);
#2743 = CARTESIAN_POINT('',(-1.286532998085,0.227760955691,1.375));
#2744 = SURFACE_CURVE('',#2745,(#2749,#2756),.PCURVE_S1.);
#2745 = LINE('',#2746,#2747);
#2746 = CARTESIAN_POINT('',(-1.288432002068,0.206054925919,1.375));
#2747 = VECTOR('',#2748,1.);
#2748 = DIRECTION('',(8.715448782497E-02,0.996194807882,0.));
#2749 = PCURVE('',#1477,#2750);
#2750 = DEFINITIONAL_REPRESENTATION('',(#2751),#2755);
#2751 = LINE('',#2752,#2753);
#2752 = CARTESIAN_POINT('',(-0.916334037536,0.206054925919));
#2753 = VECTOR('',#2754,1.);
#2754 = DIRECTION('',(8.715448782497E-02,0.996194807882));
#2755 = ( GEOMETRIC_REPRESENTATION_CONTEXT(2) 
PARAMETRIC_REPRESENTATION_CONTEXT() REPRESENTATION_CONTEXT('2D SPACE',''
  ) );
#2756 = PCURVE('',#2757,#2762);
#2757 = PLANE('',#2758);
#2758 = AXIS2_PLACEMENT_3D('',#2759,#2760,#2761);
#2759 = CARTESIAN_POINT('',(-1.287033533595,0.222039725626,
    1.280151362996));
#2760 = DIRECTION('',(0.996194807882,-8.715448782497E-02,0.));
#2761 = DIRECTION('',(8.715448782497E-02,0.996194807882,0.));
#2762 = DEFINITIONAL_REPRESENTATION('',(#2763),#2767);
#2763 = LINE('',#2764,#2765);
#2764 = CARTESIAN_POINT('',(-1.604585727693E-02,9.484863700435E-02));
#2765 = VECTOR('',#2766,1.);
#2766 = DIRECTION('',(1.,0.));
#2767 = ( GEOMETRIC_REPRESENTATION_CONTEXT(2) 
PARAMETRIC_REPRESENTATION_CONTEXT() REPRESENTATION_CONTEXT('2D SPACE',''
  ) );
#2768 = ORIENTED_EDGE('',*,*,#2769,.T.);
#2769 = EDGE_CURVE('',#2742,#2770,#2772,.T.);
#2770 = VERTEX_POINT('',#2771);
#2771 = CARTESIAN_POINT('',(-1.280893564224,0.248807445168,1.375));
#2772 = SURFACE_CURVE('',#2773,(#2777,#2784),.PCURVE_S1.);
#2773 = LINE('',#2774,#2775);
#2774 = CARTESIAN_POINT('',(-1.286532998085,0.227760955691,1.375));
#2775 = VECTOR('',#2776,1.);
#2776 = DIRECTION('',(0.258820929283,0.965925321423,0.));
#2777 = PCURVE('',#1477,#2778);
#2778 = DEFINITIONAL_REPRESENTATION('',(#2779),#2783);
#2779 = LINE('',#2780,#2781);
#2780 = CARTESIAN_POINT('',(-0.914435033553,0.227760955691));
#2781 = VECTOR('',#2782,1.);
#2782 = DIRECTION('',(0.258820929283,0.965925321423));
#2783 = ( GEOMETRIC_REPRESENTATION_CONTEXT(2) 
PARAMETRIC_REPRESENTATION_CONTEXT() REPRESENTATION_CONTEXT('2D SPACE',''
  ) );
#2784 = PCURVE('',#2785,#2790);
#2785 = PLANE('',#2786);
#2786 = AXIS2_PLACEMENT_3D('',#2787,#2788,#2789);
#2787 = CARTESIAN_POINT('',(-1.285046567868,0.233308345498,
    1.269848589377));
#2788 = DIRECTION('',(0.965925321423,-0.258820929283,0.));
#2789 = DIRECTION('',(0.258820929283,0.965925321423,0.));
#2790 = DEFINITIONAL_REPRESENTATION('',(#2791),#2795);
#2791 = LINE('',#2792,#2793);
#2792 = CARTESIAN_POINT('',(-5.74308353172E-03,0.105151410623));
#2793 = VECTOR('',#2794,1.);
#2794 = DIRECTION('',(1.,0.));
#2795 = ( GEOMETRIC_REPRESENTATION_CONTEXT(2) 
PARAMETRIC_REPRESENTATION_CONTEXT() REPRESENTATION_CONTEXT('2D SPACE',''
  ) );
#2796 = ORIENTED_EDGE('',*,*,#2797,.T.);
#2797 = EDGE_CURVE('',#2770,#2798,#2800,.T.);
#2798 = VERTEX_POINT('',#2799);
#2799 = CARTESIAN_POINT('',(-1.271685242653,0.268554925919,1.375));
#2800 = SURFACE_CURVE('',#2801,(#2805,#2812),.PCURVE_S1.);
#2801 = LINE('',#2802,#2803);
#2802 = CARTESIAN_POINT('',(-1.280893564224,0.248807445168,1.375));
#2803 = VECTOR('',#2804,1.);
#2804 = DIRECTION('',(0.422615248489,0.906309192133,0.));
#2805 = PCURVE('',#1477,#2806);
#2806 = DEFINITIONAL_REPRESENTATION('',(#2807),#2811);
#2807 = LINE('',#2808,#2809);
#2808 = CARTESIAN_POINT('',(-0.908795599693,0.248807445168));
#2809 = VECTOR('',#2810,1.);
#2810 = DIRECTION('',(0.422615248489,0.906309192133));
#2811 = ( GEOMETRIC_REPRESENTATION_CONTEXT(2) 
PARAMETRIC_REPRESENTATION_CONTEXT() REPRESENTATION_CONTEXT('2D SPACE',''
  ) );
#2812 = PCURVE('',#2813,#2818);
#2813 = PLANE('',#2814);
#2814 = AXIS2_PLACEMENT_3D('',#2815,#2816,#2817);
#2815 = CARTESIAN_POINT('',(-1.278466454257,0.254012444472,
    1.269848598337));
#2816 = DIRECTION('',(0.906309192133,-0.422615248489,0.));
#2817 = DIRECTION('',(0.422615248489,0.906309192133,0.));
#2818 = DEFINITIONAL_REPRESENTATION('',(#2819),#2823);
#2819 = LINE('',#2820,#2821);
#2820 = CARTESIAN_POINT('',(-5.743072395704E-03,0.105151401663));
#2821 = VECTOR('',#2822,1.);
#2822 = DIRECTION('',(1.,0.));
#2823 = ( GEOMETRIC_REPRESENTATION_CONTEXT(2) 
PARAMETRIC_REPRESENTATION_CONTEXT() REPRESENTATION_CONTEXT('2D SPACE',''
  ) );
#2824 = ORIENTED_EDGE('',*,*,#2825,.T.);
#2825 = EDGE_CURVE('',#2798,#2826,#2828,.T.);
#2826 = VERTEX_POINT('',#2827);
#2827 = CARTESIAN_POINT('',(-1.259187579155,0.286403387785,1.375));
#2828 = SURFACE_CURVE('',#2829,(#2833,#2840),.PCURVE_S1.);
#2829 = LINE('',#2830,#2831);
#2830 = CARTESIAN_POINT('',(-1.271685242653,0.268554925919,1.375));
#2831 = VECTOR('',#2832,1.);
#2832 = DIRECTION('',(0.573577543574,0.819151269002,0.));
#2833 = PCURVE('',#1477,#2834);
#2834 = DEFINITIONAL_REPRESENTATION('',(#2835),#2839);
#2835 = LINE('',#2836,#2837);
#2836 = CARTESIAN_POINT('',(-0.899587278121,0.268554925919));
#2837 = VECTOR('',#2838,1.);
#2838 = DIRECTION('',(0.573577543574,0.819151269002));
#2839 = ( GEOMETRIC_REPRESENTATION_CONTEXT(2) 
PARAMETRIC_REPRESENTATION_CONTEXT() REPRESENTATION_CONTEXT('2D SPACE',''
  ) );
#2840 = PCURVE('',#2841,#2846);
#2841 = PLANE('',#2842);
#2842 = AXIS2_PLACEMENT_3D('',#2843,#2844,#2845);
#2843 = CARTESIAN_POINT('',(-1.268391134348,0.273259386594,
    1.269848582981));
#2844 = DIRECTION('',(0.819151269002,-0.573577543574,0.));
#2845 = DIRECTION('',(0.573577543574,0.819151269002,0.));
#2846 = DEFINITIONAL_REPRESENTATION('',(#2847),#2851);
#2847 = LINE('',#2848,#2849);
#2848 = CARTESIAN_POINT('',(-5.743091481478E-03,0.105151417019));
#2849 = VECTOR('',#2850,1.);
#2850 = DIRECTION('',(1.,0.));
#2851 = ( GEOMETRIC_REPRESENTATION_CONTEXT(2) 
PARAMETRIC_REPRESENTATION_CONTEXT() REPRESENTATION_CONTEXT('2D SPACE',''
  ) );
#2852 = ORIENTED_EDGE('',*,*,#2853,.T.);
#2853 = EDGE_CURVE('',#2826,#2854,#2856,.T.);
#2854 = VERTEX_POINT('',#2855);
#2855 = CARTESIAN_POINT('',(-1.243780374527,0.301810473204,1.375));
#2856 = SURFACE_CURVE('',#2857,(#2861,#2868),.PCURVE_S1.);
#2857 = LINE('',#2858,#2859);
#2858 = CARTESIAN_POINT('',(-1.259187579155,0.286403387785,1.375));
#2859 = VECTOR('',#2860,1.);
#2860 = DIRECTION('',(0.70710951672,0.707104045642,0.));
#2861 = PCURVE('',#1477,#2862);
#2862 = DEFINITIONAL_REPRESENTATION('',(#2863),#2867);
#2863 = LINE('',#2864,#2865);
#2864 = CARTESIAN_POINT('',(-0.887089614623,0.286403387785));
#2865 = VECTOR('',#2866,1.);
#2866 = DIRECTION('',(0.70710951672,0.707104045642));
#2867 = ( GEOMETRIC_REPRESENTATION_CONTEXT(2) 
PARAMETRIC_REPRESENTATION_CONTEXT() REPRESENTATION_CONTEXT('2D SPACE',''
  ) );
#2868 = PCURVE('',#2869,#2874);
#2869 = PLANE('',#2870);
#2870 = AXIS2_PLACEMENT_3D('',#2871,#2872,#2873);
#2871 = CARTESIAN_POINT('',(-1.247841373897,0.297749505255,
    1.280151374715));
#2872 = DIRECTION('',(0.707104045642,-0.70710951672,-0.));
#2873 = DIRECTION('',(-0.70710951672,-0.707104045642,0.));
#2874 = DEFINITIONAL_REPRESENTATION('',(#2875),#2879);
#2875 = LINE('',#2876,#2877);
#2876 = CARTESIAN_POINT('',(1.604589528161E-02,-9.484862528506E-02));
#2877 = VECTOR('',#2878,1.);
#2878 = DIRECTION('',(-1.,0.));
#2879 = ( GEOMETRIC_REPRESENTATION_CONTEXT(2) 
PARAMETRIC_REPRESENTATION_CONTEXT() REPRESENTATION_CONTEXT('2D SPACE',''
  ) );
#2880 = ORIENTED_EDGE('',*,*,#2881,.T.);
#2881 = EDGE_CURVE('',#2854,#2882,#2884,.T.);
#2882 = VERTEX_POINT('',#2883);
#2883 = CARTESIAN_POINT('',(-1.225932002068,0.314308106899,1.375));
#2884 = SURFACE_CURVE('',#2885,(#2889,#2896),.PCURVE_S1.);
#2885 = LINE('',#2886,#2887);
#2886 = CARTESIAN_POINT('',(-1.243780374527,0.301810473204,1.375));
#2887 = VECTOR('',#2888,1.);
#2888 = DIRECTION('',(0.819150561688,0.57357855372,0.));
#2889 = PCURVE('',#1477,#2890);
#2890 = DEFINITIONAL_REPRESENTATION('',(#2891),#2895);
#2891 = LINE('',#2892,#2893);
#2892 = CARTESIAN_POINT('',(-0.871682409995,0.301810473204));
#2893 = VECTOR('',#2894,1.);
#2894 = DIRECTION('',(0.819150561688,0.57357855372));
#2895 = ( GEOMETRIC_REPRESENTATION_CONTEXT(2) 
PARAMETRIC_REPRESENTATION_CONTEXT() REPRESENTATION_CONTEXT('2D SPACE',''
  ) );
#2896 = PCURVE('',#2897,#2902);
#2897 = PLANE('',#2898);
#2898 = AXIS2_PLACEMENT_3D('',#2899,#2900,#2901);
#2899 = CARTESIAN_POINT('',(-1.239075938416,0.305104572954,
    1.269848603118));
#2900 = DIRECTION('',(0.57357855372,-0.819150561688,-0.));
#2901 = DIRECTION('',(-0.819150561688,-0.57357855372,0.));
#2902 = DEFINITIONAL_REPRESENTATION('',(#2903),#2907);
#2903 = LINE('',#2904,#2905);
#2904 = CARTESIAN_POINT('',(5.743066452722E-03,-0.105151396882));
#2905 = VECTOR('',#2906,1.);
#2906 = DIRECTION('',(-1.,0.));
#2907 = ( GEOMETRIC_REPRESENTATION_CONTEXT(2) 
PARAMETRIC_REPRESENTATION_CONTEXT() REPRESENTATION_CONTEXT('2D SPACE',''
  ) );
#2908 = ORIENTED_EDGE('',*,*,#2909,.T.);
#2909 = EDGE_CURVE('',#2882,#2910,#2912,.T.);
#2910 = VERTEX_POINT('',#2911);
#2911 = CARTESIAN_POINT('',(-1.206184506416,0.323516488075,1.375));
#2912 = SURFACE_CURVE('',#2913,(#2917,#2924),.PCURVE_S1.);
#2913 = LINE('',#2914,#2915);
#2914 = CARTESIAN_POINT('',(-1.225932002068,0.314308106899,1.375));
#2915 = VECTOR('',#2916,1.);
#2916 = DIRECTION('',(0.906308266506,0.422617233513,0.));
#2917 = PCURVE('',#1477,#2918);
#2918 = DEFINITIONAL_REPRESENTATION('',(#2919),#2923);
#2919 = LINE('',#2920,#2921);
#2920 = CARTESIAN_POINT('',(-0.853834037536,0.314308106899));
#2921 = VECTOR('',#2922,1.);
#2922 = DIRECTION('',(0.906308266506,0.422617233513));
#2923 = ( GEOMETRIC_REPRESENTATION_CONTEXT(2) 
PARAMETRIC_REPRESENTATION_CONTEXT() REPRESENTATION_CONTEXT('2D SPACE',''
  ) );
#2924 = PCURVE('',#2925,#2930);
#2925 = PLANE('',#2926);
#2926 = AXIS2_PLACEMENT_3D('',#2927,#2928,#2929);
#2927 = CARTESIAN_POINT('',(-1.220726998363,0.316735232798,
    1.269848589711));
#2928 = DIRECTION('',(0.422617233513,-0.906308266506,-0.));
#2929 = DIRECTION('',(-0.906308266506,-0.422617233513,0.));
#2930 = DEFINITIONAL_REPRESENTATION('',(#2931),#2935);
#2931 = LINE('',#2932,#2933);
#2932 = CARTESIAN_POINT('',(5.743083117142E-03,-0.105151410289));
#2933 = VECTOR('',#2934,1.);
#2934 = DIRECTION('',(-1.,0.));
#2935 = ( GEOMETRIC_REPRESENTATION_CONTEXT(2) 
PARAMETRIC_REPRESENTATION_CONTEXT() REPRESENTATION_CONTEXT('2D SPACE',''
  ) );
#2936 = ORIENTED_EDGE('',*,*,#2937,.T.);
#2937 = EDGE_CURVE('',#2910,#2938,#2940,.T.);
#2938 = VERTEX_POINT('',#2939);
#2939 = CARTESIAN_POINT('',(-1.185137987137,0.329155921936,1.375));
#2940 = SURFACE_CURVE('',#2941,(#2945,#2952),.PCURVE_S1.);
#2941 = LINE('',#2942,#2943);
#2942 = CARTESIAN_POINT('',(-1.206184506416,0.323516488075,1.375));
#2943 = VECTOR('',#2944,1.);
#2944 = DIRECTION('',(0.965925413047,0.258820587337,0.));
#2945 = PCURVE('',#1477,#2946);
#2946 = DEFINITIONAL_REPRESENTATION('',(#2947),#2951);
#2947 = LINE('',#2948,#2949);
#2948 = CARTESIAN_POINT('',(-0.834086541885,0.323516488075));
#2949 = VECTOR('',#2950,1.);
#2950 = DIRECTION('',(0.965925413047,0.258820587337));
#2951 = ( GEOMETRIC_REPRESENTATION_CONTEXT(2) 
PARAMETRIC_REPRESENTATION_CONTEXT() REPRESENTATION_CONTEXT('2D SPACE',''
  ) );
#2952 = PCURVE('',#2953,#2958);
#2953 = PLANE('',#2954);
#2954 = AXIS2_PLACEMENT_3D('',#2955,#2956,#2957);
#2955 = CARTESIAN_POINT('',(-1.200637108379,0.325002918392,1.26984858296
    ));
#2956 = DIRECTION('',(0.258820587337,-0.965925413047,-0.));
#2957 = DIRECTION('',(-0.965925413047,-0.258820587337,0.));
#2958 = DEFINITIONAL_REPRESENTATION('',(#2959),#2963);
#2959 = LINE('',#2960,#2961);
#2960 = CARTESIAN_POINT('',(5.743091507856E-03,-0.10515141704));
#2961 = VECTOR('',#2962,1.);
#2962 = DIRECTION('',(-1.,0.));
#2963 = ( GEOMETRIC_REPRESENTATION_CONTEXT(2) 
PARAMETRIC_REPRESENTATION_CONTEXT() REPRESENTATION_CONTEXT('2D SPACE',''
  ) );
#2964 = ORIENTED_EDGE('',*,*,#2965,.T.);
#2965 = EDGE_CURVE('',#2938,#2966,#2968,.T.);
#2966 = VERTEX_POINT('',#2967);
#2967 = CARTESIAN_POINT('',(-1.163432002068,0.331054925919,1.375));
#2968 = SURFACE_CURVE('',#2969,(#2973,#2980),.PCURVE_S1.);
#2969 = LINE('',#2970,#2971);
#2970 = CARTESIAN_POINT('',(-1.185137987137,0.329155921936,1.375));
#2971 = VECTOR('',#2972,1.);
#2972 = DIRECTION('',(0.996194792298,8.715466595624E-02,0.));
#2973 = PCURVE('',#1477,#2974);
#2974 = DEFINITIONAL_REPRESENTATION('',(#2975),#2979);
#2975 = LINE('',#2976,#2977);
#2976 = CARTESIAN_POINT('',(-0.813040022605,0.329155921936));
#2977 = VECTOR('',#2978,1.);
#2978 = DIRECTION('',(0.996194792298,8.715466595624E-02));
#2979 = ( GEOMETRIC_REPRESENTATION_CONTEXT(2) 
PARAMETRIC_REPRESENTATION_CONTEXT() REPRESENTATION_CONTEXT('2D SPACE',''
  ) );
#2980 = PCURVE('',#2981,#2986);
#2981 = PLANE('',#2982);
#2982 = AXIS2_PLACEMENT_3D('',#2983,#2984,#2985);
#2983 = CARTESIAN_POINT('',(-1.169153219751,0.330554390461,
    1.280151353068));
#2984 = DIRECTION('',(8.715466595624E-02,-0.996194792298,-0.));
#2985 = DIRECTION('',(-0.996194792298,-8.715466595624E-02,0.));
#2986 = DEFINITIONAL_REPRESENTATION('',(#2987),#2991);
#2987 = LINE('',#2988,#2989);
#2988 = CARTESIAN_POINT('',(1.604582508268E-02,-9.484864693191E-02));
#2989 = VECTOR('',#2990,1.);
#2990 = DIRECTION('',(-1.,0.));
#2991 = ( GEOMETRIC_REPRESENTATION_CONTEXT(2) 
PARAMETRIC_REPRESENTATION_CONTEXT() REPRESENTATION_CONTEXT('2D SPACE',''
  ) );
#2992 = ORIENTED_EDGE('',*,*,#2993,.T.);
#2993 = EDGE_CURVE('',#2966,#2994,#2996,.T.);
#2994 = VERTEX_POINT('',#2995);
#2995 = CARTESIAN_POINT('',(-0.879046022892,0.331054925919,1.375));
#2996 = SURFACE_CURVE('',#2997,(#3001,#3008),.PCURVE_S1.);
#2997 = LINE('',#2998,#2999);
#2998 = CARTESIAN_POINT('',(-1.163432002068,0.331054925919,1.375));
#2999 = VECTOR('',#3000,1.);
#3000 = DIRECTION('',(1.,0.,0.));
#3001 = PCURVE('',#1477,#3002);
#3002 = DEFINITIONAL_REPRESENTATION('',(#3003),#3007);
#3003 = LINE('',#3004,#3005);
#3004 = CARTESIAN_POINT('',(-0.791334037536,0.331054925919));
#3005 = VECTOR('',#3006,1.);
#3006 = DIRECTION('',(1.,0.));
#3007 = ( GEOMETRIC_REPRESENTATION_CONTEXT(2) 
PARAMETRIC_REPRESENTATION_CONTEXT() REPRESENTATION_CONTEXT('2D SPACE',''
  ) );
#3008 = PCURVE('',#3009,#3014);
#3009 = PLANE('',#3010);
#3010 = AXIS2_PLACEMENT_3D('',#3011,#3012,#3013);
#3011 = CARTESIAN_POINT('',(-0.987060356429,0.331054925919,
    1.309178632209));
#3012 = DIRECTION('',(-0.,-1.,-0.));
#3013 = DIRECTION('',(0.,0.,-1.));
#3014 = DEFINITIONAL_REPRESENTATION('',(#3015),#3019);
#3015 = LINE('',#3016,#3017);
#3016 = CARTESIAN_POINT('',(-6.582136779116E-02,-0.176371645638));
#3017 = VECTOR('',#3018,1.);
#3018 = DIRECTION('',(0.,1.));
#3019 = ( GEOMETRIC_REPRESENTATION_CONTEXT(2) 
PARAMETRIC_REPRESENTATION_CONTEXT() REPRESENTATION_CONTEXT('2D SPACE',''
  ) );
#3020 = ORIENTED_EDGE('',*,*,#3021,.T.);
#3021 = EDGE_CURVE('',#2994,#3022,#3024,.T.);
#3022 = VERTEX_POINT('',#3023);
#3023 = CARTESIAN_POINT('',(-0.857339978218,0.329155921936,1.375));
#3024 = SURFACE_CURVE('',#3025,(#3029,#3036),.PCURVE_S1.);
#3025 = LINE('',#3026,#3027);
#3026 = CARTESIAN_POINT('',(-0.879046022892,0.331054925919,1.375));
#3027 = VECTOR('',#3028,1.);
#3028 = DIRECTION('',(0.996194813077,-8.715442844805E-02,0.));
#3029 = PCURVE('',#1477,#3030);
#3030 = DEFINITIONAL_REPRESENTATION('',(#3031),#3035);
#3031 = LINE('',#3032,#3033);
#3032 = CARTESIAN_POINT('',(-0.50694805836,0.331054925919));
#3033 = VECTOR('',#3034,1.);
#3034 = DIRECTION('',(0.996194813077,-8.715442844805E-02));
#3035 = ( GEOMETRIC_REPRESENTATION_CONTEXT(2) 
PARAMETRIC_REPRESENTATION_CONTEXT() REPRESENTATION_CONTEXT('2D SPACE',''
  ) );
#3036 = PCURVE('',#3037,#3042);
#3037 = PLANE('',#3038);
#3038 = AXIS2_PLACEMENT_3D('',#3039,#3040,#3041);
#3039 = CARTESIAN_POINT('',(-0.873324788699,0.330554390391,
    1.269848586011));
#3040 = DIRECTION('',(-8.715442844805E-02,-0.996194813077,-0.));
#3041 = DIRECTION('',(-0.996194813077,8.715442844805E-02,0.));
#3042 = DEFINITIONAL_REPRESENTATION('',(#3043),#3047);
#3043 = LINE('',#3044,#3045);
#3044 = CARTESIAN_POINT('',(5.743087714953E-03,-0.105151413989));
#3045 = VECTOR('',#3046,1.);
#3046 = DIRECTION('',(-1.,0.));
#3047 = ( GEOMETRIC_REPRESENTATION_CONTEXT(2) 
PARAMETRIC_REPRESENTATION_CONTEXT() REPRESENTATION_CONTEXT('2D SPACE',''
  ) );
#3048 = ORIENTED_EDGE('',*,*,#3049,.T.);
#3049 = EDGE_CURVE('',#3022,#3050,#3052,.T.);
#3050 = VERTEX_POINT('',#3051);
#3051 = CARTESIAN_POINT('',(-0.836293518543,0.323516488075,1.375));
#3052 = SURFACE_CURVE('',#3053,(#3057,#3064),.PCURVE_S1.);
#3053 = LINE('',#3054,#3055);
#3054 = CARTESIAN_POINT('',(-0.857339978218,0.329155921936,1.375));
#3055 = VECTOR('',#3056,1.);
#3056 = DIRECTION('',(0.965925229798,-0.258821271229,0.));
#3057 = PCURVE('',#1477,#3058);
#3058 = DEFINITIONAL_REPRESENTATION('',(#3059),#3063);
#3059 = LINE('',#3060,#3061);
#3060 = CARTESIAN_POINT('',(-0.485242013686,0.329155921936));
#3061 = VECTOR('',#3062,1.);
#3062 = DIRECTION('',(0.965925229798,-0.258821271229));
#3063 = ( GEOMETRIC_REPRESENTATION_CONTEXT(2) 
PARAMETRIC_REPRESENTATION_CONTEXT() REPRESENTATION_CONTEXT('2D SPACE',''
  ) );
#3064 = PCURVE('',#3065,#3070);
#3065 = PLANE('',#3066);
#3066 = AXIS2_PLACEMENT_3D('',#3067,#3068,#3069);
#3067 = CARTESIAN_POINT('',(-0.851792596642,0.32766949182,1.269848595794
    ));
#3068 = DIRECTION('',(-0.258821271229,-0.965925229798,-0.));
#3069 = DIRECTION('',(-0.965925229798,0.258821271229,0.));
#3070 = DEFINITIONAL_REPRESENTATION('',(#3071),#3075);
#3071 = LINE('',#3072,#3073);
#3072 = CARTESIAN_POINT('',(5.743075555586E-03,-0.105151404206));
#3073 = VECTOR('',#3074,1.);
#3074 = DIRECTION('',(-1.,0.));
#3075 = ( GEOMETRIC_REPRESENTATION_CONTEXT(2) 
PARAMETRIC_REPRESENTATION_CONTEXT() REPRESENTATION_CONTEXT('2D SPACE',''
  ) );
#3076 = ORIENTED_EDGE('',*,*,#3077,.T.);
#3077 = EDGE_CURVE('',#3050,#3078,#3080,.T.);
#3078 = VERTEX_POINT('',#3079);
#3079 = CARTESIAN_POINT('',(-0.816546022892,0.314308106899,1.375));
#3080 = SURFACE_CURVE('',#3081,(#3085,#3092),.PCURVE_S1.);
#3081 = LINE('',#3082,#3083);
#3082 = CARTESIAN_POINT('',(-0.836293518543,0.323516488075,1.375));
#3083 = VECTOR('',#3084,1.);
#3084 = DIRECTION('',(0.906308266506,-0.422617233513,0.));
#3085 = PCURVE('',#1477,#3086);
#3086 = DEFINITIONAL_REPRESENTATION('',(#3087),#3091);
#3087 = LINE('',#3088,#3089);
#3088 = CARTESIAN_POINT('',(-0.464195554012,0.323516488075));
#3089 = VECTOR('',#3090,1.);
#3090 = DIRECTION('',(0.906308266506,-0.422617233513));
#3091 = ( GEOMETRIC_REPRESENTATION_CONTEXT(2) 
PARAMETRIC_REPRESENTATION_CONTEXT() REPRESENTATION_CONTEXT('2D SPACE',''
  ) );
#3092 = PCURVE('',#3093,#3098);
#3093 = PLANE('',#3094);
#3094 = AXIS2_PLACEMENT_3D('',#3095,#3096,#3097);
#3095 = CARTESIAN_POINT('',(-0.821751026596,0.316735232798,
    1.280151362606));
#3096 = DIRECTION('',(-0.422617233513,-0.906308266506,-0.));
#3097 = DIRECTION('',(-0.906308266506,0.422617233513,0.));
#3098 = DEFINITIONAL_REPRESENTATION('',(#3099),#3103);
#3099 = LINE('',#3100,#3101);
#3100 = CARTESIAN_POINT('',(1.604585601211E-02,-9.484863739437E-02));
#3101 = VECTOR('',#3102,1.);
#3102 = DIRECTION('',(-1.,0.));
#3103 = ( GEOMETRIC_REPRESENTATION_CONTEXT(2) 
PARAMETRIC_REPRESENTATION_CONTEXT() REPRESENTATION_CONTEXT('2D SPACE',''
  ) );
#3104 = ORIENTED_EDGE('',*,*,#3105,.T.);
#3105 = EDGE_CURVE('',#3078,#3106,#3108,.T.);
#3106 = VERTEX_POINT('',#3107);
#3107 = CARTESIAN_POINT('',(-0.798697531223,0.301810473204,1.375));
#3108 = SURFACE_CURVE('',#3109,(#3113,#3120),.PCURVE_S1.);
#3109 = LINE('',#3110,#3111);
#3110 = CARTESIAN_POINT('',(-0.816546022892,0.314308106899,1.375));
#3111 = VECTOR('',#3112,1.);
#3112 = DIRECTION('',(0.819152361628,-0.573575983144,0.));
#3113 = PCURVE('',#1477,#3114);
#3114 = DEFINITIONAL_REPRESENTATION('',(#3115),#3119);
#3115 = LINE('',#3116,#3117);
#3116 = CARTESIAN_POINT('',(-0.44444805836,0.314308106899));
#3117 = VECTOR('',#3118,1.);
#3118 = DIRECTION('',(0.819152361628,-0.573575983144));
#3119 = ( GEOMETRIC_REPRESENTATION_CONTEXT(2) 
PARAMETRIC_REPRESENTATION_CONTEXT() REPRESENTATION_CONTEXT('2D SPACE',''
  ) );
#3120 = PCURVE('',#3121,#3126);
#3121 = PLANE('',#3122);
#3122 = AXIS2_PLACEMENT_3D('',#3123,#3124,#3125);
#3123 = CARTESIAN_POINT('',(-0.811841554281,0.311014006393,1.26984858135
    ));
#3124 = DIRECTION('',(-0.573575983144,-0.819152361628,-0.));
#3125 = DIRECTION('',(-0.819152361628,0.573575983144,0.));
#3126 = DEFINITIONAL_REPRESENTATION('',(#3127),#3131);
#3127 = LINE('',#3128,#3129);
#3128 = CARTESIAN_POINT('',(5.743093509316E-03,-0.10515141865));
#3129 = VECTOR('',#3130,1.);
#3130 = DIRECTION('',(-1.,0.));
#3131 = ( GEOMETRIC_REPRESENTATION_CONTEXT(2) 
PARAMETRIC_REPRESENTATION_CONTEXT() REPRESENTATION_CONTEXT('2D SPACE',''
  ) );
#3132 = ORIENTED_EDGE('',*,*,#3133,.T.);
#3133 = EDGE_CURVE('',#3106,#3134,#3136,.T.);
#3134 = VERTEX_POINT('',#3135);
#3135 = CARTESIAN_POINT('',(-0.783290445805,0.286403387785,1.375));
#3136 = SURFACE_CURVE('',#3137,(#3141,#3148),.PCURVE_S1.);
#3137 = LINE('',#3138,#3139);
#3138 = CARTESIAN_POINT('',(-0.798697531223,0.301810473204,1.375));
#3139 = VECTOR('',#3140,1.);
#3140 = DIRECTION('',(0.707106781187,-0.707106781187,0.));
#3141 = PCURVE('',#1477,#3142);
#3142 = DEFINITIONAL_REPRESENTATION('',(#3143),#3147);
#3143 = LINE('',#3144,#3145);
#3144 = CARTESIAN_POINT('',(-0.426599566692,0.301810473204));
#3145 = VECTOR('',#3146,1.);
#3146 = DIRECTION('',(0.707106781187,-0.707106781187));
#3147 = ( GEOMETRIC_REPRESENTATION_CONTEXT(2) 
PARAMETRIC_REPRESENTATION_CONTEXT() REPRESENTATION_CONTEXT('2D SPACE',''
  ) );
#3148 = PCURVE('',#3149,#3154);
#3149 = PLANE('',#3150);
#3150 = AXIS2_PLACEMENT_3D('',#3151,#3152,#3153);
#3151 = CARTESIAN_POINT('',(-0.794636564079,0.297749506059,
    1.269848596392));
#3152 = DIRECTION('',(-0.707106781187,-0.707106781187,-0.));
#3153 = DIRECTION('',(-0.707106781187,0.707106781187,0.));
#3154 = DEFINITIONAL_REPRESENTATION('',(#3155),#3159);
#3155 = LINE('',#3156,#3157);
#3156 = CARTESIAN_POINT('',(5.74307481221E-03,-0.105151403608));
#3157 = VECTOR('',#3158,1.);
#3158 = DIRECTION('',(-1.,0.));
#3159 = ( GEOMETRIC_REPRESENTATION_CONTEXT(2) 
PARAMETRIC_REPRESENTATION_CONTEXT() REPRESENTATION_CONTEXT('2D SPACE',''
  ) );
#3160 = ORIENTED_EDGE('',*,*,#3161,.T.);
#3161 = EDGE_CURVE('',#3134,#3162,#3164,.T.);
#3162 = VERTEX_POINT('',#3163);
#3163 = CARTESIAN_POINT('',(-0.770792841911,0.268554925919,1.375));
#3164 = SURFACE_CURVE('',#3165,(#3169,#3176),.PCURVE_S1.);
#3165 = LINE('',#3166,#3167);
#3166 = CARTESIAN_POINT('',(-0.783290445805,0.286403387785,1.375));
#3167 = VECTOR('',#3168,1.);
#3168 = DIRECTION('',(0.573575707997,-0.819152554288,0.));
#3169 = PCURVE('',#1477,#3170);
#3170 = DEFINITIONAL_REPRESENTATION('',(#3171),#3175);
#3171 = LINE('',#3172,#3173);
#3172 = CARTESIAN_POINT('',(-0.411192481273,0.286403387785));
#3173 = VECTOR('',#3174,1.);
#3174 = DIRECTION('',(0.573575707997,-0.819152554288));
#3175 = ( GEOMETRIC_REPRESENTATION_CONTEXT(2) 
PARAMETRIC_REPRESENTATION_CONTEXT() REPRESENTATION_CONTEXT('2D SPACE',''
  ) );
#3176 = PCURVE('',#3177,#3182);
#3177 = PLANE('',#3178);
#3178 = AXIS2_PLACEMENT_3D('',#3179,#3180,#3181);
#3179 = CARTESIAN_POINT('',(-0.774086934241,0.273259386216,
    1.280151361714));
#3180 = DIRECTION('',(-0.819152554288,-0.573575707997,-0.));
#3181 = DIRECTION('',(0.573575707997,-0.819152554288,0.));
#3182 = DEFINITIONAL_REPRESENTATION('',(#3183),#3187);
#3183 = LINE('',#3184,#3185);
#3184 = CARTESIAN_POINT('',(-1.604585312045E-02,9.484863828606E-02));
#3185 = VECTOR('',#3186,1.);
#3186 = DIRECTION('',(1.,0.));
#3187 = ( GEOMETRIC_REPRESENTATION_CONTEXT(2) 
PARAMETRIC_REPRESENTATION_CONTEXT() REPRESENTATION_CONTEXT('2D SPACE',''
  ) );
#3188 = ORIENTED_EDGE('',*,*,#3189,.T.);
#3189 = EDGE_CURVE('',#3162,#3190,#3192,.T.);
#3190 = VERTEX_POINT('',#3191);
#3191 = CARTESIAN_POINT('',(-0.761584401131,0.248807445168,1.375));
#3192 = SURFACE_CURVE('',#3193,(#3197,#3204),.PCURVE_S1.);
#3193 = LINE('',#3194,#3195);
#3194 = CARTESIAN_POINT('',(-0.770792841911,0.268554925919,1.375));
#3195 = VECTOR('',#3196,1.);
#3196 = DIRECTION('',(0.422619742416,-0.906307096585,0.));
#3197 = PCURVE('',#1477,#3198);
#3198 = DEFINITIONAL_REPRESENTATION('',(#3199),#3203);
#3199 = LINE('',#3200,#3201);
#3200 = CARTESIAN_POINT('',(-0.39869487738,0.268554925919));
#3201 = VECTOR('',#3202,1.);
#3202 = DIRECTION('',(0.422619742416,-0.906307096585));
#3203 = ( GEOMETRIC_REPRESENTATION_CONTEXT(2) 
PARAMETRIC_REPRESENTATION_CONTEXT() REPRESENTATION_CONTEXT('2D SPACE',''
  ) );
#3204 = PCURVE('',#3205,#3210);
#3205 = PLANE('',#3206);
#3206 = AXIS2_PLACEMENT_3D('',#3207,#3208,#3209);
#3207 = CARTESIAN_POINT('',(-0.768365700235,0.263349925999,
    1.269848587106));
#3208 = DIRECTION('',(-0.906307096585,-0.422619742416,-0.));
#3209 = DIRECTION('',(0.422619742416,-0.906307096585,0.));
#3210 = DEFINITIONAL_REPRESENTATION('',(#3211),#3215);
#3211 = LINE('',#3212,#3213);
#3212 = CARTESIAN_POINT('',(-5.743086354772E-03,0.105151412894));
#3213 = VECTOR('',#3214,1.);
#3214 = DIRECTION('',(1.,0.));
#3215 = ( GEOMETRIC_REPRESENTATION_CONTEXT(2) 
PARAMETRIC_REPRESENTATION_CONTEXT() REPRESENTATION_CONTEXT('2D SPACE',''
  ) );
#3216 = ORIENTED_EDGE('',*,*,#3217,.T.);
#3217 = EDGE_CURVE('',#3190,#3218,#3220,.T.);
#3218 = VERTEX_POINT('',#3219);
#3219 = CARTESIAN_POINT('',(-0.755945086479,0.227760955691,1.375));
#3220 = SURFACE_CURVE('',#3221,(#3225,#3232),.PCURVE_S1.);
#3221 = LINE('',#3222,#3223);
#3222 = CARTESIAN_POINT('',(-0.761584401131,0.248807445168,1.375));
#3223 = VECTOR('',#3224,1.);
#3224 = DIRECTION('',(0.258815824679,-0.965926689193,0.));
#3225 = PCURVE('',#1477,#3226);
#3226 = DEFINITIONAL_REPRESENTATION('',(#3227),#3231);
#3227 = LINE('',#3228,#3229);
#3228 = CARTESIAN_POINT('',(-0.389486436599,0.248807445168));
#3229 = VECTOR('',#3230,1.);
#3230 = DIRECTION('',(0.258815824679,-0.965926689193));
#3231 = ( GEOMETRIC_REPRESENTATION_CONTEXT(2) 
PARAMETRIC_REPRESENTATION_CONTEXT() REPRESENTATION_CONTEXT('2D SPACE',''
  ) );
#3232 = PCURVE('',#3233,#3238);
#3233 = PLANE('',#3234);
#3234 = AXIS2_PLACEMENT_3D('',#3235,#3236,#3237);
#3235 = CARTESIAN_POINT('',(-0.760098002443,0.243260055764,
    1.269848596255));
#3236 = DIRECTION('',(-0.965926689193,-0.258815824679,-0.));
#3237 = DIRECTION('',(0.258815824679,-0.965926689193,0.));
#3238 = DEFINITIONAL_REPRESENTATION('',(#3239),#3243);
#3239 = LINE('',#3240,#3241);
#3240 = CARTESIAN_POINT('',(-5.743074982942E-03,0.105151403745));
#3241 = VECTOR('',#3242,1.);
#3242 = DIRECTION('',(1.,0.));
#3243 = ( GEOMETRIC_REPRESENTATION_CONTEXT(2) 
PARAMETRIC_REPRESENTATION_CONTEXT() REPRESENTATION_CONTEXT('2D SPACE',''
  ) );
#3244 = ORIENTED_EDGE('',*,*,#3245,.T.);
#3245 = EDGE_CURVE('',#3218,#3246,#3248,.T.);
#3246 = VERTEX_POINT('',#3247);
#3247 = CARTESIAN_POINT('',(-0.754046082497,0.206054925919,1.375));
#3248 = SURFACE_CURVE('',#3249,(#3253,#3260),.PCURVE_S1.);
#3249 = LINE('',#3250,#3251);
#3250 = CARTESIAN_POINT('',(-0.755945086479,0.227760955691,1.375));
#3251 = VECTOR('',#3252,1.);
#3252 = DIRECTION('',(8.715448782497E-02,-0.996194807882,0.));
#3253 = PCURVE('',#1477,#3254);
#3254 = DEFINITIONAL_REPRESENTATION('',(#3255),#3259);
#3255 = LINE('',#3256,#3257);
#3256 = CARTESIAN_POINT('',(-0.383847121948,0.227760955691));
#3257 = VECTOR('',#3258,1.);
#3258 = DIRECTION('',(8.715448782497E-02,-0.996194807882));
#3259 = ( GEOMETRIC_REPRESENTATION_CONTEXT(2) 
PARAMETRIC_REPRESENTATION_CONTEXT() REPRESENTATION_CONTEXT('2D SPACE',''
  ) );
#3260 = PCURVE('',#3261,#3266);
#3261 = PLANE('',#3262);
#3262 = AXIS2_PLACEMENT_3D('',#3263,#3264,#3265);
#3263 = CARTESIAN_POINT('',(-0.755444550969,0.222039725626,
    1.269848589321));
#3264 = DIRECTION('',(-0.996194807882,-8.715448782497E-02,-0.));
#3265 = DIRECTION('',(8.715448782497E-02,-0.996194807882,0.));
#3266 = DEFINITIONAL_REPRESENTATION('',(#3267),#3271);
#3267 = LINE('',#3268,#3269);
#3268 = CARTESIAN_POINT('',(-5.74308360191E-03,0.105151410679));
#3269 = VECTOR('',#3270,1.);
#3270 = DIRECTION('',(1.,0.));
#3271 = ( GEOMETRIC_REPRESENTATION_CONTEXT(2) 
PARAMETRIC_REPRESENTATION_CONTEXT() REPRESENTATION_CONTEXT('2D SPACE',''
  ) );
#3272 = ORIENTED_EDGE('',*,*,#3273,.T.);
#3273 = EDGE_CURVE('',#3246,#3274,#3276,.T.);
#3274 = VERTEX_POINT('',#3275);
#3275 = CARTESIAN_POINT('',(-0.754046082497,-0.206054925919,1.375));
#3276 = SURFACE_CURVE('',#3277,(#3281,#3288),.PCURVE_S1.);
#3277 = LINE('',#3278,#3279);
#3278 = CARTESIAN_POINT('',(-0.754046082497,0.206054925919,1.375));
#3279 = VECTOR('',#3280,1.);
#3280 = DIRECTION('',(0.,-1.,0.));
#3281 = PCURVE('',#1477,#3282);
#3282 = DEFINITIONAL_REPRESENTATION('',(#3283),#3287);
#3283 = LINE('',#3284,#3285);
#3284 = CARTESIAN_POINT('',(-0.381948117965,0.206054925919));
#3285 = VECTOR('',#3286,1.);
#3286 = DIRECTION('',(0.,-1.));
#3287 = ( GEOMETRIC_REPRESENTATION_CONTEXT(2) 
PARAMETRIC_REPRESENTATION_CONTEXT() REPRESENTATION_CONTEXT('2D SPACE',''
  ) );
#3288 = PCURVE('',#3289,#3294);
#3289 = PLANE('',#3290);
#3290 = AXIS2_PLACEMENT_3D('',#3291,#3292,#3293);
#3291 = CARTESIAN_POINT('',(-0.754046082497,-3.850822184423E-02,
    1.313508198002));
#3292 = DIRECTION('',(-1.,-0.,-0.));
#3293 = DIRECTION('',(0.,0.,-1.));
#3294 = DEFINITIONAL_REPRESENTATION('',(#3295),#3299);
#3295 = LINE('',#3296,#3297);
#3296 = CARTESIAN_POINT('',(-6.149180199763E-02,-0.244563147763));
#3297 = VECTOR('',#3298,1.);
#3298 = DIRECTION('',(0.,1.));
#3299 = ( GEOMETRIC_REPRESENTATION_CONTEXT(2) 
PARAMETRIC_REPRESENTATION_CONTEXT() REPRESENTATION_CONTEXT('2D SPACE',''
  ) );
#3300 = ORIENTED_EDGE('',*,*,#3301,.T.);
#3301 = EDGE_CURVE('',#3274,#3302,#3304,.T.);
#3302 = VERTEX_POINT('',#3303);
#3303 = CARTESIAN_POINT('',(-0.755945086479,-0.227760955691,1.375));
#3304 = SURFACE_CURVE('',#3305,(#3309,#3316),.PCURVE_S1.);
#3305 = LINE('',#3306,#3307);
#3306 = CARTESIAN_POINT('',(-0.754046082497,-0.206054925919,1.375));
#3307 = VECTOR('',#3308,1.);
#3308 = DIRECTION('',(-8.715448782497E-02,-0.996194807882,0.));
#3309 = PCURVE('',#1477,#3310);
#3310 = DEFINITIONAL_REPRESENTATION('',(#3311),#3315);
#3311 = LINE('',#3312,#3313);
#3312 = CARTESIAN_POINT('',(-0.381948117965,-0.206054925919));
#3313 = VECTOR('',#3314,1.);
#3314 = DIRECTION('',(-8.715448782497E-02,-0.996194807882));
#3315 = ( GEOMETRIC_REPRESENTATION_CONTEXT(2) 
PARAMETRIC_REPRESENTATION_CONTEXT() REPRESENTATION_CONTEXT('2D SPACE',''
  ) );
#3316 = PCURVE('',#3317,#3322);
#3317 = PLANE('',#3318);
#3318 = AXIS2_PLACEMENT_3D('',#3319,#3320,#3321);
#3319 = CARTESIAN_POINT('',(-0.754546618007,-0.211776155984,
    1.269848589321));
#3320 = DIRECTION('',(-0.996194807882,8.715448782497E-02,-0.));
#3321 = DIRECTION('',(-8.715448782497E-02,-0.996194807882,0.));
#3322 = DEFINITIONAL_REPRESENTATION('',(#3323),#3327);
#3323 = LINE('',#3324,#3325);
#3324 = CARTESIAN_POINT('',(-5.74308360191E-03,0.105151410679));
#3325 = VECTOR('',#3326,1.);
#3326 = DIRECTION('',(1.,0.));
#3327 = ( GEOMETRIC_REPRESENTATION_CONTEXT(2) 
PARAMETRIC_REPRESENTATION_CONTEXT() REPRESENTATION_CONTEXT('2D SPACE',''
  ) );
#3328 = ORIENTED_EDGE('',*,*,#3329,.T.);
#3329 = EDGE_CURVE('',#3302,#3330,#3332,.T.);
#3330 = VERTEX_POINT('',#3331);
#3331 = CARTESIAN_POINT('',(-0.761584401131,-0.248807445168,1.375));
#3332 = SURFACE_CURVE('',#3333,(#3337,#3344),.PCURVE_S1.);
#3333 = LINE('',#3334,#3335);
#3334 = CARTESIAN_POINT('',(-0.755945086479,-0.227760955691,1.375));
#3335 = VECTOR('',#3336,1.);
#3336 = DIRECTION('',(-0.258815824679,-0.965926689193,0.));
#3337 = PCURVE('',#1477,#3338);
#3338 = DEFINITIONAL_REPRESENTATION('',(#3339),#3343);
#3339 = LINE('',#3340,#3341);
#3340 = CARTESIAN_POINT('',(-0.383847121948,-0.227760955691));
#3341 = VECTOR('',#3342,1.);
#3342 = DIRECTION('',(-0.258815824679,-0.965926689193));
#3343 = ( GEOMETRIC_REPRESENTATION_CONTEXT(2) 
PARAMETRIC_REPRESENTATION_CONTEXT() REPRESENTATION_CONTEXT('2D SPACE',''
  ) );
#3344 = PCURVE('',#3345,#3350);
#3345 = PLANE('',#3346);
#3346 = AXIS2_PLACEMENT_3D('',#3347,#3348,#3349);
#3347 = CARTESIAN_POINT('',(-0.757431485167,-0.233308345095,
    1.269848596255));
#3348 = DIRECTION('',(-0.965926689193,0.258815824679,-0.));
#3349 = DIRECTION('',(-0.258815824679,-0.965926689193,0.));
#3350 = DEFINITIONAL_REPRESENTATION('',(#3351),#3355);
#3351 = LINE('',#3352,#3353);
#3352 = CARTESIAN_POINT('',(-5.743074982942E-03,0.105151403745));
#3353 = VECTOR('',#3354,1.);
#3354 = DIRECTION('',(1.,0.));
#3355 = ( GEOMETRIC_REPRESENTATION_CONTEXT(2) 
PARAMETRIC_REPRESENTATION_CONTEXT() REPRESENTATION_CONTEXT('2D SPACE',''
  ) );
#3356 = ORIENTED_EDGE('',*,*,#3357,.T.);
#3357 = EDGE_CURVE('',#3330,#3358,#3360,.T.);
#3358 = VERTEX_POINT('',#3359);
#3359 = CARTESIAN_POINT('',(-0.770792841911,-0.268554925919,1.375));
#3360 = SURFACE_CURVE('',#3361,(#3365,#3372),.PCURVE_S1.);
#3361 = LINE('',#3362,#3363);
#3362 = CARTESIAN_POINT('',(-0.761584401131,-0.248807445168,1.375));
#3363 = VECTOR('',#3364,1.);
#3364 = DIRECTION('',(-0.422619742416,-0.906307096585,0.));
#3365 = PCURVE('',#1477,#3366);
#3366 = DEFINITIONAL_REPRESENTATION('',(#3367),#3371);
#3367 = LINE('',#3368,#3369);
#3368 = CARTESIAN_POINT('',(-0.389486436599,-0.248807445168));
#3369 = VECTOR('',#3370,1.);
#3370 = DIRECTION('',(-0.422619742416,-0.906307096585));
#3371 = ( GEOMETRIC_REPRESENTATION_CONTEXT(2) 
PARAMETRIC_REPRESENTATION_CONTEXT() REPRESENTATION_CONTEXT('2D SPACE',''
  ) );
#3372 = PCURVE('',#3373,#3378);
#3373 = PLANE('',#3374);
#3374 = AXIS2_PLACEMENT_3D('',#3375,#3376,#3377);
#3375 = CARTESIAN_POINT('',(-0.764011542807,-0.254012445088,
    1.269848587106));
#3376 = DIRECTION('',(-0.906307096585,0.422619742416,-0.));
#3377 = DIRECTION('',(-0.422619742416,-0.906307096585,0.));
#3378 = DEFINITIONAL_REPRESENTATION('',(#3379),#3383);
#3379 = LINE('',#3380,#3381);
#3380 = CARTESIAN_POINT('',(-5.743086354771E-03,0.105151412894));
#3381 = VECTOR('',#3382,1.);
#3382 = DIRECTION('',(1.,0.));
#3383 = ( GEOMETRIC_REPRESENTATION_CONTEXT(2) 
PARAMETRIC_REPRESENTATION_CONTEXT() REPRESENTATION_CONTEXT('2D SPACE',''
  ) );
#3384 = ORIENTED_EDGE('',*,*,#3385,.T.);
#3385 = EDGE_CURVE('',#3358,#3386,#3388,.T.);
#3386 = VERTEX_POINT('',#3387);
#3387 = CARTESIAN_POINT('',(-0.783290445805,-0.286403387785,1.375));
#3388 = SURFACE_CURVE('',#3389,(#3393,#3400),.PCURVE_S1.);
#3389 = LINE('',#3390,#3391);
#3390 = CARTESIAN_POINT('',(-0.770792841911,-0.268554925919,1.375));
#3391 = VECTOR('',#3392,1.);
#3392 = DIRECTION('',(-0.573575707997,-0.819152554288,0.));
#3393 = PCURVE('',#1477,#3394);
#3394 = DEFINITIONAL_REPRESENTATION('',(#3395),#3399);
#3395 = LINE('',#3396,#3397);
#3396 = CARTESIAN_POINT('',(-0.39869487738,-0.268554925919));
#3397 = VECTOR('',#3398,1.);
#3398 = DIRECTION('',(-0.573575707997,-0.819152554288));
#3399 = ( GEOMETRIC_REPRESENTATION_CONTEXT(2) 
PARAMETRIC_REPRESENTATION_CONTEXT() REPRESENTATION_CONTEXT('2D SPACE',''
  ) );
#3400 = PCURVE('',#3401,#3406);
#3401 = PLANE('',#3402);
#3402 = AXIS2_PLACEMENT_3D('',#3403,#3404,#3405);
#3403 = CARTESIAN_POINT('',(-0.774086934241,-0.273259386216,
    1.269848590602));
#3404 = DIRECTION('',(-0.819152554288,0.573575707997,-0.));
#3405 = DIRECTION('',(-0.573575707997,-0.819152554288,0.));
#3406 = DEFINITIONAL_REPRESENTATION('',(#3407),#3411);
#3407 = LINE('',#3408,#3409);
#3408 = CARTESIAN_POINT('',(-5.743082008851E-03,0.105151409398));
#3409 = VECTOR('',#3410,1.);
#3410 = DIRECTION('',(1.,0.));
#3411 = ( GEOMETRIC_REPRESENTATION_CONTEXT(2) 
PARAMETRIC_REPRESENTATION_CONTEXT() REPRESENTATION_CONTEXT('2D SPACE',''
  ) );
#3412 = ORIENTED_EDGE('',*,*,#3413,.T.);
#3413 = EDGE_CURVE('',#3386,#3414,#3416,.T.);
#3414 = VERTEX_POINT('',#3415);
#3415 = CARTESIAN_POINT('',(-0.798697531223,-0.301810473204,1.375));
#3416 = SURFACE_CURVE('',#3417,(#3421,#3428),.PCURVE_S1.);
#3417 = LINE('',#3418,#3419);
#3418 = CARTESIAN_POINT('',(-0.783290445805,-0.286403387785,1.375));
#3419 = VECTOR('',#3420,1.);
#3420 = DIRECTION('',(-0.707106781187,-0.707106781187,0.));
#3421 = PCURVE('',#1477,#3422);
#3422 = DEFINITIONAL_REPRESENTATION('',(#3423),#3427);
#3423 = LINE('',#3424,#3425);
#3424 = CARTESIAN_POINT('',(-0.411192481273,-0.286403387785));
#3425 = VECTOR('',#3426,1.);
#3426 = DIRECTION('',(-0.707106781187,-0.707106781187));
#3427 = ( GEOMETRIC_REPRESENTATION_CONTEXT(2) 
PARAMETRIC_REPRESENTATION_CONTEXT() REPRESENTATION_CONTEXT('2D SPACE',''
  ) );
#3428 = PCURVE('',#3429,#3434);
#3429 = PLANE('',#3430);
#3430 = AXIS2_PLACEMENT_3D('',#3431,#3432,#3433);
#3431 = CARTESIAN_POINT('',(-0.787351412949,-0.29046435493,
    1.269848596392));
#3432 = DIRECTION('',(-0.707106781187,0.707106781187,0.));
#3433 = DIRECTION('',(0.707106781187,0.707106781187,0.));
#3434 = DEFINITIONAL_REPRESENTATION('',(#3435),#3439);
#3435 = LINE('',#3436,#3437);
#3436 = CARTESIAN_POINT('',(5.74307481221E-03,-0.105151403608));
#3437 = VECTOR('',#3438,1.);
#3438 = DIRECTION('',(-1.,-0.));
#3439 = ( GEOMETRIC_REPRESENTATION_CONTEXT(2) 
PARAMETRIC_REPRESENTATION_CONTEXT() REPRESENTATION_CONTEXT('2D SPACE',''
  ) );
#3440 = ORIENTED_EDGE('',*,*,#3441,.T.);
#3441 = EDGE_CURVE('',#3414,#3442,#3444,.T.);
#3442 = VERTEX_POINT('',#3443);
#3443 = CARTESIAN_POINT('',(-0.816546022892,-0.314308106899,1.375));
#3444 = SURFACE_CURVE('',#3445,(#3449,#3456),.PCURVE_S1.);
#3445 = LINE('',#3446,#3447);
#3446 = CARTESIAN_POINT('',(-0.798697531223,-0.301810473204,1.375));
#3447 = VECTOR('',#3448,1.);
#3448 = DIRECTION('',(-0.819152361628,-0.573575983144,0.));
#3449 = PCURVE('',#1477,#3450);
#3450 = DEFINITIONAL_REPRESENTATION('',(#3451),#3455);
#3451 = LINE('',#3452,#3453);
#3452 = CARTESIAN_POINT('',(-0.426599566692,-0.301810473204));
#3453 = VECTOR('',#3454,1.);
#3454 = DIRECTION('',(-0.819152361628,-0.573575983144));
#3455 = ( GEOMETRIC_REPRESENTATION_CONTEXT(2) 
PARAMETRIC_REPRESENTATION_CONTEXT() REPRESENTATION_CONTEXT('2D SPACE',''
  ) );
#3456 = PCURVE('',#3457,#3462);
#3457 = PLANE('',#3458);
#3458 = AXIS2_PLACEMENT_3D('',#3459,#3460,#3461);
#3459 = CARTESIAN_POINT('',(-0.803401999835,-0.30510457371,1.26984858135
    ));
#3460 = DIRECTION('',(-0.573575983144,0.819152361628,0.));
#3461 = DIRECTION('',(0.819152361628,0.573575983144,0.));
#3462 = DEFINITIONAL_REPRESENTATION('',(#3463),#3467);
#3463 = LINE('',#3464,#3465);
#3464 = CARTESIAN_POINT('',(5.743093509316E-03,-0.10515141865));
#3465 = VECTOR('',#3466,1.);
#3466 = DIRECTION('',(-1.,-0.));
#3467 = ( GEOMETRIC_REPRESENTATION_CONTEXT(2) 
PARAMETRIC_REPRESENTATION_CONTEXT() REPRESENTATION_CONTEXT('2D SPACE',''
  ) );
#3468 = ORIENTED_EDGE('',*,*,#3469,.T.);
#3469 = EDGE_CURVE('',#3442,#3470,#3472,.T.);
#3470 = VERTEX_POINT('',#3471);
#3471 = CARTESIAN_POINT('',(-0.836293518543,-0.323516488075,1.375));
#3472 = SURFACE_CURVE('',#3473,(#3477,#3484),.PCURVE_S1.);
#3473 = LINE('',#3474,#3475);
#3474 = CARTESIAN_POINT('',(-0.816546022892,-0.314308106899,1.375));
#3475 = VECTOR('',#3476,1.);
#3476 = DIRECTION('',(-0.906308266506,-0.422617233513,0.));
#3477 = PCURVE('',#1477,#3478);
#3478 = DEFINITIONAL_REPRESENTATION('',(#3479),#3483);
#3479 = LINE('',#3480,#3481);
#3480 = CARTESIAN_POINT('',(-0.44444805836,-0.314308106899));
#3481 = VECTOR('',#3482,1.);
#3482 = DIRECTION('',(-0.906308266506,-0.422617233513));
#3483 = ( GEOMETRIC_REPRESENTATION_CONTEXT(2) 
PARAMETRIC_REPRESENTATION_CONTEXT() REPRESENTATION_CONTEXT('2D SPACE',''
  ) );
#3484 = PCURVE('',#3485,#3490);
#3485 = PLANE('',#3486);
#3486 = AXIS2_PLACEMENT_3D('',#3487,#3488,#3489);
#3487 = CARTESIAN_POINT('',(-0.821751026596,-0.316735232798,
    1.269848589711));
#3488 = DIRECTION('',(-0.422617233513,0.906308266506,0.));
#3489 = DIRECTION('',(0.906308266506,0.422617233513,0.));
#3490 = DEFINITIONAL_REPRESENTATION('',(#3491),#3495);
#3491 = LINE('',#3492,#3493);
#3492 = CARTESIAN_POINT('',(5.743083117142E-03,-0.105151410289));
#3493 = VECTOR('',#3494,1.);
#3494 = DIRECTION('',(-1.,-0.));
#3495 = ( GEOMETRIC_REPRESENTATION_CONTEXT(2) 
PARAMETRIC_REPRESENTATION_CONTEXT() REPRESENTATION_CONTEXT('2D SPACE',''
  ) );
#3496 = ORIENTED_EDGE('',*,*,#3497,.T.);
#3497 = EDGE_CURVE('',#3470,#3498,#3500,.T.);
#3498 = VERTEX_POINT('',#3499);
#3499 = CARTESIAN_POINT('',(-0.857339978218,-0.329155921936,1.375));
#3500 = SURFACE_CURVE('',#3501,(#3505,#3512),.PCURVE_S1.);
#3501 = LINE('',#3502,#3503);
#3502 = CARTESIAN_POINT('',(-0.836293518543,-0.323516488075,1.375));
#3503 = VECTOR('',#3504,1.);
#3504 = DIRECTION('',(-0.965925229798,-0.258821271229,0.));
#3505 = PCURVE('',#1477,#3506);
#3506 = DEFINITIONAL_REPRESENTATION('',(#3507),#3511);
#3507 = LINE('',#3508,#3509);
#3508 = CARTESIAN_POINT('',(-0.464195554012,-0.323516488075));
#3509 = VECTOR('',#3510,1.);
#3510 = DIRECTION('',(-0.965925229798,-0.258821271229));
#3511 = ( GEOMETRIC_REPRESENTATION_CONTEXT(2) 
PARAMETRIC_REPRESENTATION_CONTEXT() REPRESENTATION_CONTEXT('2D SPACE',''
  ) );
#3512 = PCURVE('',#3513,#3518);
#3513 = PLANE('',#3514);
#3514 = AXIS2_PLACEMENT_3D('',#3515,#3516,#3517);
#3515 = CARTESIAN_POINT('',(-0.851792596642,-0.32766949182,
    1.280151356522));
#3516 = DIRECTION('',(-0.258821271229,0.965925229798,0.));
#3517 = DIRECTION('',(0.965925229798,0.258821271229,0.));
#3518 = DEFINITIONAL_REPRESENTATION('',(#3519),#3523);
#3519 = LINE('',#3520,#3521);
#3520 = CARTESIAN_POINT('',(1.604583628311E-02,-9.484864347809E-02));
#3521 = VECTOR('',#3522,1.);
#3522 = DIRECTION('',(-1.,-0.));
#3523 = ( GEOMETRIC_REPRESENTATION_CONTEXT(2) 
PARAMETRIC_REPRESENTATION_CONTEXT() REPRESENTATION_CONTEXT('2D SPACE',''
  ) );
#3524 = ORIENTED_EDGE('',*,*,#3525,.T.);
#3525 = EDGE_CURVE('',#3498,#3526,#3528,.T.);
#3526 = VERTEX_POINT('',#3527);
#3527 = CARTESIAN_POINT('',(-0.879046022892,-0.331054925919,1.375));
#3528 = SURFACE_CURVE('',#3529,(#3533,#3540),.PCURVE_S1.);
#3529 = LINE('',#3530,#3531);
#3530 = CARTESIAN_POINT('',(-0.857339978218,-0.329155921936,1.375));
#3531 = VECTOR('',#3532,1.);
#3532 = DIRECTION('',(-0.996194813077,-8.715442844805E-02,0.));
#3533 = PCURVE('',#1477,#3534);
#3534 = DEFINITIONAL_REPRESENTATION('',(#3535),#3539);
#3535 = LINE('',#3536,#3537);
#3536 = CARTESIAN_POINT('',(-0.485242013686,-0.329155921936));
#3537 = VECTOR('',#3538,1.);
#3538 = DIRECTION('',(-0.996194813077,-8.715442844805E-02));
#3539 = ( GEOMETRIC_REPRESENTATION_CONTEXT(2) 
PARAMETRIC_REPRESENTATION_CONTEXT() REPRESENTATION_CONTEXT('2D SPACE',''
  ) );
#3540 = PCURVE('',#3541,#3546);
#3541 = PLANE('',#3542);
#3542 = AXIS2_PLACEMENT_3D('',#3543,#3544,#3545);
#3543 = CARTESIAN_POINT('',(-0.873324788699,-0.330554390391,
    1.280151366305));
#3544 = DIRECTION('',(-8.715442844805E-02,0.996194813077,0.));
#3545 = DIRECTION('',(0.996194813077,8.715442844805E-02,0.));
#3546 = DEFINITIONAL_REPRESENTATION('',(#3547),#3551);
#3547 = LINE('',#3548,#3549);
#3548 = CARTESIAN_POINT('',(1.604586800835E-02,-9.484863369516E-02));
#3549 = VECTOR('',#3550,1.);
#3550 = DIRECTION('',(-1.,-0.));
#3551 = ( GEOMETRIC_REPRESENTATION_CONTEXT(2) 
PARAMETRIC_REPRESENTATION_CONTEXT() REPRESENTATION_CONTEXT('2D SPACE',''
  ) );
#3552 = ORIENTED_EDGE('',*,*,#3553,.T.);
#3553 = EDGE_CURVE('',#3526,#3554,#3556,.T.);
#3554 = VERTEX_POINT('',#3555);
#3555 = CARTESIAN_POINT('',(-1.163432002068,-0.331054925919,1.375));
#3556 = SURFACE_CURVE('',#3557,(#3561,#3568),.PCURVE_S1.);
#3557 = LINE('',#3558,#3559);
#3558 = CARTESIAN_POINT('',(-0.879046022892,-0.331054925919,1.375));
#3559 = VECTOR('',#3560,1.);
#3560 = DIRECTION('',(-1.,0.,0.));
#3561 = PCURVE('',#1477,#3562);
#3562 = DEFINITIONAL_REPRESENTATION('',(#3563),#3567);
#3563 = LINE('',#3564,#3565);
#3564 = CARTESIAN_POINT('',(-0.50694805836,-0.331054925919));
#3565 = VECTOR('',#3566,1.);
#3566 = DIRECTION('',(-1.,0.));
#3567 = ( GEOMETRIC_REPRESENTATION_CONTEXT(2) 
PARAMETRIC_REPRESENTATION_CONTEXT() REPRESENTATION_CONTEXT('2D SPACE',''
  ) );
#3568 = PCURVE('',#3569,#3574);
#3569 = PLANE('',#3570);
#3570 = AXIS2_PLACEMENT_3D('',#3571,#3572,#3573);
#3571 = CARTESIAN_POINT('',(-1.05541766853,-0.331054925919,
    1.309178632209));
#3572 = DIRECTION('',(0.,1.,0.));
#3573 = DIRECTION('',(0.,-0.,1.));
#3574 = DEFINITIONAL_REPRESENTATION('',(#3575),#3579);
#3575 = LINE('',#3576,#3577);
#3576 = CARTESIAN_POINT('',(6.582136779116E-02,0.176371645638));
#3577 = VECTOR('',#3578,1.);
#3578 = DIRECTION('',(0.,-1.));
#3579 = ( GEOMETRIC_REPRESENTATION_CONTEXT(2) 
PARAMETRIC_REPRESENTATION_CONTEXT() REPRESENTATION_CONTEXT('2D SPACE',''
  ) );
#3580 = ORIENTED_EDGE('',*,*,#3581,.T.);
#3581 = EDGE_CURVE('',#3554,#3582,#3584,.T.);
#3582 = VERTEX_POINT('',#3583);
#3583 = CARTESIAN_POINT('',(-1.185137987137,-0.329155921936,1.375));
#3584 = SURFACE_CURVE('',#3585,(#3589,#3596),.PCURVE_S1.);
#3585 = LINE('',#3586,#3587);
#3586 = CARTESIAN_POINT('',(-1.163432002068,-0.331054925919,1.375));
#3587 = VECTOR('',#3588,1.);
#3588 = DIRECTION('',(-0.996194792298,8.715466595624E-02,0.));
#3589 = PCURVE('',#1477,#3590);
#3590 = DEFINITIONAL_REPRESENTATION('',(#3591),#3595);
#3591 = LINE('',#3592,#3593);
#3592 = CARTESIAN_POINT('',(-0.791334037536,-0.331054925919));
#3593 = VECTOR('',#3594,1.);
#3594 = DIRECTION('',(-0.996194792298,8.715466595624E-02));
#3595 = ( GEOMETRIC_REPRESENTATION_CONTEXT(2) 
PARAMETRIC_REPRESENTATION_CONTEXT() REPRESENTATION_CONTEXT('2D SPACE',''
  ) );
#3596 = PCURVE('',#3597,#3602);
#3597 = PLANE('',#3598);
#3598 = AXIS2_PLACEMENT_3D('',#3599,#3600,#3601);
#3599 = CARTESIAN_POINT('',(-1.179416769453,-0.329656457394,
    1.280151353068));
#3600 = DIRECTION('',(8.715466595624E-02,0.996194792298,0.));
#3601 = DIRECTION('',(0.996194792298,-8.715466595624E-02,0.));
#3602 = DEFINITIONAL_REPRESENTATION('',(#3603),#3607);
#3603 = LINE('',#3604,#3605);
#3604 = CARTESIAN_POINT('',(1.604582508268E-02,-9.484864693191E-02));
#3605 = VECTOR('',#3606,1.);
#3606 = DIRECTION('',(-1.,0.));
#3607 = ( GEOMETRIC_REPRESENTATION_CONTEXT(2) 
PARAMETRIC_REPRESENTATION_CONTEXT() REPRESENTATION_CONTEXT('2D SPACE',''
  ) );
#3608 = ORIENTED_EDGE('',*,*,#3609,.T.);
#3609 = EDGE_CURVE('',#3582,#3610,#3612,.T.);
#3610 = VERTEX_POINT('',#3611);
#3611 = CARTESIAN_POINT('',(-1.206184506416,-0.323516488075,1.375));
#3612 = SURFACE_CURVE('',#3613,(#3617,#3624),.PCURVE_S1.);
#3613 = LINE('',#3614,#3615);
#3614 = CARTESIAN_POINT('',(-1.185137987137,-0.329155921936,1.375));
#3615 = VECTOR('',#3616,1.);
#3616 = DIRECTION('',(-0.965925413047,0.258820587337,0.));
#3617 = PCURVE('',#1477,#3618);
#3618 = DEFINITIONAL_REPRESENTATION('',(#3619),#3623);
#3619 = LINE('',#3620,#3621);
#3620 = CARTESIAN_POINT('',(-0.813040022605,-0.329155921936));
#3621 = VECTOR('',#3622,1.);
#3622 = DIRECTION('',(-0.965925413047,0.258820587337));
#3623 = ( GEOMETRIC_REPRESENTATION_CONTEXT(2) 
PARAMETRIC_REPRESENTATION_CONTEXT() REPRESENTATION_CONTEXT('2D SPACE',''
  ) );
#3624 = PCURVE('',#3625,#3630);
#3625 = PLANE('',#3626);
#3626 = AXIS2_PLACEMENT_3D('',#3627,#3628,#3629);
#3627 = CARTESIAN_POINT('',(-1.200637108379,-0.325002918392,
    1.280151369356));
#3628 = DIRECTION('',(0.258820587337,0.965925413047,0.));
#3629 = DIRECTION('',(0.965925413047,-0.258820587337,0.));
#3630 = DEFINITIONAL_REPRESENTATION('',(#3631),#3635);
#3631 = LINE('',#3632,#3633);
#3632 = CARTESIAN_POINT('',(1.604587790448E-02,-9.484863064355E-02));
#3633 = VECTOR('',#3634,1.);
#3634 = DIRECTION('',(-1.,0.));
#3635 = ( GEOMETRIC_REPRESENTATION_CONTEXT(2) 
PARAMETRIC_REPRESENTATION_CONTEXT() REPRESENTATION_CONTEXT('2D SPACE',''
  ) );
#3636 = ORIENTED_EDGE('',*,*,#3637,.T.);
#3637 = EDGE_CURVE('',#3610,#2544,#3638,.T.);
#3638 = SURFACE_CURVE('',#3639,(#3643,#3650),.PCURVE_S1.);
#3639 = LINE('',#3640,#3641);
#3640 = CARTESIAN_POINT('',(-1.206184506416,-0.323516488075,1.375));
#3641 = VECTOR('',#3642,1.);
#3642 = DIRECTION('',(-0.906308266506,0.422617233513,0.));
#3643 = PCURVE('',#1477,#3644);
#3644 = DEFINITIONAL_REPRESENTATION('',(#3645),#3649);
#3645 = LINE('',#3646,#3647);
#3646 = CARTESIAN_POINT('',(-0.834086541885,-0.323516488075));
#3647 = VECTOR('',#3648,1.);
#3648 = DIRECTION('',(-0.906308266506,0.422617233513));
#3649 = ( GEOMETRIC_REPRESENTATION_CONTEXT(2) 
PARAMETRIC_REPRESENTATION_CONTEXT() REPRESENTATION_CONTEXT('2D SPACE',''
  ) );
#3650 = PCURVE('',#3651,#3656);
#3651 = PLANE('',#3652);
#3652 = AXIS2_PLACEMENT_3D('',#3653,#3654,#3655);
#3653 = CARTESIAN_POINT('',(-1.220726998363,-0.316735232798,
    1.280151362606));
#3654 = DIRECTION('',(0.422617233513,0.906308266506,0.));
#3655 = DIRECTION('',(0.906308266506,-0.422617233513,0.));
#3656 = DEFINITIONAL_REPRESENTATION('',(#3657),#3661);
#3657 = LINE('',#3658,#3659);
#3658 = CARTESIAN_POINT('',(1.604585601211E-02,-9.484863739437E-02));
#3659 = VECTOR('',#3660,1.);
#3660 = DIRECTION('',(-1.,0.));
#3661 = ( GEOMETRIC_REPRESENTATION_CONTEXT(2) 
PARAMETRIC_REPRESENTATION_CONTEXT() REPRESENTATION_CONTEXT('2D SPACE',''
  ) );
#3662 = ADVANCED_FACE('',(#3663),#3651,.T.);
#3663 = FACE_BOUND('',#3664,.T.);
#3664 = EDGE_LOOP('',(#3665,#3688,#3689,#3712));
#3665 = ORIENTED_EDGE('',*,*,#3666,.F.);
#3666 = EDGE_CURVE('',#2544,#3667,#3669,.T.);
#3667 = VERTEX_POINT('',#3668);
#3668 = CARTESIAN_POINT('',(-1.225932002068,-0.314308106899,
    1.174999952316));
#3669 = SURFACE_CURVE('',#3670,(#3674,#3681),.PCURVE_S1.);
#3670 = LINE('',#3671,#3672);
#3671 = CARTESIAN_POINT('',(-1.225932002068,-0.314308106899,1.375));
#3672 = VECTOR('',#3673,1.);
#3673 = DIRECTION('',(0.,0.,-1.));
#3674 = PCURVE('',#3651,#3675);
#3675 = DEFINITIONAL_REPRESENTATION('',(#3676),#3680);
#3676 = LINE('',#3677,#3678);
#3677 = CARTESIAN_POINT('',(-5.743083117142E-03,-9.484863739437E-02));
#3678 = VECTOR('',#3679,1.);
#3679 = DIRECTION('',(0.,1.));
#3680 = ( GEOMETRIC_REPRESENTATION_CONTEXT(2) 
PARAMETRIC_REPRESENTATION_CONTEXT() REPRESENTATION_CONTEXT('2D SPACE',''
  ) );
#3681 = PCURVE('',#2561,#3682);
#3682 = DEFINITIONAL_REPRESENTATION('',(#3683),#3687);
#3683 = LINE('',#3684,#3685);
#3684 = CARTESIAN_POINT('',(1.604581253265E-02,-9.484865080189E-02));
#3685 = VECTOR('',#3686,1.);
#3686 = DIRECTION('',(0.,1.));
#3687 = ( GEOMETRIC_REPRESENTATION_CONTEXT(2) 
PARAMETRIC_REPRESENTATION_CONTEXT() REPRESENTATION_CONTEXT('2D SPACE',''
  ) );
#3688 = ORIENTED_EDGE('',*,*,#3637,.F.);
#3689 = ORIENTED_EDGE('',*,*,#3690,.T.);
#3690 = EDGE_CURVE('',#3610,#3691,#3693,.T.);
#3691 = VERTEX_POINT('',#3692);
#3692 = CARTESIAN_POINT('',(-1.206184506416,-0.323516488075,
    1.174999952316));
#3693 = SURFACE_CURVE('',#3694,(#3698,#3705),.PCURVE_S1.);
#3694 = LINE('',#3695,#3696);
#3695 = CARTESIAN_POINT('',(-1.206184506416,-0.323516488075,1.375));
#3696 = VECTOR('',#3697,1.);
#3697 = DIRECTION('',(0.,0.,-1.));
#3698 = PCURVE('',#3651,#3699);
#3699 = DEFINITIONAL_REPRESENTATION('',(#3700),#3704);
#3700 = LINE('',#3701,#3702);
#3701 = CARTESIAN_POINT('',(1.604585601211E-02,-9.484863739437E-02));
#3702 = VECTOR('',#3703,1.);
#3703 = DIRECTION('',(0.,1.));
#3704 = ( GEOMETRIC_REPRESENTATION_CONTEXT(2) 
PARAMETRIC_REPRESENTATION_CONTEXT() REPRESENTATION_CONTEXT('2D SPACE',''
  ) );
#3705 = PCURVE('',#3625,#3706);
#3706 = DEFINITIONAL_REPRESENTATION('',(#3707),#3711);
#3707 = LINE('',#3708,#3709);
#3708 = CARTESIAN_POINT('',(-5.743091507856E-03,-9.484863064355E-02));
#3709 = VECTOR('',#3710,1.);
#3710 = DIRECTION('',(0.,1.));
#3711 = ( GEOMETRIC_REPRESENTATION_CONTEXT(2) 
PARAMETRIC_REPRESENTATION_CONTEXT() REPRESENTATION_CONTEXT('2D SPACE',''
  ) );
#3712 = ORIENTED_EDGE('',*,*,#3713,.F.);
#3713 = EDGE_CURVE('',#3667,#3691,#3714,.T.);
#3714 = SURFACE_CURVE('',#3715,(#3719,#3726),.PCURVE_S1.);
#3715 = LINE('',#3716,#3717);
#3716 = CARTESIAN_POINT('',(-1.225932002068,-0.314308106899,
    1.174999952316));
#3717 = VECTOR('',#3718,1.);
#3718 = DIRECTION('',(0.906308266506,-0.422617233513,0.));
#3719 = PCURVE('',#3651,#3720);
#3720 = DEFINITIONAL_REPRESENTATION('',(#3721),#3725);
#3721 = LINE('',#3722,#3723);
#3722 = CARTESIAN_POINT('',(-5.743083117142E-03,0.105151410289));
#3723 = VECTOR('',#3724,1.);
#3724 = DIRECTION('',(1.,0.));
#3725 = ( GEOMETRIC_REPRESENTATION_CONTEXT(2) 
PARAMETRIC_REPRESENTATION_CONTEXT() REPRESENTATION_CONTEXT('2D SPACE',''
  ) );
#3726 = PCURVE('',#3727,#3732);
#3727 = PLANE('',#3728);
#3728 = AXIS2_PLACEMENT_3D('',#3729,#3730,#3731);
#3729 = CARTESIAN_POINT('',(-1.0212390095,0.,1.174999952316));
#3730 = DIRECTION('',(0.,0.,1.));
#3731 = DIRECTION('',(1.,0.,-0.));
#3732 = DEFINITIONAL_REPRESENTATION('',(#3733),#3737);
#3733 = LINE('',#3734,#3735);
#3734 = CARTESIAN_POINT('',(-0.204692992568,-0.314308106899));
#3735 = VECTOR('',#3736,1.);
#3736 = DIRECTION('',(0.906308266506,-0.422617233513));
#3737 = ( GEOMETRIC_REPRESENTATION_CONTEXT(2) 
PARAMETRIC_REPRESENTATION_CONTEXT() REPRESENTATION_CONTEXT('2D SPACE',''
  ) );
#3738 = ADVANCED_FACE('',(#3739),#3727,.T.);
#3739 = FACE_BOUND('',#3740,.T.);
#3740 = EDGE_LOOP('',(#3741,#3766,#3789,#3812,#3835,#3858,#3881,#3904,
    #3927,#3950,#3973,#3996,#4019,#4042,#4065,#4088,#4111,#4134,#4157,
    #4180,#4203,#4226,#4249,#4272,#4295,#4318,#4341,#4364,#4387,#4410,
    #4433,#4456,#4477,#4478,#4501,#4524,#4547,#4570,#4593,#4616));
#3741 = ORIENTED_EDGE('',*,*,#3742,.T.);
#3742 = EDGE_CURVE('',#3743,#3745,#3747,.T.);
#3743 = VERTEX_POINT('',#3744);
#3744 = CARTESIAN_POINT('',(-0.798697531223,-0.301810473204,
    1.174999952316));
#3745 = VERTEX_POINT('',#3746);
#3746 = CARTESIAN_POINT('',(-0.783290445805,-0.286403387785,
    1.174999952316));
#3747 = SURFACE_CURVE('',#3748,(#3752,#3759),.PCURVE_S1.);
#3748 = LINE('',#3749,#3750);
#3749 = CARTESIAN_POINT('',(-0.798697531223,-0.301810473204,
    1.174999952316));
#3750 = VECTOR('',#3751,1.);
#3751 = DIRECTION('',(0.707106781187,0.707106781187,0.));
#3752 = PCURVE('',#3727,#3753);
#3753 = DEFINITIONAL_REPRESENTATION('',(#3754),#3758);
#3754 = LINE('',#3755,#3756);
#3755 = CARTESIAN_POINT('',(0.222541478276,-0.301810473204));
#3756 = VECTOR('',#3757,1.);
#3757 = DIRECTION('',(0.707106781187,0.707106781187));
#3758 = ( GEOMETRIC_REPRESENTATION_CONTEXT(2) 
PARAMETRIC_REPRESENTATION_CONTEXT() REPRESENTATION_CONTEXT('2D SPACE',''
  ) );
#3759 = PCURVE('',#3429,#3760);
#3760 = DEFINITIONAL_REPRESENTATION('',(#3761),#3765);
#3761 = LINE('',#3762,#3763);
#3762 = CARTESIAN_POINT('',(-1.604583434356E-02,9.484864407618E-02));
#3763 = VECTOR('',#3764,1.);
#3764 = DIRECTION('',(1.,0.));
#3765 = ( GEOMETRIC_REPRESENTATION_CONTEXT(2) 
PARAMETRIC_REPRESENTATION_CONTEXT() REPRESENTATION_CONTEXT('2D SPACE',''
  ) );
#3766 = ORIENTED_EDGE('',*,*,#3767,.T.);
#3767 = EDGE_CURVE('',#3745,#3768,#3770,.T.);
#3768 = VERTEX_POINT('',#3769);
#3769 = CARTESIAN_POINT('',(-0.770792841911,-0.268554925919,
    1.174999952316));
#3770 = SURFACE_CURVE('',#3771,(#3775,#3782),.PCURVE_S1.);
#3771 = LINE('',#3772,#3773);
#3772 = CARTESIAN_POINT('',(-0.783290445805,-0.286403387785,
    1.174999952316));
#3773 = VECTOR('',#3774,1.);
#3774 = DIRECTION('',(0.573575707997,0.819152554288,0.));
#3775 = PCURVE('',#3727,#3776);
#3776 = DEFINITIONAL_REPRESENTATION('',(#3777),#3781);
#3777 = LINE('',#3778,#3779);
#3778 = CARTESIAN_POINT('',(0.237948563695,-0.286403387785));
#3779 = VECTOR('',#3780,1.);
#3780 = DIRECTION('',(0.573575707997,0.819152554288));
#3781 = ( GEOMETRIC_REPRESENTATION_CONTEXT(2) 
PARAMETRIC_REPRESENTATION_CONTEXT() REPRESENTATION_CONTEXT('2D SPACE',''
  ) );
#3782 = PCURVE('',#3401,#3783);
#3783 = DEFINITIONAL_REPRESENTATION('',(#3784),#3788);
#3784 = LINE('',#3785,#3786);
#3785 = CARTESIAN_POINT('',(1.604585312045E-02,-9.484863828606E-02));
#3786 = VECTOR('',#3787,1.);
#3787 = DIRECTION('',(-1.,0.));
#3788 = ( GEOMETRIC_REPRESENTATION_CONTEXT(2) 
PARAMETRIC_REPRESENTATION_CONTEXT() REPRESENTATION_CONTEXT('2D SPACE',''
  ) );
#3789 = ORIENTED_EDGE('',*,*,#3790,.T.);
#3790 = EDGE_CURVE('',#3768,#3791,#3793,.T.);
#3791 = VERTEX_POINT('',#3792);
#3792 = CARTESIAN_POINT('',(-0.761584401131,-0.248807445168,
    1.174999952316));
#3793 = SURFACE_CURVE('',#3794,(#3798,#3805),.PCURVE_S1.);
#3794 = LINE('',#3795,#3796);
#3795 = CARTESIAN_POINT('',(-0.770792841911,-0.268554925919,
    1.174999952316));
#3796 = VECTOR('',#3797,1.);
#3797 = DIRECTION('',(0.422619742416,0.906307096585,0.));
#3798 = PCURVE('',#3727,#3799);
#3799 = DEFINITIONAL_REPRESENTATION('',(#3800),#3804);
#3800 = LINE('',#3801,#3802);
#3801 = CARTESIAN_POINT('',(0.250446167588,-0.268554925919));
#3802 = VECTOR('',#3803,1.);
#3803 = DIRECTION('',(0.422619742416,0.906307096585));
#3804 = ( GEOMETRIC_REPRESENTATION_CONTEXT(2) 
PARAMETRIC_REPRESENTATION_CONTEXT() REPRESENTATION_CONTEXT('2D SPACE',''
  ) );
#3805 = PCURVE('',#3373,#3806);
#3806 = DEFINITIONAL_REPRESENTATION('',(#3807),#3811);
#3807 = LINE('',#3808,#3809);
#3808 = CARTESIAN_POINT('',(1.604586445947E-02,-9.484863478951E-02));
#3809 = VECTOR('',#3810,1.);
#3810 = DIRECTION('',(-1.,0.));
#3811 = ( GEOMETRIC_REPRESENTATION_CONTEXT(2) 
PARAMETRIC_REPRESENTATION_CONTEXT() REPRESENTATION_CONTEXT('2D SPACE',''
  ) );
#3812 = ORIENTED_EDGE('',*,*,#3813,.T.);
#3813 = EDGE_CURVE('',#3791,#3814,#3816,.T.);
#3814 = VERTEX_POINT('',#3815);
#3815 = CARTESIAN_POINT('',(-0.755945086479,-0.227760955691,
    1.174999952316));
#3816 = SURFACE_CURVE('',#3817,(#3821,#3828),.PCURVE_S1.);
#3817 = LINE('',#3818,#3819);
#3818 = CARTESIAN_POINT('',(-0.761584401131,-0.248807445168,
    1.174999952316));
#3819 = VECTOR('',#3820,1.);
#3820 = DIRECTION('',(0.258815824679,0.965926689193,0.));
#3821 = PCURVE('',#3727,#3822);
#3822 = DEFINITIONAL_REPRESENTATION('',(#3823),#3827);
#3823 = LINE('',#3824,#3825);
#3824 = CARTESIAN_POINT('',(0.259654608369,-0.248807445168));
#3825 = VECTOR('',#3826,1.);
#3826 = DIRECTION('',(0.258815824679,0.965926689193));
#3827 = ( GEOMETRIC_REPRESENTATION_CONTEXT(2) 
PARAMETRIC_REPRESENTATION_CONTEXT() REPRESENTATION_CONTEXT('2D SPACE',''
  ) );
#3828 = PCURVE('',#3345,#3829);
#3829 = DEFINITIONAL_REPRESENTATION('',(#3830),#3834);
#3830 = LINE('',#3831,#3832);
#3831 = CARTESIAN_POINT('',(1.604583478902E-02,-9.484864393882E-02));
#3832 = VECTOR('',#3833,1.);
#3833 = DIRECTION('',(-1.,0.));
#3834 = ( GEOMETRIC_REPRESENTATION_CONTEXT(2) 
PARAMETRIC_REPRESENTATION_CONTEXT() REPRESENTATION_CONTEXT('2D SPACE',''
  ) );
#3835 = ORIENTED_EDGE('',*,*,#3836,.T.);
#3836 = EDGE_CURVE('',#3814,#3837,#3839,.T.);
#3837 = VERTEX_POINT('',#3838);
#3838 = CARTESIAN_POINT('',(-0.754046082497,-0.206054925919,
    1.174999952316));
#3839 = SURFACE_CURVE('',#3840,(#3844,#3851),.PCURVE_S1.);
#3840 = LINE('',#3841,#3842);
#3841 = CARTESIAN_POINT('',(-0.755945086479,-0.227760955691,
    1.174999952316));
#3842 = VECTOR('',#3843,1.);
#3843 = DIRECTION('',(8.715448782497E-02,0.996194807882,0.));
#3844 = PCURVE('',#3727,#3845);
#3845 = DEFINITIONAL_REPRESENTATION('',(#3846),#3850);
#3846 = LINE('',#3847,#3848);
#3847 = CARTESIAN_POINT('',(0.26529392302,-0.227760955691));
#3848 = VECTOR('',#3849,1.);
#3849 = DIRECTION('',(8.715448782497E-02,0.996194807882));
#3850 = ( GEOMETRIC_REPRESENTATION_CONTEXT(2) 
PARAMETRIC_REPRESENTATION_CONTEXT() REPRESENTATION_CONTEXT('2D SPACE',''
  ) );
#3851 = PCURVE('',#3317,#3852);
#3852 = DEFINITIONAL_REPRESENTATION('',(#3853),#3857);
#3853 = LINE('',#3854,#3855);
#3854 = CARTESIAN_POINT('',(1.604585727693E-02,-9.484863700435E-02));
#3855 = VECTOR('',#3856,1.);
#3856 = DIRECTION('',(-1.,0.));
#3857 = ( GEOMETRIC_REPRESENTATION_CONTEXT(2) 
PARAMETRIC_REPRESENTATION_CONTEXT() REPRESENTATION_CONTEXT('2D SPACE',''
  ) );
#3858 = ORIENTED_EDGE('',*,*,#3859,.T.);
#3859 = EDGE_CURVE('',#3837,#3860,#3862,.T.);
#3860 = VERTEX_POINT('',#3861);
#3861 = CARTESIAN_POINT('',(-0.754046082497,0.206054925919,
    1.174999952316));
#3862 = SURFACE_CURVE('',#3863,(#3867,#3874),.PCURVE_S1.);
#3863 = LINE('',#3864,#3865);
#3864 = CARTESIAN_POINT('',(-0.754046082497,-0.206054925919,
    1.174999952316));
#3865 = VECTOR('',#3866,1.);
#3866 = DIRECTION('',(0.,1.,0.));
#3867 = PCURVE('',#3727,#3868);
#3868 = DEFINITIONAL_REPRESENTATION('',(#3869),#3873);
#3869 = LINE('',#3870,#3871);
#3870 = CARTESIAN_POINT('',(0.267192927003,-0.206054925919));
#3871 = VECTOR('',#3872,1.);
#3872 = DIRECTION('',(0.,1.));
#3873 = ( GEOMETRIC_REPRESENTATION_CONTEXT(2) 
PARAMETRIC_REPRESENTATION_CONTEXT() REPRESENTATION_CONTEXT('2D SPACE',''
  ) );
#3874 = PCURVE('',#3289,#3875);
#3875 = DEFINITIONAL_REPRESENTATION('',(#3876),#3880);
#3876 = LINE('',#3877,#3878);
#3877 = CARTESIAN_POINT('',(0.138508245686,0.167546704074));
#3878 = VECTOR('',#3879,1.);
#3879 = DIRECTION('',(0.,-1.));
#3880 = ( GEOMETRIC_REPRESENTATION_CONTEXT(2) 
PARAMETRIC_REPRESENTATION_CONTEXT() REPRESENTATION_CONTEXT('2D SPACE',''
  ) );
#3881 = ORIENTED_EDGE('',*,*,#3882,.T.);
#3882 = EDGE_CURVE('',#3860,#3883,#3885,.T.);
#3883 = VERTEX_POINT('',#3884);
#3884 = CARTESIAN_POINT('',(-0.755945086479,0.227760955691,
    1.174999952316));
#3885 = SURFACE_CURVE('',#3886,(#3890,#3897),.PCURVE_S1.);
#3886 = LINE('',#3887,#3888);
#3887 = CARTESIAN_POINT('',(-0.754046082497,0.206054925919,
    1.174999952316));
#3888 = VECTOR('',#3889,1.);
#3889 = DIRECTION('',(-8.715448782497E-02,0.996194807882,0.));
#3890 = PCURVE('',#3727,#3891);
#3891 = DEFINITIONAL_REPRESENTATION('',(#3892),#3896);
#3892 = LINE('',#3893,#3894);
#3893 = CARTESIAN_POINT('',(0.267192927003,0.206054925919));
#3894 = VECTOR('',#3895,1.);
#3895 = DIRECTION('',(-8.715448782497E-02,0.996194807882));
#3896 = ( GEOMETRIC_REPRESENTATION_CONTEXT(2) 
PARAMETRIC_REPRESENTATION_CONTEXT() REPRESENTATION_CONTEXT('2D SPACE',''
  ) );
#3897 = PCURVE('',#3261,#3898);
#3898 = DEFINITIONAL_REPRESENTATION('',(#3899),#3903);
#3899 = LINE('',#3900,#3901);
#3900 = CARTESIAN_POINT('',(1.604585727693E-02,-9.484863700435E-02));
#3901 = VECTOR('',#3902,1.);
#3902 = DIRECTION('',(-1.,0.));
#3903 = ( GEOMETRIC_REPRESENTATION_CONTEXT(2) 
PARAMETRIC_REPRESENTATION_CONTEXT() REPRESENTATION_CONTEXT('2D SPACE',''
  ) );
#3904 = ORIENTED_EDGE('',*,*,#3905,.T.);
#3905 = EDGE_CURVE('',#3883,#3906,#3908,.T.);
#3906 = VERTEX_POINT('',#3907);
#3907 = CARTESIAN_POINT('',(-0.761584401131,0.248807445168,
    1.174999952316));
#3908 = SURFACE_CURVE('',#3909,(#3913,#3920),.PCURVE_S1.);
#3909 = LINE('',#3910,#3911);
#3910 = CARTESIAN_POINT('',(-0.755945086479,0.227760955691,
    1.174999952316));
#3911 = VECTOR('',#3912,1.);
#3912 = DIRECTION('',(-0.258815824679,0.965926689193,0.));
#3913 = PCURVE('',#3727,#3914);
#3914 = DEFINITIONAL_REPRESENTATION('',(#3915),#3919);
#3915 = LINE('',#3916,#3917);
#3916 = CARTESIAN_POINT('',(0.26529392302,0.227760955691));
#3917 = VECTOR('',#3918,1.);
#3918 = DIRECTION('',(-0.258815824679,0.965926689193));
#3919 = ( GEOMETRIC_REPRESENTATION_CONTEXT(2) 
PARAMETRIC_REPRESENTATION_CONTEXT() REPRESENTATION_CONTEXT('2D SPACE',''
  ) );
#3920 = PCURVE('',#3233,#3921);
#3921 = DEFINITIONAL_REPRESENTATION('',(#3922),#3926);
#3922 = LINE('',#3923,#3924);
#3923 = CARTESIAN_POINT('',(1.604583478902E-02,-9.484864393882E-02));
#3924 = VECTOR('',#3925,1.);
#3925 = DIRECTION('',(-1.,0.));
#3926 = ( GEOMETRIC_REPRESENTATION_CONTEXT(2) 
PARAMETRIC_REPRESENTATION_CONTEXT() REPRESENTATION_CONTEXT('2D SPACE',''
  ) );
#3927 = ORIENTED_EDGE('',*,*,#3928,.T.);
#3928 = EDGE_CURVE('',#3906,#3929,#3931,.T.);
#3929 = VERTEX_POINT('',#3930);
#3930 = CARTESIAN_POINT('',(-0.770792841911,0.268554925919,
    1.174999952316));
#3931 = SURFACE_CURVE('',#3932,(#3936,#3943),.PCURVE_S1.);
#3932 = LINE('',#3933,#3934);
#3933 = CARTESIAN_POINT('',(-0.761584401131,0.248807445168,
    1.174999952316));
#3934 = VECTOR('',#3935,1.);
#3935 = DIRECTION('',(-0.422619742416,0.906307096585,0.));
#3936 = PCURVE('',#3727,#3937);
#3937 = DEFINITIONAL_REPRESENTATION('',(#3938),#3942);
#3938 = LINE('',#3939,#3940);
#3939 = CARTESIAN_POINT('',(0.259654608369,0.248807445168));
#3940 = VECTOR('',#3941,1.);
#3941 = DIRECTION('',(-0.422619742416,0.906307096585));
#3942 = ( GEOMETRIC_REPRESENTATION_CONTEXT(2) 
PARAMETRIC_REPRESENTATION_CONTEXT() REPRESENTATION_CONTEXT('2D SPACE',''
  ) );
#3943 = PCURVE('',#3205,#3944);
#3944 = DEFINITIONAL_REPRESENTATION('',(#3945),#3949);
#3945 = LINE('',#3946,#3947);
#3946 = CARTESIAN_POINT('',(1.604586445947E-02,-9.484863478951E-02));
#3947 = VECTOR('',#3948,1.);
#3948 = DIRECTION('',(-1.,0.));
#3949 = ( GEOMETRIC_REPRESENTATION_CONTEXT(2) 
PARAMETRIC_REPRESENTATION_CONTEXT() REPRESENTATION_CONTEXT('2D SPACE',''
  ) );
#3950 = ORIENTED_EDGE('',*,*,#3951,.T.);
#3951 = EDGE_CURVE('',#3929,#3952,#3954,.T.);
#3952 = VERTEX_POINT('',#3953);
#3953 = CARTESIAN_POINT('',(-0.783290445805,0.286403387785,
    1.174999952316));
#3954 = SURFACE_CURVE('',#3955,(#3959,#3966),.PCURVE_S1.);
#3955 = LINE('',#3956,#3957);
#3956 = CARTESIAN_POINT('',(-0.770792841911,0.268554925919,
    1.174999952316));
#3957 = VECTOR('',#3958,1.);
#3958 = DIRECTION('',(-0.573575707997,0.819152554288,0.));
#3959 = PCURVE('',#3727,#3960);
#3960 = DEFINITIONAL_REPRESENTATION('',(#3961),#3965);
#3961 = LINE('',#3962,#3963);
#3962 = CARTESIAN_POINT('',(0.250446167588,0.268554925919));
#3963 = VECTOR('',#3964,1.);
#3964 = DIRECTION('',(-0.573575707997,0.819152554288));
#3965 = ( GEOMETRIC_REPRESENTATION_CONTEXT(2) 
PARAMETRIC_REPRESENTATION_CONTEXT() REPRESENTATION_CONTEXT('2D SPACE',''
  ) );
#3966 = PCURVE('',#3177,#3967);
#3967 = DEFINITIONAL_REPRESENTATION('',(#3968),#3972);
#3968 = LINE('',#3969,#3970);
#3969 = CARTESIAN_POINT('',(5.743082008851E-03,-0.105151409398));
#3970 = VECTOR('',#3971,1.);
#3971 = DIRECTION('',(-1.,0.));
#3972 = ( GEOMETRIC_REPRESENTATION_CONTEXT(2) 
PARAMETRIC_REPRESENTATION_CONTEXT() REPRESENTATION_CONTEXT('2D SPACE',''
  ) );
#3973 = ORIENTED_EDGE('',*,*,#3974,.T.);
#3974 = EDGE_CURVE('',#3952,#3975,#3977,.T.);
#3975 = VERTEX_POINT('',#3976);
#3976 = CARTESIAN_POINT('',(-0.798697531223,0.301810473204,
    1.174999952316));
#3977 = SURFACE_CURVE('',#3978,(#3982,#3989),.PCURVE_S1.);
#3978 = LINE('',#3979,#3980);
#3979 = CARTESIAN_POINT('',(-0.783290445805,0.286403387785,
    1.174999952316));
#3980 = VECTOR('',#3981,1.);
#3981 = DIRECTION('',(-0.707106781187,0.707106781187,0.));
#3982 = PCURVE('',#3727,#3983);
#3983 = DEFINITIONAL_REPRESENTATION('',(#3984),#3988);
#3984 = LINE('',#3985,#3986);
#3985 = CARTESIAN_POINT('',(0.237948563695,0.286403387785));
#3986 = VECTOR('',#3987,1.);
#3987 = DIRECTION('',(-0.707106781187,0.707106781187));
#3988 = ( GEOMETRIC_REPRESENTATION_CONTEXT(2) 
PARAMETRIC_REPRESENTATION_CONTEXT() REPRESENTATION_CONTEXT('2D SPACE',''
  ) );
#3989 = PCURVE('',#3149,#3990);
#3990 = DEFINITIONAL_REPRESENTATION('',(#3991),#3995);
#3991 = LINE('',#3992,#3993);
#3992 = CARTESIAN_POINT('',(-1.604583434356E-02,9.484864407618E-02));
#3993 = VECTOR('',#3994,1.);
#3994 = DIRECTION('',(1.,0.));
#3995 = ( GEOMETRIC_REPRESENTATION_CONTEXT(2) 
PARAMETRIC_REPRESENTATION_CONTEXT() REPRESENTATION_CONTEXT('2D SPACE',''
  ) );
#3996 = ORIENTED_EDGE('',*,*,#3997,.T.);
#3997 = EDGE_CURVE('',#3975,#3998,#4000,.T.);
#3998 = VERTEX_POINT('',#3999);
#3999 = CARTESIAN_POINT('',(-0.816546022892,0.314308106899,
    1.174999952316));
#4000 = SURFACE_CURVE('',#4001,(#4005,#4012),.PCURVE_S1.);
#4001 = LINE('',#4002,#4003);
#4002 = CARTESIAN_POINT('',(-0.798697531223,0.301810473204,
    1.174999952316));
#4003 = VECTOR('',#4004,1.);
#4004 = DIRECTION('',(-0.819152361628,0.573575983144,0.));
#4005 = PCURVE('',#3727,#4006);
#4006 = DEFINITIONAL_REPRESENTATION('',(#4007),#4011);
#4007 = LINE('',#4008,#4009);
#4008 = CARTESIAN_POINT('',(0.222541478276,0.301810473204));
#4009 = VECTOR('',#4010,1.);
#4010 = DIRECTION('',(-0.819152361628,0.573575983144));
#4011 = ( GEOMETRIC_REPRESENTATION_CONTEXT(2) 
PARAMETRIC_REPRESENTATION_CONTEXT() REPRESENTATION_CONTEXT('2D SPACE',''
  ) );
#4012 = PCURVE('',#3121,#4013);
#4013 = DEFINITIONAL_REPRESENTATION('',(#4014),#4018);
#4014 = LINE('',#4015,#4016);
#4015 = CARTESIAN_POINT('',(-1.604588312652E-02,9.484862903325E-02));
#4016 = VECTOR('',#4017,1.);
#4017 = DIRECTION('',(1.,0.));
#4018 = ( GEOMETRIC_REPRESENTATION_CONTEXT(2) 
PARAMETRIC_REPRESENTATION_CONTEXT() REPRESENTATION_CONTEXT('2D SPACE',''
  ) );
#4019 = ORIENTED_EDGE('',*,*,#4020,.T.);
#4020 = EDGE_CURVE('',#3998,#4021,#4023,.T.);
#4021 = VERTEX_POINT('',#4022);
#4022 = CARTESIAN_POINT('',(-0.836293518543,0.323516488075,
    1.174999952316));
#4023 = SURFACE_CURVE('',#4024,(#4028,#4035),.PCURVE_S1.);
#4024 = LINE('',#4025,#4026);
#4025 = CARTESIAN_POINT('',(-0.816546022892,0.314308106899,
    1.174999952316));
#4026 = VECTOR('',#4027,1.);
#4027 = DIRECTION('',(-0.906308266506,0.422617233513,0.));
#4028 = PCURVE('',#3727,#4029);
#4029 = DEFINITIONAL_REPRESENTATION('',(#4030),#4034);
#4030 = LINE('',#4031,#4032);
#4031 = CARTESIAN_POINT('',(0.204692986608,0.314308106899));
#4032 = VECTOR('',#4033,1.);
#4033 = DIRECTION('',(-0.906308266506,0.422617233513));
#4034 = ( GEOMETRIC_REPRESENTATION_CONTEXT(2) 
PARAMETRIC_REPRESENTATION_CONTEXT() REPRESENTATION_CONTEXT('2D SPACE',''
  ) );
#4035 = PCURVE('',#3093,#4036);
#4036 = DEFINITIONAL_REPRESENTATION('',(#4037),#4041);
#4037 = LINE('',#4038,#4039);
#4038 = CARTESIAN_POINT('',(-5.743083117142E-03,0.105151410289));
#4039 = VECTOR('',#4040,1.);
#4040 = DIRECTION('',(1.,0.));
#4041 = ( GEOMETRIC_REPRESENTATION_CONTEXT(2) 
PARAMETRIC_REPRESENTATION_CONTEXT() REPRESENTATION_CONTEXT('2D SPACE',''
  ) );
#4042 = ORIENTED_EDGE('',*,*,#4043,.T.);
#4043 = EDGE_CURVE('',#4021,#4044,#4046,.T.);
#4044 = VERTEX_POINT('',#4045);
#4045 = CARTESIAN_POINT('',(-0.857339978218,0.329155921936,
    1.174999952316));
#4046 = SURFACE_CURVE('',#4047,(#4051,#4058),.PCURVE_S1.);
#4047 = LINE('',#4048,#4049);
#4048 = CARTESIAN_POINT('',(-0.836293518543,0.323516488075,
    1.174999952316));
#4049 = VECTOR('',#4050,1.);
#4050 = DIRECTION('',(-0.965925229798,0.258821271229,0.));
#4051 = PCURVE('',#3727,#4052);
#4052 = DEFINITIONAL_REPRESENTATION('',(#4053),#4057);
#4053 = LINE('',#4054,#4055);
#4054 = CARTESIAN_POINT('',(0.184945490956,0.323516488075));
#4055 = VECTOR('',#4056,1.);
#4056 = DIRECTION('',(-0.965925229798,0.258821271229));
#4057 = ( GEOMETRIC_REPRESENTATION_CONTEXT(2) 
PARAMETRIC_REPRESENTATION_CONTEXT() REPRESENTATION_CONTEXT('2D SPACE',''
  ) );
#4058 = PCURVE('',#3065,#4059);
#4059 = DEFINITIONAL_REPRESENTATION('',(#4060),#4064);
#4060 = LINE('',#4061,#4062);
#4061 = CARTESIAN_POINT('',(-1.604583628311E-02,9.484864347809E-02));
#4062 = VECTOR('',#4063,1.);
#4063 = DIRECTION('',(1.,0.));
#4064 = ( GEOMETRIC_REPRESENTATION_CONTEXT(2) 
PARAMETRIC_REPRESENTATION_CONTEXT() REPRESENTATION_CONTEXT('2D SPACE',''
  ) );
#4065 = ORIENTED_EDGE('',*,*,#4066,.T.);
#4066 = EDGE_CURVE('',#4044,#4067,#4069,.T.);
#4067 = VERTEX_POINT('',#4068);
#4068 = CARTESIAN_POINT('',(-0.879046022892,0.331054925919,
    1.174999952316));
#4069 = SURFACE_CURVE('',#4070,(#4074,#4081),.PCURVE_S1.);
#4070 = LINE('',#4071,#4072);
#4071 = CARTESIAN_POINT('',(-0.857339978218,0.329155921936,
    1.174999952316));
#4072 = VECTOR('',#4073,1.);
#4073 = DIRECTION('',(-0.996194813077,8.715442844805E-02,0.));
#4074 = PCURVE('',#3727,#4075);
#4075 = DEFINITIONAL_REPRESENTATION('',(#4076),#4080);
#4076 = LINE('',#4077,#4078);
#4077 = CARTESIAN_POINT('',(0.163899031281,0.329155921936));
#4078 = VECTOR('',#4079,1.);
#4079 = DIRECTION('',(-0.996194813077,8.715442844805E-02));
#4080 = ( GEOMETRIC_REPRESENTATION_CONTEXT(2) 
PARAMETRIC_REPRESENTATION_CONTEXT() REPRESENTATION_CONTEXT('2D SPACE',''
  ) );
#4081 = PCURVE('',#3037,#4082);
#4082 = DEFINITIONAL_REPRESENTATION('',(#4083),#4087);
#4083 = LINE('',#4084,#4085);
#4084 = CARTESIAN_POINT('',(-1.604586800835E-02,9.484863369516E-02));
#4085 = VECTOR('',#4086,1.);
#4086 = DIRECTION('',(1.,0.));
#4087 = ( GEOMETRIC_REPRESENTATION_CONTEXT(2) 
PARAMETRIC_REPRESENTATION_CONTEXT() REPRESENTATION_CONTEXT('2D SPACE',''
  ) );
#4088 = ORIENTED_EDGE('',*,*,#4089,.T.);
#4089 = EDGE_CURVE('',#4067,#4090,#4092,.T.);
#4090 = VERTEX_POINT('',#4091);
#4091 = CARTESIAN_POINT('',(-1.163432002068,0.331054925919,
    1.174999952316));
#4092 = SURFACE_CURVE('',#4093,(#4097,#4104),.PCURVE_S1.);
#4093 = LINE('',#4094,#4095);
#4094 = CARTESIAN_POINT('',(-0.879046022892,0.331054925919,
    1.174999952316));
#4095 = VECTOR('',#4096,1.);
#4096 = DIRECTION('',(-1.,0.,0.));
#4097 = PCURVE('',#3727,#4098);
#4098 = DEFINITIONAL_REPRESENTATION('',(#4099),#4103);
#4099 = LINE('',#4100,#4101);
#4100 = CARTESIAN_POINT('',(0.142192986608,0.331054925919));
#4101 = VECTOR('',#4102,1.);
#4102 = DIRECTION('',(-1.,0.));
#4103 = ( GEOMETRIC_REPRESENTATION_CONTEXT(2) 
PARAMETRIC_REPRESENTATION_CONTEXT() REPRESENTATION_CONTEXT('2D SPACE',''
  ) );
#4104 = PCURVE('',#3009,#4105);
#4105 = DEFINITIONAL_REPRESENTATION('',(#4106),#4110);
#4106 = LINE('',#4107,#4108);
#4107 = CARTESIAN_POINT('',(0.134178679893,0.108014333537));
#4108 = VECTOR('',#4109,1.);
#4109 = DIRECTION('',(0.,-1.));
#4110 = ( GEOMETRIC_REPRESENTATION_CONTEXT(2) 
PARAMETRIC_REPRESENTATION_CONTEXT() REPRESENTATION_CONTEXT('2D SPACE',''
  ) );
#4111 = ORIENTED_EDGE('',*,*,#4112,.T.);
#4112 = EDGE_CURVE('',#4090,#4113,#4115,.T.);
#4113 = VERTEX_POINT('',#4114);
#4114 = CARTESIAN_POINT('',(-1.185137987137,0.329155921936,
    1.174999952316));
#4115 = SURFACE_CURVE('',#4116,(#4120,#4127),.PCURVE_S1.);
#4116 = LINE('',#4117,#4118);
#4117 = CARTESIAN_POINT('',(-1.163432002068,0.331054925919,
    1.174999952316));
#4118 = VECTOR('',#4119,1.);
#4119 = DIRECTION('',(-0.996194792298,-8.715466595624E-02,0.));
#4120 = PCURVE('',#3727,#4121);
#4121 = DEFINITIONAL_REPRESENTATION('',(#4122),#4126);
#4122 = LINE('',#4123,#4124);
#4123 = CARTESIAN_POINT('',(-0.142192992568,0.331054925919));
#4124 = VECTOR('',#4125,1.);
#4125 = DIRECTION('',(-0.996194792298,-8.715466595624E-02));
#4126 = ( GEOMETRIC_REPRESENTATION_CONTEXT(2) 
PARAMETRIC_REPRESENTATION_CONTEXT() REPRESENTATION_CONTEXT('2D SPACE',''
  ) );
#4127 = PCURVE('',#2981,#4128);
#4128 = DEFINITIONAL_REPRESENTATION('',(#4129),#4133);
#4129 = LINE('',#4130,#4131);
#4130 = CARTESIAN_POINT('',(-5.743071262783E-03,0.105151400752));
#4131 = VECTOR('',#4132,1.);
#4132 = DIRECTION('',(1.,0.));
#4133 = ( GEOMETRIC_REPRESENTATION_CONTEXT(2) 
PARAMETRIC_REPRESENTATION_CONTEXT() REPRESENTATION_CONTEXT('2D SPACE',''
  ) );
#4134 = ORIENTED_EDGE('',*,*,#4135,.T.);
#4135 = EDGE_CURVE('',#4113,#4136,#4138,.T.);
#4136 = VERTEX_POINT('',#4137);
#4137 = CARTESIAN_POINT('',(-1.206184506416,0.323516488075,
    1.174999952316));
#4138 = SURFACE_CURVE('',#4139,(#4143,#4150),.PCURVE_S1.);
#4139 = LINE('',#4140,#4141);
#4140 = CARTESIAN_POINT('',(-1.185137987137,0.329155921936,
    1.174999952316));
#4141 = VECTOR('',#4142,1.);
#4142 = DIRECTION('',(-0.965925413047,-0.258820587337,0.));
#4143 = PCURVE('',#3727,#4144);
#4144 = DEFINITIONAL_REPRESENTATION('',(#4145),#4149);
#4145 = LINE('',#4146,#4147);
#4146 = CARTESIAN_POINT('',(-0.163898977637,0.329155921936));
#4147 = VECTOR('',#4148,1.);
#4148 = DIRECTION('',(-0.965925413047,-0.258820587337));
#4149 = ( GEOMETRIC_REPRESENTATION_CONTEXT(2) 
PARAMETRIC_REPRESENTATION_CONTEXT() REPRESENTATION_CONTEXT('2D SPACE',''
  ) );
#4150 = PCURVE('',#2953,#4151);
#4151 = DEFINITIONAL_REPRESENTATION('',(#4152),#4156);
#4152 = LINE('',#4153,#4154);
#4153 = CARTESIAN_POINT('',(-1.604587790448E-02,9.484863064355E-02));
#4154 = VECTOR('',#4155,1.);
#4155 = DIRECTION('',(1.,0.));
#4156 = ( GEOMETRIC_REPRESENTATION_CONTEXT(2) 
PARAMETRIC_REPRESENTATION_CONTEXT() REPRESENTATION_CONTEXT('2D SPACE',''
  ) );
#4157 = ORIENTED_EDGE('',*,*,#4158,.T.);
#4158 = EDGE_CURVE('',#4136,#4159,#4161,.T.);
#4159 = VERTEX_POINT('',#4160);
#4160 = CARTESIAN_POINT('',(-1.225932002068,0.314308106899,
    1.174999952316));
#4161 = SURFACE_CURVE('',#4162,(#4166,#4173),.PCURVE_S1.);
#4162 = LINE('',#4163,#4164);
#4163 = CARTESIAN_POINT('',(-1.206184506416,0.323516488075,
    1.174999952316));
#4164 = VECTOR('',#4165,1.);
#4165 = DIRECTION('',(-0.906308266506,-0.422617233513,0.));
#4166 = PCURVE('',#3727,#4167);
#4167 = DEFINITIONAL_REPRESENTATION('',(#4168),#4172);
#4168 = LINE('',#4169,#4170);
#4169 = CARTESIAN_POINT('',(-0.184945496917,0.323516488075));
#4170 = VECTOR('',#4171,1.);
#4171 = DIRECTION('',(-0.906308266506,-0.422617233513));
#4172 = ( GEOMETRIC_REPRESENTATION_CONTEXT(2) 
PARAMETRIC_REPRESENTATION_CONTEXT() REPRESENTATION_CONTEXT('2D SPACE',''
  ) );
#4173 = PCURVE('',#2925,#4174);
#4174 = DEFINITIONAL_REPRESENTATION('',(#4175),#4179);
#4175 = LINE('',#4176,#4177);
#4176 = CARTESIAN_POINT('',(-1.604585601211E-02,9.484863739437E-02));
#4177 = VECTOR('',#4178,1.);
#4178 = DIRECTION('',(1.,0.));
#4179 = ( GEOMETRIC_REPRESENTATION_CONTEXT(2) 
PARAMETRIC_REPRESENTATION_CONTEXT() REPRESENTATION_CONTEXT('2D SPACE',''
  ) );
#4180 = ORIENTED_EDGE('',*,*,#4181,.T.);
#4181 = EDGE_CURVE('',#4159,#4182,#4184,.T.);
#4182 = VERTEX_POINT('',#4183);
#4183 = CARTESIAN_POINT('',(-1.243780374527,0.301810473204,
    1.174999952316));
#4184 = SURFACE_CURVE('',#4185,(#4189,#4196),.PCURVE_S1.);
#4185 = LINE('',#4186,#4187);
#4186 = CARTESIAN_POINT('',(-1.225932002068,0.314308106899,
    1.174999952316));
#4187 = VECTOR('',#4188,1.);
#4188 = DIRECTION('',(-0.819150561688,-0.57357855372,0.));
#4189 = PCURVE('',#3727,#4190);
#4190 = DEFINITIONAL_REPRESENTATION('',(#4191),#4195);
#4191 = LINE('',#4192,#4193);
#4192 = CARTESIAN_POINT('',(-0.204692992568,0.314308106899));
#4193 = VECTOR('',#4194,1.);
#4194 = DIRECTION('',(-0.819150561688,-0.57357855372));
#4195 = ( GEOMETRIC_REPRESENTATION_CONTEXT(2) 
PARAMETRIC_REPRESENTATION_CONTEXT() REPRESENTATION_CONTEXT('2D SPACE',''
  ) );
#4196 = PCURVE('',#2897,#4197);
#4197 = DEFINITIONAL_REPRESENTATION('',(#4198),#4202);
#4198 = LINE('',#4199,#4200);
#4199 = CARTESIAN_POINT('',(-1.604581253265E-02,9.484865080189E-02));
#4200 = VECTOR('',#4201,1.);
#4201 = DIRECTION('',(1.,0.));
#4202 = ( GEOMETRIC_REPRESENTATION_CONTEXT(2) 
PARAMETRIC_REPRESENTATION_CONTEXT() REPRESENTATION_CONTEXT('2D SPACE',''
  ) );
#4203 = ORIENTED_EDGE('',*,*,#4204,.T.);
#4204 = EDGE_CURVE('',#4182,#4205,#4207,.T.);
#4205 = VERTEX_POINT('',#4206);
#4206 = CARTESIAN_POINT('',(-1.259187579155,0.286403387785,
    1.174999952316));
#4207 = SURFACE_CURVE('',#4208,(#4212,#4219),.PCURVE_S1.);
#4208 = LINE('',#4209,#4210);
#4209 = CARTESIAN_POINT('',(-1.243780374527,0.301810473204,
    1.174999952316));
#4210 = VECTOR('',#4211,1.);
#4211 = DIRECTION('',(-0.70710951672,-0.707104045642,0.));
#4212 = PCURVE('',#3727,#4213);
#4213 = DEFINITIONAL_REPRESENTATION('',(#4214),#4218);
#4214 = LINE('',#4215,#4216);
#4215 = CARTESIAN_POINT('',(-0.222541365027,0.301810473204));
#4216 = VECTOR('',#4217,1.);
#4217 = DIRECTION('',(-0.70710951672,-0.707104045642));
#4218 = ( GEOMETRIC_REPRESENTATION_CONTEXT(2) 
PARAMETRIC_REPRESENTATION_CONTEXT() REPRESENTATION_CONTEXT('2D SPACE',''
  ) );
#4219 = PCURVE('',#2869,#4220);
#4220 = DEFINITIONAL_REPRESENTATION('',(#4221),#4225);
#4221 = LINE('',#4222,#4223);
#4222 = CARTESIAN_POINT('',(-5.743098168014E-03,0.105151422399));
#4223 = VECTOR('',#4224,1.);
#4224 = DIRECTION('',(1.,0.));
#4225 = ( GEOMETRIC_REPRESENTATION_CONTEXT(2) 
PARAMETRIC_REPRESENTATION_CONTEXT() REPRESENTATION_CONTEXT('2D SPACE',''
  ) );
#4226 = ORIENTED_EDGE('',*,*,#4227,.T.);
#4227 = EDGE_CURVE('',#4205,#4228,#4230,.T.);
#4228 = VERTEX_POINT('',#4229);
#4229 = CARTESIAN_POINT('',(-1.271685242653,0.268554925919,
    1.174999952316));
#4230 = SURFACE_CURVE('',#4231,(#4235,#4242),.PCURVE_S1.);
#4231 = LINE('',#4232,#4233);
#4232 = CARTESIAN_POINT('',(-1.259187579155,0.286403387785,
    1.174999952316));
#4233 = VECTOR('',#4234,1.);
#4234 = DIRECTION('',(-0.573577543574,-0.819151269002,0.));
#4235 = PCURVE('',#3727,#4236);
#4236 = DEFINITIONAL_REPRESENTATION('',(#4237),#4241);
#4237 = LINE('',#4238,#4239);
#4238 = CARTESIAN_POINT('',(-0.237948569655,0.286403387785));
#4239 = VECTOR('',#4240,1.);
#4240 = DIRECTION('',(-0.573577543574,-0.819151269002));
#4241 = ( GEOMETRIC_REPRESENTATION_CONTEXT(2) 
PARAMETRIC_REPRESENTATION_CONTEXT() REPRESENTATION_CONTEXT('2D SPACE',''
  ) );
#4242 = PCURVE('',#2841,#4243);
#4243 = DEFINITIONAL_REPRESENTATION('',(#4244),#4248);
#4244 = LINE('',#4245,#4246);
#4245 = CARTESIAN_POINT('',(1.604587783565E-02,-9.484863066477E-02));
#4246 = VECTOR('',#4247,1.);
#4247 = DIRECTION('',(-1.,0.));
#4248 = ( GEOMETRIC_REPRESENTATION_CONTEXT(2) 
PARAMETRIC_REPRESENTATION_CONTEXT() REPRESENTATION_CONTEXT('2D SPACE',''
  ) );
#4249 = ORIENTED_EDGE('',*,*,#4250,.T.);
#4250 = EDGE_CURVE('',#4228,#4251,#4253,.T.);
#4251 = VERTEX_POINT('',#4252);
#4252 = CARTESIAN_POINT('',(-1.280893564224,0.248807445168,
    1.174999952316));
#4253 = SURFACE_CURVE('',#4254,(#4258,#4265),.PCURVE_S1.);
#4254 = LINE('',#4255,#4256);
#4255 = CARTESIAN_POINT('',(-1.271685242653,0.268554925919,
    1.174999952316));
#4256 = VECTOR('',#4257,1.);
#4257 = DIRECTION('',(-0.422615248489,-0.906309192133,0.));
#4258 = PCURVE('',#3727,#4259);
#4259 = DEFINITIONAL_REPRESENTATION('',(#4260),#4264);
#4260 = LINE('',#4261,#4262);
#4261 = CARTESIAN_POINT('',(-0.250446233153,0.268554925919));
#4262 = VECTOR('',#4263,1.);
#4263 = DIRECTION('',(-0.422615248489,-0.906309192133));
#4264 = ( GEOMETRIC_REPRESENTATION_CONTEXT(2) 
PARAMETRIC_REPRESENTATION_CONTEXT() REPRESENTATION_CONTEXT('2D SPACE',''
  ) );
#4265 = PCURVE('',#2813,#4266);
#4266 = DEFINITIONAL_REPRESENTATION('',(#4267),#4271);
#4267 = LINE('',#4268,#4269);
#4268 = CARTESIAN_POINT('',(1.604582803861E-02,-9.484864602041E-02));
#4269 = VECTOR('',#4270,1.);
#4270 = DIRECTION('',(-1.,0.));
#4271 = ( GEOMETRIC_REPRESENTATION_CONTEXT(2) 
PARAMETRIC_REPRESENTATION_CONTEXT() REPRESENTATION_CONTEXT('2D SPACE',''
  ) );
#4272 = ORIENTED_EDGE('',*,*,#4273,.T.);
#4273 = EDGE_CURVE('',#4251,#4274,#4276,.T.);
#4274 = VERTEX_POINT('',#4275);
#4275 = CARTESIAN_POINT('',(-1.286532998085,0.227760955691,
    1.174999952316));
#4276 = SURFACE_CURVE('',#4277,(#4281,#4288),.PCURVE_S1.);
#4277 = LINE('',#4278,#4279);
#4278 = CARTESIAN_POINT('',(-1.280893564224,0.248807445168,
    1.174999952316));
#4279 = VECTOR('',#4280,1.);
#4280 = DIRECTION('',(-0.258820929283,-0.965925321423,0.));
#4281 = PCURVE('',#3727,#4282);
#4282 = DEFINITIONAL_REPRESENTATION('',(#4283),#4287);
#4283 = LINE('',#4284,#4285);
#4284 = CARTESIAN_POINT('',(-0.259654554725,0.248807445168));
#4285 = VECTOR('',#4286,1.);
#4286 = DIRECTION('',(-0.258820929283,-0.965925321423));
#4287 = ( GEOMETRIC_REPRESENTATION_CONTEXT(2) 
PARAMETRIC_REPRESENTATION_CONTEXT() REPRESENTATION_CONTEXT('2D SPACE',''
  ) );
#4288 = PCURVE('',#2785,#4289);
#4289 = DEFINITIONAL_REPRESENTATION('',(#4290),#4294);
#4290 = LINE('',#4291,#4292);
#4291 = CARTESIAN_POINT('',(1.604585709379E-02,-9.484863706082E-02));
#4292 = VECTOR('',#4293,1.);
#4293 = DIRECTION('',(-1.,0.));
#4294 = ( GEOMETRIC_REPRESENTATION_CONTEXT(2) 
PARAMETRIC_REPRESENTATION_CONTEXT() REPRESENTATION_CONTEXT('2D SPACE',''
  ) );
#4295 = ORIENTED_EDGE('',*,*,#4296,.T.);
#4296 = EDGE_CURVE('',#4274,#4297,#4299,.T.);
#4297 = VERTEX_POINT('',#4298);
#4298 = CARTESIAN_POINT('',(-1.288432002068,0.206054925919,
    1.174999952316));
#4299 = SURFACE_CURVE('',#4300,(#4304,#4311),.PCURVE_S1.);
#4300 = LINE('',#4301,#4302);
#4301 = CARTESIAN_POINT('',(-1.286532998085,0.227760955691,
    1.174999952316));
#4302 = VECTOR('',#4303,1.);
#4303 = DIRECTION('',(-8.715448782497E-02,-0.996194807882,0.));
#4304 = PCURVE('',#3727,#4305);
#4305 = DEFINITIONAL_REPRESENTATION('',(#4306),#4310);
#4306 = LINE('',#4307,#4308);
#4307 = CARTESIAN_POINT('',(-0.265293988585,0.227760955691));
#4308 = VECTOR('',#4309,1.);
#4309 = DIRECTION('',(-8.715448782497E-02,-0.996194807882));
#4310 = ( GEOMETRIC_REPRESENTATION_CONTEXT(2) 
PARAMETRIC_REPRESENTATION_CONTEXT() REPRESENTATION_CONTEXT('2D SPACE',''
  ) );
#4311 = PCURVE('',#2757,#4312);
#4312 = DEFINITIONAL_REPRESENTATION('',(#4313),#4317);
#4313 = LINE('',#4314,#4315);
#4314 = CARTESIAN_POINT('',(5.74308360191E-03,-0.105151410679));
#4315 = VECTOR('',#4316,1.);
#4316 = DIRECTION('',(-1.,0.));
#4317 = ( GEOMETRIC_REPRESENTATION_CONTEXT(2) 
PARAMETRIC_REPRESENTATION_CONTEXT() REPRESENTATION_CONTEXT('2D SPACE',''
  ) );
#4318 = ORIENTED_EDGE('',*,*,#4319,.T.);
#4319 = EDGE_CURVE('',#4297,#4320,#4322,.T.);
#4320 = VERTEX_POINT('',#4321);
#4321 = CARTESIAN_POINT('',(-1.288432002068,-0.206054925919,
    1.174999952316));
#4322 = SURFACE_CURVE('',#4323,(#4327,#4334),.PCURVE_S1.);
#4323 = LINE('',#4324,#4325);
#4324 = CARTESIAN_POINT('',(-1.288432002068,0.206054925919,
    1.174999952316));
#4325 = VECTOR('',#4326,1.);
#4326 = DIRECTION('',(0.,-1.,0.));
#4327 = PCURVE('',#3727,#4328);
#4328 = DEFINITIONAL_REPRESENTATION('',(#4329),#4333);
#4329 = LINE('',#4330,#4331);
#4330 = CARTESIAN_POINT('',(-0.267192992568,0.206054925919));
#4331 = VECTOR('',#4332,1.);
#4332 = DIRECTION('',(0.,-1.));
#4333 = ( GEOMETRIC_REPRESENTATION_CONTEXT(2) 
PARAMETRIC_REPRESENTATION_CONTEXT() REPRESENTATION_CONTEXT('2D SPACE',''
  ) );
#4334 = PCURVE('',#2729,#4335);
#4335 = DEFINITIONAL_REPRESENTATION('',(#4336),#4340);
#4336 = LINE('',#4337,#4338);
#4337 = CARTESIAN_POINT('',(-6.149180199763E-02,-0.244563147763));
#4338 = VECTOR('',#4339,1.);
#4339 = DIRECTION('',(0.,1.));
#4340 = ( GEOMETRIC_REPRESENTATION_CONTEXT(2) 
PARAMETRIC_REPRESENTATION_CONTEXT() REPRESENTATION_CONTEXT('2D SPACE',''
  ) );
#4341 = ORIENTED_EDGE('',*,*,#4342,.T.);
#4342 = EDGE_CURVE('',#4320,#4343,#4345,.T.);
#4343 = VERTEX_POINT('',#4344);
#4344 = CARTESIAN_POINT('',(-1.286532998085,-0.227760955691,
    1.174999952316));
#4345 = SURFACE_CURVE('',#4346,(#4350,#4357),.PCURVE_S1.);
#4346 = LINE('',#4347,#4348);
#4347 = CARTESIAN_POINT('',(-1.288432002068,-0.206054925919,
    1.174999952316));
#4348 = VECTOR('',#4349,1.);
#4349 = DIRECTION('',(8.715448782497E-02,-0.996194807882,0.));
#4350 = PCURVE('',#3727,#4351);
#4351 = DEFINITIONAL_REPRESENTATION('',(#4352),#4356);
#4352 = LINE('',#4353,#4354);
#4353 = CARTESIAN_POINT('',(-0.267192992568,-0.206054925919));
#4354 = VECTOR('',#4355,1.);
#4355 = DIRECTION('',(8.715448782497E-02,-0.996194807882));
#4356 = ( GEOMETRIC_REPRESENTATION_CONTEXT(2) 
PARAMETRIC_REPRESENTATION_CONTEXT() REPRESENTATION_CONTEXT('2D SPACE',''
  ) );
#4357 = PCURVE('',#2701,#4358);
#4358 = DEFINITIONAL_REPRESENTATION('',(#4359),#4363);
#4359 = LINE('',#4360,#4361);
#4360 = CARTESIAN_POINT('',(5.74308360191E-03,-0.105151410679));
#4361 = VECTOR('',#4362,1.);
#4362 = DIRECTION('',(-1.,0.));
#4363 = ( GEOMETRIC_REPRESENTATION_CONTEXT(2) 
PARAMETRIC_REPRESENTATION_CONTEXT() REPRESENTATION_CONTEXT('2D SPACE',''
  ) );
#4364 = ORIENTED_EDGE('',*,*,#4365,.T.);
#4365 = EDGE_CURVE('',#4343,#4366,#4368,.T.);
#4366 = VERTEX_POINT('',#4367);
#4367 = CARTESIAN_POINT('',(-1.280893564224,-0.248807445168,
    1.174999952316));
#4368 = SURFACE_CURVE('',#4369,(#4373,#4380),.PCURVE_S1.);
#4369 = LINE('',#4370,#4371);
#4370 = CARTESIAN_POINT('',(-1.286532998085,-0.227760955691,
    1.174999952316));
#4371 = VECTOR('',#4372,1.);
#4372 = DIRECTION('',(0.258820929283,-0.965925321423,0.));
#4373 = PCURVE('',#3727,#4374);
#4374 = DEFINITIONAL_REPRESENTATION('',(#4375),#4379);
#4375 = LINE('',#4376,#4377);
#4376 = CARTESIAN_POINT('',(-0.265293988585,-0.227760955691));
#4377 = VECTOR('',#4378,1.);
#4378 = DIRECTION('',(0.258820929283,-0.965925321423));
#4379 = ( GEOMETRIC_REPRESENTATION_CONTEXT(2) 
PARAMETRIC_REPRESENTATION_CONTEXT() REPRESENTATION_CONTEXT('2D SPACE',''
  ) );
#4380 = PCURVE('',#2673,#4381);
#4381 = DEFINITIONAL_REPRESENTATION('',(#4382),#4386);
#4382 = LINE('',#4383,#4384);
#4383 = CARTESIAN_POINT('',(5.74308353172E-03,-0.105151410623));
#4384 = VECTOR('',#4385,1.);
#4385 = DIRECTION('',(-1.,0.));
#4386 = ( GEOMETRIC_REPRESENTATION_CONTEXT(2) 
PARAMETRIC_REPRESENTATION_CONTEXT() REPRESENTATION_CONTEXT('2D SPACE',''
  ) );
#4387 = ORIENTED_EDGE('',*,*,#4388,.T.);
#4388 = EDGE_CURVE('',#4366,#4389,#4391,.T.);
#4389 = VERTEX_POINT('',#4390);
#4390 = CARTESIAN_POINT('',(-1.271685242653,-0.268554925919,
    1.174999952316));
#4391 = SURFACE_CURVE('',#4392,(#4396,#4403),.PCURVE_S1.);
#4392 = LINE('',#4393,#4394);
#4393 = CARTESIAN_POINT('',(-1.280893564224,-0.248807445168,
    1.174999952316));
#4394 = VECTOR('',#4395,1.);
#4395 = DIRECTION('',(0.422615248489,-0.906309192133,0.));
#4396 = PCURVE('',#3727,#4397);
#4397 = DEFINITIONAL_REPRESENTATION('',(#4398),#4402);
#4398 = LINE('',#4399,#4400);
#4399 = CARTESIAN_POINT('',(-0.259654554725,-0.248807445168));
#4400 = VECTOR('',#4401,1.);
#4401 = DIRECTION('',(0.422615248489,-0.906309192133));
#4402 = ( GEOMETRIC_REPRESENTATION_CONTEXT(2) 
PARAMETRIC_REPRESENTATION_CONTEXT() REPRESENTATION_CONTEXT('2D SPACE',''
  ) );
#4403 = PCURVE('',#2645,#4404);
#4404 = DEFINITIONAL_REPRESENTATION('',(#4405),#4409);
#4405 = LINE('',#4406,#4407);
#4406 = CARTESIAN_POINT('',(5.743072395705E-03,-0.105151401663));
#4407 = VECTOR('',#4408,1.);
#4408 = DIRECTION('',(-1.,0.));
#4409 = ( GEOMETRIC_REPRESENTATION_CONTEXT(2) 
PARAMETRIC_REPRESENTATION_CONTEXT() REPRESENTATION_CONTEXT('2D SPACE',''
  ) );
#4410 = ORIENTED_EDGE('',*,*,#4411,.T.);
#4411 = EDGE_CURVE('',#4389,#4412,#4414,.T.);
#4412 = VERTEX_POINT('',#4413);
#4413 = CARTESIAN_POINT('',(-1.259187579155,-0.286403387785,
    1.174999952316));
#4414 = SURFACE_CURVE('',#4415,(#4419,#4426),.PCURVE_S1.);
#4415 = LINE('',#4416,#4417);
#4416 = CARTESIAN_POINT('',(-1.271685242653,-0.268554925919,
    1.174999952316));
#4417 = VECTOR('',#4418,1.);
#4418 = DIRECTION('',(0.573577543574,-0.819151269002,0.));
#4419 = PCURVE('',#3727,#4420);
#4420 = DEFINITIONAL_REPRESENTATION('',(#4421),#4425);
#4421 = LINE('',#4422,#4423);
#4422 = CARTESIAN_POINT('',(-0.250446233153,-0.268554925919));
#4423 = VECTOR('',#4424,1.);
#4424 = DIRECTION('',(0.573577543574,-0.819151269002));
#4425 = ( GEOMETRIC_REPRESENTATION_CONTEXT(2) 
PARAMETRIC_REPRESENTATION_CONTEXT() REPRESENTATION_CONTEXT('2D SPACE',''
  ) );
#4426 = PCURVE('',#2617,#4427);
#4427 = DEFINITIONAL_REPRESENTATION('',(#4428),#4432);
#4428 = LINE('',#4429,#4430);
#4429 = CARTESIAN_POINT('',(5.743091481478E-03,-0.105151417019));
#4430 = VECTOR('',#4431,1.);
#4431 = DIRECTION('',(-1.,0.));
#4432 = ( GEOMETRIC_REPRESENTATION_CONTEXT(2) 
PARAMETRIC_REPRESENTATION_CONTEXT() REPRESENTATION_CONTEXT('2D SPACE',''
  ) );
#4433 = ORIENTED_EDGE('',*,*,#4434,.T.);
#4434 = EDGE_CURVE('',#4412,#4435,#4437,.T.);
#4435 = VERTEX_POINT('',#4436);
#4436 = CARTESIAN_POINT('',(-1.243780374527,-0.301810473204,
    1.174999952316));
#4437 = SURFACE_CURVE('',#4438,(#4442,#4449),.PCURVE_S1.);
#4438 = LINE('',#4439,#4440);
#4439 = CARTESIAN_POINT('',(-1.259187579155,-0.286403387785,
    1.174999952316));
#4440 = VECTOR('',#4441,1.);
#4441 = DIRECTION('',(0.70710951672,-0.707104045642,0.));
#4442 = PCURVE('',#3727,#4443);
#4443 = DEFINITIONAL_REPRESENTATION('',(#4444),#4448);
#4444 = LINE('',#4445,#4446);
#4445 = CARTESIAN_POINT('',(-0.237948569655,-0.286403387785));
#4446 = VECTOR('',#4447,1.);
#4447 = DIRECTION('',(0.70710951672,-0.707104045642));
#4448 = ( GEOMETRIC_REPRESENTATION_CONTEXT(2) 
PARAMETRIC_REPRESENTATION_CONTEXT() REPRESENTATION_CONTEXT('2D SPACE',''
  ) );
#4449 = PCURVE('',#2589,#4450);
#4450 = DEFINITIONAL_REPRESENTATION('',(#4451),#4455);
#4451 = LINE('',#4452,#4453);
#4452 = CARTESIAN_POINT('',(-5.743098168014E-03,0.105151422399));
#4453 = VECTOR('',#4454,1.);
#4454 = DIRECTION('',(1.,0.));
#4455 = ( GEOMETRIC_REPRESENTATION_CONTEXT(2) 
PARAMETRIC_REPRESENTATION_CONTEXT() REPRESENTATION_CONTEXT('2D SPACE',''
  ) );
#4456 = ORIENTED_EDGE('',*,*,#4457,.T.);
#4457 = EDGE_CURVE('',#4435,#3667,#4458,.T.);
#4458 = SURFACE_CURVE('',#4459,(#4463,#4470),.PCURVE_S1.);
#4459 = LINE('',#4460,#4461);
#4460 = CARTESIAN_POINT('',(-1.243780374527,-0.301810473204,
    1.174999952316));
#4461 = VECTOR('',#4462,1.);
#4462 = DIRECTION('',(0.819150561688,-0.57357855372,0.));
#4463 = PCURVE('',#3727,#4464);
#4464 = DEFINITIONAL_REPRESENTATION('',(#4465),#4469);
#4465 = LINE('',#4466,#4467);
#4466 = CARTESIAN_POINT('',(-0.222541365027,-0.301810473204));
#4467 = VECTOR('',#4468,1.);
#4468 = DIRECTION('',(0.819150561688,-0.57357855372));
#4469 = ( GEOMETRIC_REPRESENTATION_CONTEXT(2) 
PARAMETRIC_REPRESENTATION_CONTEXT() REPRESENTATION_CONTEXT('2D SPACE',''
  ) );
#4470 = PCURVE('',#2561,#4471);
#4471 = DEFINITIONAL_REPRESENTATION('',(#4472),#4476);
#4472 = LINE('',#4473,#4474);
#4473 = CARTESIAN_POINT('',(-5.743066452721E-03,0.105151396882));
#4474 = VECTOR('',#4475,1.);
#4475 = DIRECTION('',(1.,0.));
#4476 = ( GEOMETRIC_REPRESENTATION_CONTEXT(2) 
PARAMETRIC_REPRESENTATION_CONTEXT() REPRESENTATION_CONTEXT('2D SPACE',''
  ) );
#4477 = ORIENTED_EDGE('',*,*,#3713,.T.);
#4478 = ORIENTED_EDGE('',*,*,#4479,.T.);
#4479 = EDGE_CURVE('',#3691,#4480,#4482,.T.);
#4480 = VERTEX_POINT('',#4481);
#4481 = CARTESIAN_POINT('',(-1.185137987137,-0.329155921936,
    1.174999952316));
#4482 = SURFACE_CURVE('',#4483,(#4487,#4494),.PCURVE_S1.);
#4483 = LINE('',#4484,#4485);
#4484 = CARTESIAN_POINT('',(-1.206184506416,-0.323516488075,
    1.174999952316));
#4485 = VECTOR('',#4486,1.);
#4486 = DIRECTION('',(0.965925413047,-0.258820587337,0.));
#4487 = PCURVE('',#3727,#4488);
#4488 = DEFINITIONAL_REPRESENTATION('',(#4489),#4493);
#4489 = LINE('',#4490,#4491);
#4490 = CARTESIAN_POINT('',(-0.184945496917,-0.323516488075));
#4491 = VECTOR('',#4492,1.);
#4492 = DIRECTION('',(0.965925413047,-0.258820587337));
#4493 = ( GEOMETRIC_REPRESENTATION_CONTEXT(2) 
PARAMETRIC_REPRESENTATION_CONTEXT() REPRESENTATION_CONTEXT('2D SPACE',''
  ) );
#4494 = PCURVE('',#3625,#4495);
#4495 = DEFINITIONAL_REPRESENTATION('',(#4496),#4500);
#4496 = LINE('',#4497,#4498);
#4497 = CARTESIAN_POINT('',(-5.743091507856E-03,0.10515141704));
#4498 = VECTOR('',#4499,1.);
#4499 = DIRECTION('',(1.,0.));
#4500 = ( GEOMETRIC_REPRESENTATION_CONTEXT(2) 
PARAMETRIC_REPRESENTATION_CONTEXT() REPRESENTATION_CONTEXT('2D SPACE',''
  ) );
#4501 = ORIENTED_EDGE('',*,*,#4502,.T.);
#4502 = EDGE_CURVE('',#4480,#4503,#4505,.T.);
#4503 = VERTEX_POINT('',#4504);
#4504 = CARTESIAN_POINT('',(-1.163432002068,-0.331054925919,
    1.174999952316));
#4505 = SURFACE_CURVE('',#4506,(#4510,#4517),.PCURVE_S1.);
#4506 = LINE('',#4507,#4508);
#4507 = CARTESIAN_POINT('',(-1.185137987137,-0.329155921936,
    1.174999952316));
#4508 = VECTOR('',#4509,1.);
#4509 = DIRECTION('',(0.996194792298,-8.715466595624E-02,0.));
#4510 = PCURVE('',#3727,#4511);
#4511 = DEFINITIONAL_REPRESENTATION('',(#4512),#4516);
#4512 = LINE('',#4513,#4514);
#4513 = CARTESIAN_POINT('',(-0.163898977637,-0.329155921936));
#4514 = VECTOR('',#4515,1.);
#4515 = DIRECTION('',(0.996194792298,-8.715466595624E-02));
#4516 = ( GEOMETRIC_REPRESENTATION_CONTEXT(2) 
PARAMETRIC_REPRESENTATION_CONTEXT() REPRESENTATION_CONTEXT('2D SPACE',''
  ) );
#4517 = PCURVE('',#3597,#4518);
#4518 = DEFINITIONAL_REPRESENTATION('',(#4519),#4523);
#4519 = LINE('',#4520,#4521);
#4520 = CARTESIAN_POINT('',(-5.743071262783E-03,0.105151400752));
#4521 = VECTOR('',#4522,1.);
#4522 = DIRECTION('',(1.,0.));
#4523 = ( GEOMETRIC_REPRESENTATION_CONTEXT(2) 
PARAMETRIC_REPRESENTATION_CONTEXT() REPRESENTATION_CONTEXT('2D SPACE',''
  ) );
#4524 = ORIENTED_EDGE('',*,*,#4525,.T.);
#4525 = EDGE_CURVE('',#4503,#4526,#4528,.T.);
#4526 = VERTEX_POINT('',#4527);
#4527 = CARTESIAN_POINT('',(-0.879046022892,-0.331054925919,
    1.174999952316));
#4528 = SURFACE_CURVE('',#4529,(#4533,#4540),.PCURVE_S1.);
#4529 = LINE('',#4530,#4531);
#4530 = CARTESIAN_POINT('',(-1.163432002068,-0.331054925919,
    1.174999952316));
#4531 = VECTOR('',#4532,1.);
#4532 = DIRECTION('',(1.,0.,0.));
#4533 = PCURVE('',#3727,#4534);
#4534 = DEFINITIONAL_REPRESENTATION('',(#4535),#4539);
#4535 = LINE('',#4536,#4537);
#4536 = CARTESIAN_POINT('',(-0.142192992568,-0.331054925919));
#4537 = VECTOR('',#4538,1.);
#4538 = DIRECTION('',(1.,0.));
#4539 = ( GEOMETRIC_REPRESENTATION_CONTEXT(2) 
PARAMETRIC_REPRESENTATION_CONTEXT() REPRESENTATION_CONTEXT('2D SPACE',''
  ) );
#4540 = PCURVE('',#3569,#4541);
#4541 = DEFINITIONAL_REPRESENTATION('',(#4542),#4546);
#4542 = LINE('',#4543,#4544);
#4543 = CARTESIAN_POINT('',(-0.134178679893,-0.108014333537));
#4544 = VECTOR('',#4545,1.);
#4545 = DIRECTION('',(0.,1.));
#4546 = ( GEOMETRIC_REPRESENTATION_CONTEXT(2) 
PARAMETRIC_REPRESENTATION_CONTEXT() REPRESENTATION_CONTEXT('2D SPACE',''
  ) );
#4547 = ORIENTED_EDGE('',*,*,#4548,.T.);
#4548 = EDGE_CURVE('',#4526,#4549,#4551,.T.);
#4549 = VERTEX_POINT('',#4550);
#4550 = CARTESIAN_POINT('',(-0.857339978218,-0.329155921936,
    1.174999952316));
#4551 = SURFACE_CURVE('',#4552,(#4556,#4563),.PCURVE_S1.);
#4552 = LINE('',#4553,#4554);
#4553 = CARTESIAN_POINT('',(-0.879046022892,-0.331054925919,
    1.174999952316));
#4554 = VECTOR('',#4555,1.);
#4555 = DIRECTION('',(0.996194813077,8.715442844805E-02,0.));
#4556 = PCURVE('',#3727,#4557);
#4557 = DEFINITIONAL_REPRESENTATION('',(#4558),#4562);
#4558 = LINE('',#4559,#4560);
#4559 = CARTESIAN_POINT('',(0.142192986608,-0.331054925919));
#4560 = VECTOR('',#4561,1.);
#4561 = DIRECTION('',(0.996194813077,8.715442844805E-02));
#4562 = ( GEOMETRIC_REPRESENTATION_CONTEXT(2) 
PARAMETRIC_REPRESENTATION_CONTEXT() REPRESENTATION_CONTEXT('2D SPACE',''
  ) );
#4563 = PCURVE('',#3541,#4564);
#4564 = DEFINITIONAL_REPRESENTATION('',(#4565),#4569);
#4565 = LINE('',#4566,#4567);
#4566 = CARTESIAN_POINT('',(-5.743087714953E-03,0.105151413989));
#4567 = VECTOR('',#4568,1.);
#4568 = DIRECTION('',(1.,0.));
#4569 = ( GEOMETRIC_REPRESENTATION_CONTEXT(2) 
PARAMETRIC_REPRESENTATION_CONTEXT() REPRESENTATION_CONTEXT('2D SPACE',''
  ) );
#4570 = ORIENTED_EDGE('',*,*,#4571,.T.);
#4571 = EDGE_CURVE('',#4549,#4572,#4574,.T.);
#4572 = VERTEX_POINT('',#4573);
#4573 = CARTESIAN_POINT('',(-0.836293518543,-0.323516488075,
    1.174999952316));
#4574 = SURFACE_CURVE('',#4575,(#4579,#4586),.PCURVE_S1.);
#4575 = LINE('',#4576,#4577);
#4576 = CARTESIAN_POINT('',(-0.857339978218,-0.329155921936,
    1.174999952316));
#4577 = VECTOR('',#4578,1.);
#4578 = DIRECTION('',(0.965925229798,0.258821271229,0.));
#4579 = PCURVE('',#3727,#4580);
#4580 = DEFINITIONAL_REPRESENTATION('',(#4581),#4585);
#4581 = LINE('',#4582,#4583);
#4582 = CARTESIAN_POINT('',(0.163899031281,-0.329155921936));
#4583 = VECTOR('',#4584,1.);
#4584 = DIRECTION('',(0.965925229798,0.258821271229));
#4585 = ( GEOMETRIC_REPRESENTATION_CONTEXT(2) 
PARAMETRIC_REPRESENTATION_CONTEXT() REPRESENTATION_CONTEXT('2D SPACE',''
  ) );
#4586 = PCURVE('',#3513,#4587);
#4587 = DEFINITIONAL_REPRESENTATION('',(#4588),#4592);
#4588 = LINE('',#4589,#4590);
#4589 = CARTESIAN_POINT('',(-5.743075555586E-03,0.105151404206));
#4590 = VECTOR('',#4591,1.);
#4591 = DIRECTION('',(1.,0.));
#4592 = ( GEOMETRIC_REPRESENTATION_CONTEXT(2) 
PARAMETRIC_REPRESENTATION_CONTEXT() REPRESENTATION_CONTEXT('2D SPACE',''
  ) );
#4593 = ORIENTED_EDGE('',*,*,#4594,.T.);
#4594 = EDGE_CURVE('',#4572,#4595,#4597,.T.);
#4595 = VERTEX_POINT('',#4596);
#4596 = CARTESIAN_POINT('',(-0.816546022892,-0.314308106899,
    1.174999952316));
#4597 = SURFACE_CURVE('',#4598,(#4602,#4609),.PCURVE_S1.);
#4598 = LINE('',#4599,#4600);
#4599 = CARTESIAN_POINT('',(-0.836293518543,-0.323516488075,
    1.174999952316));
#4600 = VECTOR('',#4601,1.);
#4601 = DIRECTION('',(0.906308266506,0.422617233513,0.));
#4602 = PCURVE('',#3727,#4603);
#4603 = DEFINITIONAL_REPRESENTATION('',(#4604),#4608);
#4604 = LINE('',#4605,#4606);
#4605 = CARTESIAN_POINT('',(0.184945490956,-0.323516488075));
#4606 = VECTOR('',#4607,1.);
#4607 = DIRECTION('',(0.906308266506,0.422617233513));
#4608 = ( GEOMETRIC_REPRESENTATION_CONTEXT(2) 
PARAMETRIC_REPRESENTATION_CONTEXT() REPRESENTATION_CONTEXT('2D SPACE',''
  ) );
#4609 = PCURVE('',#3485,#4610);
#4610 = DEFINITIONAL_REPRESENTATION('',(#4611),#4615);
#4611 = LINE('',#4612,#4613);
#4612 = CARTESIAN_POINT('',(-1.604585601211E-02,9.484863739437E-02));
#4613 = VECTOR('',#4614,1.);
#4614 = DIRECTION('',(1.,0.));
#4615 = ( GEOMETRIC_REPRESENTATION_CONTEXT(2) 
PARAMETRIC_REPRESENTATION_CONTEXT() REPRESENTATION_CONTEXT('2D SPACE',''
  ) );
#4616 = ORIENTED_EDGE('',*,*,#4617,.T.);
#4617 = EDGE_CURVE('',#4595,#3743,#4618,.T.);
#4618 = SURFACE_CURVE('',#4619,(#4623,#4630),.PCURVE_S1.);
#4619 = LINE('',#4620,#4621);
#4620 = CARTESIAN_POINT('',(-0.816546022892,-0.314308106899,
    1.174999952316));
#4621 = VECTOR('',#4622,1.);
#4622 = DIRECTION('',(0.819152361628,0.573575983144,0.));
#4623 = PCURVE('',#3727,#4624);
#4624 = DEFINITIONAL_REPRESENTATION('',(#4625),#4629);
#4625 = LINE('',#4626,#4627);
#4626 = CARTESIAN_POINT('',(0.204692986608,-0.314308106899));
#4627 = VECTOR('',#4628,1.);
#4628 = DIRECTION('',(0.819152361628,0.573575983144));
#4629 = ( GEOMETRIC_REPRESENTATION_CONTEXT(2) 
PARAMETRIC_REPRESENTATION_CONTEXT() REPRESENTATION_CONTEXT('2D SPACE',''
  ) );
#4630 = PCURVE('',#3457,#4631);
#4631 = DEFINITIONAL_REPRESENTATION('',(#4632),#4636);
#4632 = LINE('',#4633,#4634);
#4633 = CARTESIAN_POINT('',(-1.604588312652E-02,9.484862903325E-02));
#4634 = VECTOR('',#4635,1.);
#4635 = DIRECTION('',(1.,0.));
#4636 = ( GEOMETRIC_REPRESENTATION_CONTEXT(2) 
PARAMETRIC_REPRESENTATION_CONTEXT() REPRESENTATION_CONTEXT('2D SPACE',''
  ) );
#4637 = ADVANCED_FACE('',(#4638),#3625,.T.);
#4638 = FACE_BOUND('',#4639,.T.);
#4639 = EDGE_LOOP('',(#4640,#4641,#4642,#4663));
#4640 = ORIENTED_EDGE('',*,*,#3690,.F.);
#4641 = ORIENTED_EDGE('',*,*,#3609,.F.);
#4642 = ORIENTED_EDGE('',*,*,#4643,.T.);
#4643 = EDGE_CURVE('',#3582,#4480,#4644,.T.);
#4644 = SURFACE_CURVE('',#4645,(#4649,#4656),.PCURVE_S1.);
#4645 = LINE('',#4646,#4647);
#4646 = CARTESIAN_POINT('',(-1.185137987137,-0.329155921936,1.375));
#4647 = VECTOR('',#4648,1.);
#4648 = DIRECTION('',(0.,0.,-1.));
#4649 = PCURVE('',#3625,#4650);
#4650 = DEFINITIONAL_REPRESENTATION('',(#4651),#4655);
#4651 = LINE('',#4652,#4653);
#4652 = CARTESIAN_POINT('',(1.604587790448E-02,-9.484863064355E-02));
#4653 = VECTOR('',#4654,1.);
#4654 = DIRECTION('',(0.,1.));
#4655 = ( GEOMETRIC_REPRESENTATION_CONTEXT(2) 
PARAMETRIC_REPRESENTATION_CONTEXT() REPRESENTATION_CONTEXT('2D SPACE',''
  ) );
#4656 = PCURVE('',#3597,#4657);
#4657 = DEFINITIONAL_REPRESENTATION('',(#4658),#4662);
#4658 = LINE('',#4659,#4660);
#4659 = CARTESIAN_POINT('',(-5.743071262783E-03,-9.484864693191E-02));
#4660 = VECTOR('',#4661,1.);
#4661 = DIRECTION('',(0.,1.));
#4662 = ( GEOMETRIC_REPRESENTATION_CONTEXT(2) 
PARAMETRIC_REPRESENTATION_CONTEXT() REPRESENTATION_CONTEXT('2D SPACE',''
  ) );
#4663 = ORIENTED_EDGE('',*,*,#4479,.F.);
#4664 = ADVANCED_FACE('',(#4665),#3597,.T.);
#4665 = FACE_BOUND('',#4666,.T.);
#4666 = EDGE_LOOP('',(#4667,#4668,#4669,#4690));
#4667 = ORIENTED_EDGE('',*,*,#4643,.F.);
#4668 = ORIENTED_EDGE('',*,*,#3581,.F.);
#4669 = ORIENTED_EDGE('',*,*,#4670,.T.);
#4670 = EDGE_CURVE('',#3554,#4503,#4671,.T.);
#4671 = SURFACE_CURVE('',#4672,(#4676,#4683),.PCURVE_S1.);
#4672 = LINE('',#4673,#4674);
#4673 = CARTESIAN_POINT('',(-1.163432002068,-0.331054925919,1.375));
#4674 = VECTOR('',#4675,1.);
#4675 = DIRECTION('',(0.,0.,-1.));
#4676 = PCURVE('',#3597,#4677);
#4677 = DEFINITIONAL_REPRESENTATION('',(#4678),#4682);
#4678 = LINE('',#4679,#4680);
#4679 = CARTESIAN_POINT('',(1.604582508268E-02,-9.484864693191E-02));
#4680 = VECTOR('',#4681,1.);
#4681 = DIRECTION('',(0.,1.));
#4682 = ( GEOMETRIC_REPRESENTATION_CONTEXT(2) 
PARAMETRIC_REPRESENTATION_CONTEXT() REPRESENTATION_CONTEXT('2D SPACE',''
  ) );
#4683 = PCURVE('',#3569,#4684);
#4684 = DEFINITIONAL_REPRESENTATION('',(#4685),#4689);
#4685 = LINE('',#4686,#4687);
#4686 = CARTESIAN_POINT('',(6.582136779116E-02,-0.108014333537));
#4687 = VECTOR('',#4688,1.);
#4688 = DIRECTION('',(-1.,0.));
#4689 = ( GEOMETRIC_REPRESENTATION_CONTEXT(2) 
PARAMETRIC_REPRESENTATION_CONTEXT() REPRESENTATION_CONTEXT('2D SPACE',''
  ) );
#4690 = ORIENTED_EDGE('',*,*,#4502,.F.);
#4691 = ADVANCED_FACE('',(#4692),#3569,.T.);
#4692 = FACE_BOUND('',#4693,.T.);
#4693 = EDGE_LOOP('',(#4694,#4695,#4716,#4717));
#4694 = ORIENTED_EDGE('',*,*,#3553,.F.);
#4695 = ORIENTED_EDGE('',*,*,#4696,.F.);
#4696 = EDGE_CURVE('',#4526,#3526,#4697,.T.);
#4697 = SURFACE_CURVE('',#4698,(#4702,#4709),.PCURVE_S1.);
#4698 = LINE('',#4699,#4700);
#4699 = CARTESIAN_POINT('',(-0.879046022892,-0.331054925919,
    1.174999952316));
#4700 = VECTOR('',#4701,1.);
#4701 = DIRECTION('',(0.,0.,1.));
#4702 = PCURVE('',#3569,#4703);
#4703 = DEFINITIONAL_REPRESENTATION('',(#4704),#4708);
#4704 = LINE('',#4705,#4706);
#4705 = CARTESIAN_POINT('',(-0.134178679893,0.176371645638));
#4706 = VECTOR('',#4707,1.);
#4707 = DIRECTION('',(1.,0.));
#4708 = ( GEOMETRIC_REPRESENTATION_CONTEXT(2) 
PARAMETRIC_REPRESENTATION_CONTEXT() REPRESENTATION_CONTEXT('2D SPACE',''
  ) );
#4709 = PCURVE('',#3541,#4710);
#4710 = DEFINITIONAL_REPRESENTATION('',(#4711),#4715);
#4711 = LINE('',#4712,#4713);
#4712 = CARTESIAN_POINT('',(-5.743087714953E-03,0.105151413989));
#4713 = VECTOR('',#4714,1.);
#4714 = DIRECTION('',(0.,-1.));
#4715 = ( GEOMETRIC_REPRESENTATION_CONTEXT(2) 
PARAMETRIC_REPRESENTATION_CONTEXT() REPRESENTATION_CONTEXT('2D SPACE',''
  ) );
#4716 = ORIENTED_EDGE('',*,*,#4525,.F.);
#4717 = ORIENTED_EDGE('',*,*,#4670,.F.);
#4718 = ADVANCED_FACE('',(#4719),#3541,.T.);
#4719 = FACE_BOUND('',#4720,.T.);
#4720 = EDGE_LOOP('',(#4721,#4722,#4723,#4744));
#4721 = ORIENTED_EDGE('',*,*,#4696,.T.);
#4722 = ORIENTED_EDGE('',*,*,#3525,.F.);
#4723 = ORIENTED_EDGE('',*,*,#4724,.T.);
#4724 = EDGE_CURVE('',#3498,#4549,#4725,.T.);
#4725 = SURFACE_CURVE('',#4726,(#4730,#4737),.PCURVE_S1.);
#4726 = LINE('',#4727,#4728);
#4727 = CARTESIAN_POINT('',(-0.857339978218,-0.329155921936,1.375));
#4728 = VECTOR('',#4729,1.);
#4729 = DIRECTION('',(0.,0.,-1.));
#4730 = PCURVE('',#3541,#4731);
#4731 = DEFINITIONAL_REPRESENTATION('',(#4732),#4736);
#4732 = LINE('',#4733,#4734);
#4733 = CARTESIAN_POINT('',(1.604586800835E-02,-9.484863369516E-02));
#4734 = VECTOR('',#4735,1.);
#4735 = DIRECTION('',(0.,1.));
#4736 = ( GEOMETRIC_REPRESENTATION_CONTEXT(2) 
PARAMETRIC_REPRESENTATION_CONTEXT() REPRESENTATION_CONTEXT('2D SPACE',''
  ) );
#4737 = PCURVE('',#3513,#4738);
#4738 = DEFINITIONAL_REPRESENTATION('',(#4739),#4743);
#4739 = LINE('',#4740,#4741);
#4740 = CARTESIAN_POINT('',(-5.743075555586E-03,-9.484864347809E-02));
#4741 = VECTOR('',#4742,1.);
#4742 = DIRECTION('',(0.,1.));
#4743 = ( GEOMETRIC_REPRESENTATION_CONTEXT(2) 
PARAMETRIC_REPRESENTATION_CONTEXT() REPRESENTATION_CONTEXT('2D SPACE',''
  ) );
#4744 = ORIENTED_EDGE('',*,*,#4548,.F.);
#4745 = ADVANCED_FACE('',(#4746),#3513,.T.);
#4746 = FACE_BOUND('',#4747,.T.);
#4747 = EDGE_LOOP('',(#4748,#4749,#4750,#4771));
#4748 = ORIENTED_EDGE('',*,*,#4724,.F.);
#4749 = ORIENTED_EDGE('',*,*,#3497,.F.);
#4750 = ORIENTED_EDGE('',*,*,#4751,.T.);
#4751 = EDGE_CURVE('',#3470,#4572,#4752,.T.);
#4752 = SURFACE_CURVE('',#4753,(#4757,#4764),.PCURVE_S1.);
#4753 = LINE('',#4754,#4755);
#4754 = CARTESIAN_POINT('',(-0.836293518543,-0.323516488075,1.375));
#4755 = VECTOR('',#4756,1.);
#4756 = DIRECTION('',(0.,0.,-1.));
#4757 = PCURVE('',#3513,#4758);
#4758 = DEFINITIONAL_REPRESENTATION('',(#4759),#4763);
#4759 = LINE('',#4760,#4761);
#4760 = CARTESIAN_POINT('',(1.604583628311E-02,-9.484864347809E-02));
#4761 = VECTOR('',#4762,1.);
#4762 = DIRECTION('',(0.,1.));
#4763 = ( GEOMETRIC_REPRESENTATION_CONTEXT(2) 
PARAMETRIC_REPRESENTATION_CONTEXT() REPRESENTATION_CONTEXT('2D SPACE',''
  ) );
#4764 = PCURVE('',#3485,#4765);
#4765 = DEFINITIONAL_REPRESENTATION('',(#4766),#4770);
#4766 = LINE('',#4767,#4768);
#4767 = CARTESIAN_POINT('',(-1.604585601211E-02,-0.105151410289));
#4768 = VECTOR('',#4769,1.);
#4769 = DIRECTION('',(0.,1.));
#4770 = ( GEOMETRIC_REPRESENTATION_CONTEXT(2) 
PARAMETRIC_REPRESENTATION_CONTEXT() REPRESENTATION_CONTEXT('2D SPACE',''
  ) );
#4771 = ORIENTED_EDGE('',*,*,#4571,.F.);
#4772 = ADVANCED_FACE('',(#4773),#3485,.T.);
#4773 = FACE_BOUND('',#4774,.T.);
#4774 = EDGE_LOOP('',(#4775,#4796,#4797,#4798));
#4775 = ORIENTED_EDGE('',*,*,#4776,.T.);
#4776 = EDGE_CURVE('',#3442,#4595,#4777,.T.);
#4777 = SURFACE_CURVE('',#4778,(#4782,#4789),.PCURVE_S1.);
#4778 = LINE('',#4779,#4780);
#4779 = CARTESIAN_POINT('',(-0.816546022892,-0.314308106899,1.375));
#4780 = VECTOR('',#4781,1.);
#4781 = DIRECTION('',(0.,0.,-1.));
#4782 = PCURVE('',#3485,#4783);
#4783 = DEFINITIONAL_REPRESENTATION('',(#4784),#4788);
#4784 = LINE('',#4785,#4786);
#4785 = CARTESIAN_POINT('',(5.743083117142E-03,-0.105151410289));
#4786 = VECTOR('',#4787,1.);
#4787 = DIRECTION('',(0.,1.));
#4788 = ( GEOMETRIC_REPRESENTATION_CONTEXT(2) 
PARAMETRIC_REPRESENTATION_CONTEXT() REPRESENTATION_CONTEXT('2D SPACE',''
  ) );
#4789 = PCURVE('',#3457,#4790);
#4790 = DEFINITIONAL_REPRESENTATION('',(#4791),#4795);
#4791 = LINE('',#4792,#4793);
#4792 = CARTESIAN_POINT('',(-1.604588312652E-02,-0.10515141865));
#4793 = VECTOR('',#4794,1.);
#4794 = DIRECTION('',(0.,1.));
#4795 = ( GEOMETRIC_REPRESENTATION_CONTEXT(2) 
PARAMETRIC_REPRESENTATION_CONTEXT() REPRESENTATION_CONTEXT('2D SPACE',''
  ) );
#4796 = ORIENTED_EDGE('',*,*,#4594,.F.);
#4797 = ORIENTED_EDGE('',*,*,#4751,.F.);
#4798 = ORIENTED_EDGE('',*,*,#3469,.F.);
#4799 = ADVANCED_FACE('',(#4800),#3457,.T.);
#4800 = FACE_BOUND('',#4801,.T.);
#4801 = EDGE_LOOP('',(#4802,#4823,#4824,#4825));
#4802 = ORIENTED_EDGE('',*,*,#4803,.F.);
#4803 = EDGE_CURVE('',#3743,#3414,#4804,.T.);
#4804 = SURFACE_CURVE('',#4805,(#4809,#4816),.PCURVE_S1.);
#4805 = LINE('',#4806,#4807);
#4806 = CARTESIAN_POINT('',(-0.798697531223,-0.301810473204,
    1.174999952316));
#4807 = VECTOR('',#4808,1.);
#4808 = DIRECTION('',(0.,0.,1.));
#4809 = PCURVE('',#3457,#4810);
#4810 = DEFINITIONAL_REPRESENTATION('',(#4811),#4815);
#4811 = LINE('',#4812,#4813);
#4812 = CARTESIAN_POINT('',(5.743093509316E-03,9.484862903325E-02));
#4813 = VECTOR('',#4814,1.);
#4814 = DIRECTION('',(0.,-1.));
#4815 = ( GEOMETRIC_REPRESENTATION_CONTEXT(2) 
PARAMETRIC_REPRESENTATION_CONTEXT() REPRESENTATION_CONTEXT('2D SPACE',''
  ) );
#4816 = PCURVE('',#3429,#4817);
#4817 = DEFINITIONAL_REPRESENTATION('',(#4818),#4822);
#4818 = LINE('',#4819,#4820);
#4819 = CARTESIAN_POINT('',(-1.604583434356E-02,9.484864407618E-02));
#4820 = VECTOR('',#4821,1.);
#4821 = DIRECTION('',(0.,-1.));
#4822 = ( GEOMETRIC_REPRESENTATION_CONTEXT(2) 
PARAMETRIC_REPRESENTATION_CONTEXT() REPRESENTATION_CONTEXT('2D SPACE',''
  ) );
#4823 = ORIENTED_EDGE('',*,*,#4617,.F.);
#4824 = ORIENTED_EDGE('',*,*,#4776,.F.);
#4825 = ORIENTED_EDGE('',*,*,#3441,.F.);
#4826 = ADVANCED_FACE('',(#4827),#3429,.T.);
#4827 = FACE_BOUND('',#4828,.T.);
#4828 = EDGE_LOOP('',(#4829,#4850,#4851,#4852));
#4829 = ORIENTED_EDGE('',*,*,#4830,.F.);
#4830 = EDGE_CURVE('',#3745,#3386,#4831,.T.);
#4831 = SURFACE_CURVE('',#4832,(#4836,#4843),.PCURVE_S1.);
#4832 = LINE('',#4833,#4834);
#4833 = CARTESIAN_POINT('',(-0.783290445805,-0.286403387785,
    1.174999952316));
#4834 = VECTOR('',#4835,1.);
#4835 = DIRECTION('',(0.,0.,1.));
#4836 = PCURVE('',#3429,#4837);
#4837 = DEFINITIONAL_REPRESENTATION('',(#4838),#4842);
#4838 = LINE('',#4839,#4840);
#4839 = CARTESIAN_POINT('',(5.74307481221E-03,9.484864407618E-02));
#4840 = VECTOR('',#4841,1.);
#4841 = DIRECTION('',(0.,-1.));
#4842 = ( GEOMETRIC_REPRESENTATION_CONTEXT(2) 
PARAMETRIC_REPRESENTATION_CONTEXT() REPRESENTATION_CONTEXT('2D SPACE',''
  ) );
#4843 = PCURVE('',#3401,#4844);
#4844 = DEFINITIONAL_REPRESENTATION('',(#4845),#4849);
#4845 = LINE('',#4846,#4847);
#4846 = CARTESIAN_POINT('',(1.604585312045E-02,-9.484863828606E-02));
#4847 = VECTOR('',#4848,1.);
#4848 = DIRECTION('',(0.,1.));
#4849 = ( GEOMETRIC_REPRESENTATION_CONTEXT(2) 
PARAMETRIC_REPRESENTATION_CONTEXT() REPRESENTATION_CONTEXT('2D SPACE',''
  ) );
#4850 = ORIENTED_EDGE('',*,*,#3742,.F.);
#4851 = ORIENTED_EDGE('',*,*,#4803,.T.);
#4852 = ORIENTED_EDGE('',*,*,#3413,.F.);
#4853 = ADVANCED_FACE('',(#4854),#3401,.T.);
#4854 = FACE_BOUND('',#4855,.T.);
#4855 = EDGE_LOOP('',(#4856,#4877,#4878,#4879));
#4856 = ORIENTED_EDGE('',*,*,#4857,.F.);
#4857 = EDGE_CURVE('',#3768,#3358,#4858,.T.);
#4858 = SURFACE_CURVE('',#4859,(#4863,#4870),.PCURVE_S1.);
#4859 = LINE('',#4860,#4861);
#4860 = CARTESIAN_POINT('',(-0.770792841911,-0.268554925919,
    1.174999952316));
#4861 = VECTOR('',#4862,1.);
#4862 = DIRECTION('',(0.,0.,1.));
#4863 = PCURVE('',#3401,#4864);
#4864 = DEFINITIONAL_REPRESENTATION('',(#4865),#4869);
#4865 = LINE('',#4866,#4867);
#4866 = CARTESIAN_POINT('',(-5.743082008851E-03,-9.484863828606E-02));
#4867 = VECTOR('',#4868,1.);
#4868 = DIRECTION('',(0.,1.));
#4869 = ( GEOMETRIC_REPRESENTATION_CONTEXT(2) 
PARAMETRIC_REPRESENTATION_CONTEXT() REPRESENTATION_CONTEXT('2D SPACE',''
  ) );
#4870 = PCURVE('',#3373,#4871);
#4871 = DEFINITIONAL_REPRESENTATION('',(#4872),#4876);
#4872 = LINE('',#4873,#4874);
#4873 = CARTESIAN_POINT('',(1.604586445947E-02,-9.484863478951E-02));
#4874 = VECTOR('',#4875,1.);
#4875 = DIRECTION('',(0.,1.));
#4876 = ( GEOMETRIC_REPRESENTATION_CONTEXT(2) 
PARAMETRIC_REPRESENTATION_CONTEXT() REPRESENTATION_CONTEXT('2D SPACE',''
  ) );
#4877 = ORIENTED_EDGE('',*,*,#3767,.F.);
#4878 = ORIENTED_EDGE('',*,*,#4830,.T.);
#4879 = ORIENTED_EDGE('',*,*,#3385,.F.);
#4880 = ADVANCED_FACE('',(#4881),#3373,.T.);
#4881 = FACE_BOUND('',#4882,.T.);
#4882 = EDGE_LOOP('',(#4883,#4904,#4905,#4906));
#4883 = ORIENTED_EDGE('',*,*,#4884,.T.);
#4884 = EDGE_CURVE('',#3330,#3791,#4885,.T.);
#4885 = SURFACE_CURVE('',#4886,(#4890,#4897),.PCURVE_S1.);
#4886 = LINE('',#4887,#4888);
#4887 = CARTESIAN_POINT('',(-0.761584401131,-0.248807445168,1.375));
#4888 = VECTOR('',#4889,1.);
#4889 = DIRECTION('',(0.,0.,-1.));
#4890 = PCURVE('',#3373,#4891);
#4891 = DEFINITIONAL_REPRESENTATION('',(#4892),#4896);
#4892 = LINE('',#4893,#4894);
#4893 = CARTESIAN_POINT('',(-5.743086354771E-03,0.105151412894));
#4894 = VECTOR('',#4895,1.);
#4895 = DIRECTION('',(-0.,-1.));
#4896 = ( GEOMETRIC_REPRESENTATION_CONTEXT(2) 
PARAMETRIC_REPRESENTATION_CONTEXT() REPRESENTATION_CONTEXT('2D SPACE',''
  ) );
#4897 = PCURVE('',#3345,#4898);
#4898 = DEFINITIONAL_REPRESENTATION('',(#4899),#4903);
#4899 = LINE('',#4900,#4901);
#4900 = CARTESIAN_POINT('',(1.604583478902E-02,0.105151403745));
#4901 = VECTOR('',#4902,1.);
#4902 = DIRECTION('',(-0.,-1.));
#4903 = ( GEOMETRIC_REPRESENTATION_CONTEXT(2) 
PARAMETRIC_REPRESENTATION_CONTEXT() REPRESENTATION_CONTEXT('2D SPACE',''
  ) );
#4904 = ORIENTED_EDGE('',*,*,#3790,.F.);
#4905 = ORIENTED_EDGE('',*,*,#4857,.T.);
#4906 = ORIENTED_EDGE('',*,*,#3357,.F.);
#4907 = ADVANCED_FACE('',(#4908),#3345,.T.);
#4908 = FACE_BOUND('',#4909,.T.);
#4909 = EDGE_LOOP('',(#4910,#4931,#4932,#4933));
#4910 = ORIENTED_EDGE('',*,*,#4911,.F.);
#4911 = EDGE_CURVE('',#3814,#3302,#4912,.T.);
#4912 = SURFACE_CURVE('',#4913,(#4917,#4924),.PCURVE_S1.);
#4913 = LINE('',#4914,#4915);
#4914 = CARTESIAN_POINT('',(-0.755945086479,-0.227760955691,
    1.174999952316));
#4915 = VECTOR('',#4916,1.);
#4916 = DIRECTION('',(0.,0.,1.));
#4917 = PCURVE('',#3345,#4918);
#4918 = DEFINITIONAL_REPRESENTATION('',(#4919),#4923);
#4919 = LINE('',#4920,#4921);
#4920 = CARTESIAN_POINT('',(-5.743074982942E-03,-9.484864393882E-02));
#4921 = VECTOR('',#4922,1.);
#4922 = DIRECTION('',(0.,1.));
#4923 = ( GEOMETRIC_REPRESENTATION_CONTEXT(2) 
PARAMETRIC_REPRESENTATION_CONTEXT() REPRESENTATION_CONTEXT('2D SPACE',''
  ) );
#4924 = PCURVE('',#3317,#4925);
#4925 = DEFINITIONAL_REPRESENTATION('',(#4926),#4930);
#4926 = LINE('',#4927,#4928);
#4927 = CARTESIAN_POINT('',(1.604585727693E-02,-9.484863700435E-02));
#4928 = VECTOR('',#4929,1.);
#4929 = DIRECTION('',(0.,1.));
#4930 = ( GEOMETRIC_REPRESENTATION_CONTEXT(2) 
PARAMETRIC_REPRESENTATION_CONTEXT() REPRESENTATION_CONTEXT('2D SPACE',''
  ) );
#4931 = ORIENTED_EDGE('',*,*,#3813,.F.);
#4932 = ORIENTED_EDGE('',*,*,#4884,.F.);
#4933 = ORIENTED_EDGE('',*,*,#3329,.F.);
#4934 = ADVANCED_FACE('',(#4935),#3317,.T.);
#4935 = FACE_BOUND('',#4936,.T.);
#4936 = EDGE_LOOP('',(#4937,#4958,#4959,#4960));
#4937 = ORIENTED_EDGE('',*,*,#4938,.T.);
#4938 = EDGE_CURVE('',#3274,#3837,#4939,.T.);
#4939 = SURFACE_CURVE('',#4940,(#4944,#4951),.PCURVE_S1.);
#4940 = LINE('',#4941,#4942);
#4941 = CARTESIAN_POINT('',(-0.754046082497,-0.206054925919,1.375));
#4942 = VECTOR('',#4943,1.);
#4943 = DIRECTION('',(0.,0.,-1.));
#4944 = PCURVE('',#3317,#4945);
#4945 = DEFINITIONAL_REPRESENTATION('',(#4946),#4950);
#4946 = LINE('',#4947,#4948);
#4947 = CARTESIAN_POINT('',(-5.74308360191E-03,0.105151410679));
#4948 = VECTOR('',#4949,1.);
#4949 = DIRECTION('',(-0.,-1.));
#4950 = ( GEOMETRIC_REPRESENTATION_CONTEXT(2) 
PARAMETRIC_REPRESENTATION_CONTEXT() REPRESENTATION_CONTEXT('2D SPACE',''
  ) );
#4951 = PCURVE('',#3289,#4952);
#4952 = DEFINITIONAL_REPRESENTATION('',(#4953),#4957);
#4953 = LINE('',#4954,#4955);
#4954 = CARTESIAN_POINT('',(-6.149180199763E-02,0.167546704074));
#4955 = VECTOR('',#4956,1.);
#4956 = DIRECTION('',(1.,0.));
#4957 = ( GEOMETRIC_REPRESENTATION_CONTEXT(2) 
PARAMETRIC_REPRESENTATION_CONTEXT() REPRESENTATION_CONTEXT('2D SPACE',''
  ) );
#4958 = ORIENTED_EDGE('',*,*,#3836,.F.);
#4959 = ORIENTED_EDGE('',*,*,#4911,.T.);
#4960 = ORIENTED_EDGE('',*,*,#3301,.F.);
#4961 = ADVANCED_FACE('',(#4962),#3289,.T.);
#4962 = FACE_BOUND('',#4963,.T.);
#4963 = EDGE_LOOP('',(#4964,#4965,#4986,#4987));
#4964 = ORIENTED_EDGE('',*,*,#3273,.F.);
#4965 = ORIENTED_EDGE('',*,*,#4966,.F.);
#4966 = EDGE_CURVE('',#3860,#3246,#4967,.T.);
#4967 = SURFACE_CURVE('',#4968,(#4972,#4979),.PCURVE_S1.);
#4968 = LINE('',#4969,#4970);
#4969 = CARTESIAN_POINT('',(-0.754046082497,0.206054925919,
    1.174999952316));
#4970 = VECTOR('',#4971,1.);
#4971 = DIRECTION('',(0.,0.,1.));
#4972 = PCURVE('',#3289,#4973);
#4973 = DEFINITIONAL_REPRESENTATION('',(#4974),#4978);
#4974 = LINE('',#4975,#4976);
#4975 = CARTESIAN_POINT('',(0.138508245686,-0.244563147763));
#4976 = VECTOR('',#4977,1.);
#4977 = DIRECTION('',(-1.,0.));
#4978 = ( GEOMETRIC_REPRESENTATION_CONTEXT(2) 
PARAMETRIC_REPRESENTATION_CONTEXT() REPRESENTATION_CONTEXT('2D SPACE',''
  ) );
#4979 = PCURVE('',#3261,#4980);
#4980 = DEFINITIONAL_REPRESENTATION('',(#4981),#4985);
#4981 = LINE('',#4982,#4983);
#4982 = CARTESIAN_POINT('',(1.604585727693E-02,-9.484863700435E-02));
#4983 = VECTOR('',#4984,1.);
#4984 = DIRECTION('',(0.,1.));
#4985 = ( GEOMETRIC_REPRESENTATION_CONTEXT(2) 
PARAMETRIC_REPRESENTATION_CONTEXT() REPRESENTATION_CONTEXT('2D SPACE',''
  ) );
#4986 = ORIENTED_EDGE('',*,*,#3859,.F.);
#4987 = ORIENTED_EDGE('',*,*,#4938,.F.);
#4988 = ADVANCED_FACE('',(#4989),#3261,.T.);
#4989 = FACE_BOUND('',#4990,.T.);
#4990 = EDGE_LOOP('',(#4991,#5012,#5013,#5014));
#4991 = ORIENTED_EDGE('',*,*,#4992,.F.);
#4992 = EDGE_CURVE('',#3883,#3218,#4993,.T.);
#4993 = SURFACE_CURVE('',#4994,(#4998,#5005),.PCURVE_S1.);
#4994 = LINE('',#4995,#4996);
#4995 = CARTESIAN_POINT('',(-0.755945086479,0.227760955691,
    1.174999952316));
#4996 = VECTOR('',#4997,1.);
#4997 = DIRECTION('',(0.,0.,1.));
#4998 = PCURVE('',#3261,#4999);
#4999 = DEFINITIONAL_REPRESENTATION('',(#5000),#5004);
#5000 = LINE('',#5001,#5002);
#5001 = CARTESIAN_POINT('',(-5.74308360191E-03,-9.484863700435E-02));
#5002 = VECTOR('',#5003,1.);
#5003 = DIRECTION('',(0.,1.));
#5004 = ( GEOMETRIC_REPRESENTATION_CONTEXT(2) 
PARAMETRIC_REPRESENTATION_CONTEXT() REPRESENTATION_CONTEXT('2D SPACE',''
  ) );
#5005 = PCURVE('',#3233,#5006);
#5006 = DEFINITIONAL_REPRESENTATION('',(#5007),#5011);
#5007 = LINE('',#5008,#5009);
#5008 = CARTESIAN_POINT('',(1.604583478902E-02,-9.484864393882E-02));
#5009 = VECTOR('',#5010,1.);
#5010 = DIRECTION('',(0.,1.));
#5011 = ( GEOMETRIC_REPRESENTATION_CONTEXT(2) 
PARAMETRIC_REPRESENTATION_CONTEXT() REPRESENTATION_CONTEXT('2D SPACE',''
  ) );
#5012 = ORIENTED_EDGE('',*,*,#3882,.F.);
#5013 = ORIENTED_EDGE('',*,*,#4966,.T.);
#5014 = ORIENTED_EDGE('',*,*,#3245,.F.);
#5015 = ADVANCED_FACE('',(#5016),#3233,.T.);
#5016 = FACE_BOUND('',#5017,.T.);
#5017 = EDGE_LOOP('',(#5018,#5039,#5040,#5041));
#5018 = ORIENTED_EDGE('',*,*,#5019,.F.);
#5019 = EDGE_CURVE('',#3906,#3190,#5020,.T.);
#5020 = SURFACE_CURVE('',#5021,(#5025,#5032),.PCURVE_S1.);
#5021 = LINE('',#5022,#5023);
#5022 = CARTESIAN_POINT('',(-0.761584401131,0.248807445168,
    1.174999952316));
#5023 = VECTOR('',#5024,1.);
#5024 = DIRECTION('',(0.,0.,1.));
#5025 = PCURVE('',#3233,#5026);
#5026 = DEFINITIONAL_REPRESENTATION('',(#5027),#5031);
#5027 = LINE('',#5028,#5029);
#5028 = CARTESIAN_POINT('',(-5.743074982942E-03,-9.484864393882E-02));
#5029 = VECTOR('',#5030,1.);
#5030 = DIRECTION('',(0.,1.));
#5031 = ( GEOMETRIC_REPRESENTATION_CONTEXT(2) 
PARAMETRIC_REPRESENTATION_CONTEXT() REPRESENTATION_CONTEXT('2D SPACE',''
  ) );
#5032 = PCURVE('',#3205,#5033);
#5033 = DEFINITIONAL_REPRESENTATION('',(#5034),#5038);
#5034 = LINE('',#5035,#5036);
#5035 = CARTESIAN_POINT('',(1.604586445947E-02,-9.484863478951E-02));
#5036 = VECTOR('',#5037,1.);
#5037 = DIRECTION('',(0.,1.));
#5038 = ( GEOMETRIC_REPRESENTATION_CONTEXT(2) 
PARAMETRIC_REPRESENTATION_CONTEXT() REPRESENTATION_CONTEXT('2D SPACE',''
  ) );
#5039 = ORIENTED_EDGE('',*,*,#3905,.F.);
#5040 = ORIENTED_EDGE('',*,*,#4992,.T.);
#5041 = ORIENTED_EDGE('',*,*,#3217,.F.);
#5042 = ADVANCED_FACE('',(#5043),#3205,.T.);
#5043 = FACE_BOUND('',#5044,.T.);
#5044 = EDGE_LOOP('',(#5045,#5066,#5067,#5068));
#5045 = ORIENTED_EDGE('',*,*,#5046,.F.);
#5046 = EDGE_CURVE('',#3929,#3162,#5047,.T.);
#5047 = SURFACE_CURVE('',#5048,(#5052,#5059),.PCURVE_S1.);
#5048 = LINE('',#5049,#5050);
#5049 = CARTESIAN_POINT('',(-0.770792841911,0.268554925919,
    1.174999952316));
#5050 = VECTOR('',#5051,1.);
#5051 = DIRECTION('',(0.,0.,1.));
#5052 = PCURVE('',#3205,#5053);
#5053 = DEFINITIONAL_REPRESENTATION('',(#5054),#5058);
#5054 = LINE('',#5055,#5056);
#5055 = CARTESIAN_POINT('',(-5.743086354772E-03,-9.484863478951E-02));
#5056 = VECTOR('',#5057,1.);
#5057 = DIRECTION('',(0.,1.));
#5058 = ( GEOMETRIC_REPRESENTATION_CONTEXT(2) 
PARAMETRIC_REPRESENTATION_CONTEXT() REPRESENTATION_CONTEXT('2D SPACE',''
  ) );
#5059 = PCURVE('',#3177,#5060);
#5060 = DEFINITIONAL_REPRESENTATION('',(#5061),#5065);
#5061 = LINE('',#5062,#5063);
#5062 = CARTESIAN_POINT('',(5.743082008851E-03,-0.105151409398));
#5063 = VECTOR('',#5064,1.);
#5064 = DIRECTION('',(0.,1.));
#5065 = ( GEOMETRIC_REPRESENTATION_CONTEXT(2) 
PARAMETRIC_REPRESENTATION_CONTEXT() REPRESENTATION_CONTEXT('2D SPACE',''
  ) );
#5066 = ORIENTED_EDGE('',*,*,#3928,.F.);
#5067 = ORIENTED_EDGE('',*,*,#5019,.T.);
#5068 = ORIENTED_EDGE('',*,*,#3189,.F.);
#5069 = ADVANCED_FACE('',(#5070),#3177,.T.);
#5070 = FACE_BOUND('',#5071,.T.);
#5071 = EDGE_LOOP('',(#5072,#5073,#5074,#5095));
#5072 = ORIENTED_EDGE('',*,*,#5046,.T.);
#5073 = ORIENTED_EDGE('',*,*,#3161,.F.);
#5074 = ORIENTED_EDGE('',*,*,#5075,.F.);
#5075 = EDGE_CURVE('',#3952,#3134,#5076,.T.);
#5076 = SURFACE_CURVE('',#5077,(#5081,#5088),.PCURVE_S1.);
#5077 = LINE('',#5078,#5079);
#5078 = CARTESIAN_POINT('',(-0.783290445805,0.286403387785,
    1.174999952316));
#5079 = VECTOR('',#5080,1.);
#5080 = DIRECTION('',(0.,0.,1.));
#5081 = PCURVE('',#3177,#5082);
#5082 = DEFINITIONAL_REPRESENTATION('',(#5083),#5087);
#5083 = LINE('',#5084,#5085);
#5084 = CARTESIAN_POINT('',(-1.604585312045E-02,-0.105151409398));
#5085 = VECTOR('',#5086,1.);
#5086 = DIRECTION('',(0.,1.));
#5087 = ( GEOMETRIC_REPRESENTATION_CONTEXT(2) 
PARAMETRIC_REPRESENTATION_CONTEXT() REPRESENTATION_CONTEXT('2D SPACE',''
  ) );
#5088 = PCURVE('',#3149,#5089);
#5089 = DEFINITIONAL_REPRESENTATION('',(#5090),#5094);
#5090 = LINE('',#5091,#5092);
#5091 = CARTESIAN_POINT('',(-1.604583434356E-02,9.484864407618E-02));
#5092 = VECTOR('',#5093,1.);
#5093 = DIRECTION('',(0.,-1.));
#5094 = ( GEOMETRIC_REPRESENTATION_CONTEXT(2) 
PARAMETRIC_REPRESENTATION_CONTEXT() REPRESENTATION_CONTEXT('2D SPACE',''
  ) );
#5095 = ORIENTED_EDGE('',*,*,#3951,.F.);
#5096 = ADVANCED_FACE('',(#5097),#3149,.T.);
#5097 = FACE_BOUND('',#5098,.T.);
#5098 = EDGE_LOOP('',(#5099,#5120,#5121,#5122));
#5099 = ORIENTED_EDGE('',*,*,#5100,.F.);
#5100 = EDGE_CURVE('',#3975,#3106,#5101,.T.);
#5101 = SURFACE_CURVE('',#5102,(#5106,#5113),.PCURVE_S1.);
#5102 = LINE('',#5103,#5104);
#5103 = CARTESIAN_POINT('',(-0.798697531223,0.301810473204,
    1.174999952316));
#5104 = VECTOR('',#5105,1.);
#5105 = DIRECTION('',(0.,0.,1.));
#5106 = PCURVE('',#3149,#5107);
#5107 = DEFINITIONAL_REPRESENTATION('',(#5108),#5112);
#5108 = LINE('',#5109,#5110);
#5109 = CARTESIAN_POINT('',(5.74307481221E-03,9.484864407618E-02));
#5110 = VECTOR('',#5111,1.);
#5111 = DIRECTION('',(0.,-1.));
#5112 = ( GEOMETRIC_REPRESENTATION_CONTEXT(2) 
PARAMETRIC_REPRESENTATION_CONTEXT() REPRESENTATION_CONTEXT('2D SPACE',''
  ) );
#5113 = PCURVE('',#3121,#5114);
#5114 = DEFINITIONAL_REPRESENTATION('',(#5115),#5119);
#5115 = LINE('',#5116,#5117);
#5116 = CARTESIAN_POINT('',(-1.604588312652E-02,9.484862903325E-02));
#5117 = VECTOR('',#5118,1.);
#5118 = DIRECTION('',(0.,-1.));
#5119 = ( GEOMETRIC_REPRESENTATION_CONTEXT(2) 
PARAMETRIC_REPRESENTATION_CONTEXT() REPRESENTATION_CONTEXT('2D SPACE',''
  ) );
#5120 = ORIENTED_EDGE('',*,*,#3974,.F.);
#5121 = ORIENTED_EDGE('',*,*,#5075,.T.);
#5122 = ORIENTED_EDGE('',*,*,#3133,.F.);
#5123 = ADVANCED_FACE('',(#5124),#3121,.T.);
#5124 = FACE_BOUND('',#5125,.T.);
#5125 = EDGE_LOOP('',(#5126,#5147,#5148,#5149));
#5126 = ORIENTED_EDGE('',*,*,#5127,.T.);
#5127 = EDGE_CURVE('',#3078,#3998,#5128,.T.);
#5128 = SURFACE_CURVE('',#5129,(#5133,#5140),.PCURVE_S1.);
#5129 = LINE('',#5130,#5131);
#5130 = CARTESIAN_POINT('',(-0.816546022892,0.314308106899,1.375));
#5131 = VECTOR('',#5132,1.);
#5132 = DIRECTION('',(0.,0.,-1.));
#5133 = PCURVE('',#3121,#5134);
#5134 = DEFINITIONAL_REPRESENTATION('',(#5135),#5139);
#5135 = LINE('',#5136,#5137);
#5136 = CARTESIAN_POINT('',(5.743093509316E-03,-0.10515141865));
#5137 = VECTOR('',#5138,1.);
#5138 = DIRECTION('',(0.,1.));
#5139 = ( GEOMETRIC_REPRESENTATION_CONTEXT(2) 
PARAMETRIC_REPRESENTATION_CONTEXT() REPRESENTATION_CONTEXT('2D SPACE',''
  ) );
#5140 = PCURVE('',#3093,#5141);
#5141 = DEFINITIONAL_REPRESENTATION('',(#5142),#5146);
#5142 = LINE('',#5143,#5144);
#5143 = CARTESIAN_POINT('',(-5.743083117142E-03,-9.484863739437E-02));
#5144 = VECTOR('',#5145,1.);
#5145 = DIRECTION('',(0.,1.));
#5146 = ( GEOMETRIC_REPRESENTATION_CONTEXT(2) 
PARAMETRIC_REPRESENTATION_CONTEXT() REPRESENTATION_CONTEXT('2D SPACE',''
  ) );
#5147 = ORIENTED_EDGE('',*,*,#3997,.F.);
#5148 = ORIENTED_EDGE('',*,*,#5100,.T.);
#5149 = ORIENTED_EDGE('',*,*,#3105,.F.);
#5150 = ADVANCED_FACE('',(#5151),#3093,.T.);
#5151 = FACE_BOUND('',#5152,.T.);
#5152 = EDGE_LOOP('',(#5153,#5154,#5155,#5176));
#5153 = ORIENTED_EDGE('',*,*,#5127,.F.);
#5154 = ORIENTED_EDGE('',*,*,#3077,.F.);
#5155 = ORIENTED_EDGE('',*,*,#5156,.T.);
#5156 = EDGE_CURVE('',#3050,#4021,#5157,.T.);
#5157 = SURFACE_CURVE('',#5158,(#5162,#5169),.PCURVE_S1.);
#5158 = LINE('',#5159,#5160);
#5159 = CARTESIAN_POINT('',(-0.836293518543,0.323516488075,1.375));
#5160 = VECTOR('',#5161,1.);
#5161 = DIRECTION('',(0.,0.,-1.));
#5162 = PCURVE('',#3093,#5163);
#5163 = DEFINITIONAL_REPRESENTATION('',(#5164),#5168);
#5164 = LINE('',#5165,#5166);
#5165 = CARTESIAN_POINT('',(1.604585601211E-02,-9.484863739437E-02));
#5166 = VECTOR('',#5167,1.);
#5167 = DIRECTION('',(0.,1.));
#5168 = ( GEOMETRIC_REPRESENTATION_CONTEXT(2) 
PARAMETRIC_REPRESENTATION_CONTEXT() REPRESENTATION_CONTEXT('2D SPACE',''
  ) );
#5169 = PCURVE('',#3065,#5170);
#5170 = DEFINITIONAL_REPRESENTATION('',(#5171),#5175);
#5171 = LINE('',#5172,#5173);
#5172 = CARTESIAN_POINT('',(-1.604583628311E-02,-0.105151404206));
#5173 = VECTOR('',#5174,1.);
#5174 = DIRECTION('',(0.,1.));
#5175 = ( GEOMETRIC_REPRESENTATION_CONTEXT(2) 
PARAMETRIC_REPRESENTATION_CONTEXT() REPRESENTATION_CONTEXT('2D SPACE',''
  ) );
#5176 = ORIENTED_EDGE('',*,*,#4020,.F.);
#5177 = ADVANCED_FACE('',(#5178),#3065,.T.);
#5178 = FACE_BOUND('',#5179,.T.);
#5179 = EDGE_LOOP('',(#5180,#5201,#5202,#5203));
#5180 = ORIENTED_EDGE('',*,*,#5181,.T.);
#5181 = EDGE_CURVE('',#3022,#4044,#5182,.T.);
#5182 = SURFACE_CURVE('',#5183,(#5187,#5194),.PCURVE_S1.);
#5183 = LINE('',#5184,#5185);
#5184 = CARTESIAN_POINT('',(-0.857339978218,0.329155921936,1.375));
#5185 = VECTOR('',#5186,1.);
#5186 = DIRECTION('',(0.,0.,-1.));
#5187 = PCURVE('',#3065,#5188);
#5188 = DEFINITIONAL_REPRESENTATION('',(#5189),#5193);
#5189 = LINE('',#5190,#5191);
#5190 = CARTESIAN_POINT('',(5.743075555586E-03,-0.105151404206));
#5191 = VECTOR('',#5192,1.);
#5192 = DIRECTION('',(0.,1.));
#5193 = ( GEOMETRIC_REPRESENTATION_CONTEXT(2) 
PARAMETRIC_REPRESENTATION_CONTEXT() REPRESENTATION_CONTEXT('2D SPACE',''
  ) );
#5194 = PCURVE('',#3037,#5195);
#5195 = DEFINITIONAL_REPRESENTATION('',(#5196),#5200);
#5196 = LINE('',#5197,#5198);
#5197 = CARTESIAN_POINT('',(-1.604586800835E-02,-0.105151413989));
#5198 = VECTOR('',#5199,1.);
#5199 = DIRECTION('',(0.,1.));
#5200 = ( GEOMETRIC_REPRESENTATION_CONTEXT(2) 
PARAMETRIC_REPRESENTATION_CONTEXT() REPRESENTATION_CONTEXT('2D SPACE',''
  ) );
#5201 = ORIENTED_EDGE('',*,*,#4043,.F.);
#5202 = ORIENTED_EDGE('',*,*,#5156,.F.);
#5203 = ORIENTED_EDGE('',*,*,#3049,.F.);
#5204 = ADVANCED_FACE('',(#5205),#3037,.T.);
#5205 = FACE_BOUND('',#5206,.T.);
#5206 = EDGE_LOOP('',(#5207,#5228,#5229,#5230));
#5207 = ORIENTED_EDGE('',*,*,#5208,.T.);
#5208 = EDGE_CURVE('',#2994,#4067,#5209,.T.);
#5209 = SURFACE_CURVE('',#5210,(#5214,#5221),.PCURVE_S1.);
#5210 = LINE('',#5211,#5212);
#5211 = CARTESIAN_POINT('',(-0.879046022892,0.331054925919,1.375));
#5212 = VECTOR('',#5213,1.);
#5213 = DIRECTION('',(0.,0.,-1.));
#5214 = PCURVE('',#3037,#5215);
#5215 = DEFINITIONAL_REPRESENTATION('',(#5216),#5220);
#5216 = LINE('',#5217,#5218);
#5217 = CARTESIAN_POINT('',(5.743087714953E-03,-0.105151413989));
#5218 = VECTOR('',#5219,1.);
#5219 = DIRECTION('',(0.,1.));
#5220 = ( GEOMETRIC_REPRESENTATION_CONTEXT(2) 
PARAMETRIC_REPRESENTATION_CONTEXT() REPRESENTATION_CONTEXT('2D SPACE',''
  ) );
#5221 = PCURVE('',#3009,#5222);
#5222 = DEFINITIONAL_REPRESENTATION('',(#5223),#5227);
#5223 = LINE('',#5224,#5225);
#5224 = CARTESIAN_POINT('',(-6.582136779116E-02,0.108014333537));
#5225 = VECTOR('',#5226,1.);
#5226 = DIRECTION('',(1.,0.));
#5227 = ( GEOMETRIC_REPRESENTATION_CONTEXT(2) 
PARAMETRIC_REPRESENTATION_CONTEXT() REPRESENTATION_CONTEXT('2D SPACE',''
  ) );
#5228 = ORIENTED_EDGE('',*,*,#4066,.F.);
#5229 = ORIENTED_EDGE('',*,*,#5181,.F.);
#5230 = ORIENTED_EDGE('',*,*,#3021,.F.);
#5231 = ADVANCED_FACE('',(#5232),#3009,.T.);
#5232 = FACE_BOUND('',#5233,.T.);
#5233 = EDGE_LOOP('',(#5234,#5235,#5256,#5257));
#5234 = ORIENTED_EDGE('',*,*,#2993,.F.);
#5235 = ORIENTED_EDGE('',*,*,#5236,.F.);
#5236 = EDGE_CURVE('',#4090,#2966,#5237,.T.);
#5237 = SURFACE_CURVE('',#5238,(#5242,#5249),.PCURVE_S1.);
#5238 = LINE('',#5239,#5240);
#5239 = CARTESIAN_POINT('',(-1.163432002068,0.331054925919,
    1.174999952316));
#5240 = VECTOR('',#5241,1.);
#5241 = DIRECTION('',(0.,0.,1.));
#5242 = PCURVE('',#3009,#5243);
#5243 = DEFINITIONAL_REPRESENTATION('',(#5244),#5248);
#5244 = LINE('',#5245,#5246);
#5245 = CARTESIAN_POINT('',(0.134178679893,-0.176371645638));
#5246 = VECTOR('',#5247,1.);
#5247 = DIRECTION('',(-1.,0.));
#5248 = ( GEOMETRIC_REPRESENTATION_CONTEXT(2) 
PARAMETRIC_REPRESENTATION_CONTEXT() REPRESENTATION_CONTEXT('2D SPACE',''
  ) );
#5249 = PCURVE('',#2981,#5250);
#5250 = DEFINITIONAL_REPRESENTATION('',(#5251),#5255);
#5251 = LINE('',#5252,#5253);
#5252 = CARTESIAN_POINT('',(-5.743071262783E-03,0.105151400752));
#5253 = VECTOR('',#5254,1.);
#5254 = DIRECTION('',(0.,-1.));
#5255 = ( GEOMETRIC_REPRESENTATION_CONTEXT(2) 
PARAMETRIC_REPRESENTATION_CONTEXT() REPRESENTATION_CONTEXT('2D SPACE',''
  ) );
#5256 = ORIENTED_EDGE('',*,*,#4089,.F.);
#5257 = ORIENTED_EDGE('',*,*,#5208,.F.);
#5258 = ADVANCED_FACE('',(#5259),#2981,.T.);
#5259 = FACE_BOUND('',#5260,.T.);
#5260 = EDGE_LOOP('',(#5261,#5262,#5263,#5284));
#5261 = ORIENTED_EDGE('',*,*,#5236,.T.);
#5262 = ORIENTED_EDGE('',*,*,#2965,.F.);
#5263 = ORIENTED_EDGE('',*,*,#5264,.F.);
#5264 = EDGE_CURVE('',#4113,#2938,#5265,.T.);
#5265 = SURFACE_CURVE('',#5266,(#5270,#5277),.PCURVE_S1.);
#5266 = LINE('',#5267,#5268);
#5267 = CARTESIAN_POINT('',(-1.185137987137,0.329155921936,
    1.174999952316));
#5268 = VECTOR('',#5269,1.);
#5269 = DIRECTION('',(0.,0.,1.));
#5270 = PCURVE('',#2981,#5271);
#5271 = DEFINITIONAL_REPRESENTATION('',(#5272),#5276);
#5272 = LINE('',#5273,#5274);
#5273 = CARTESIAN_POINT('',(1.604582508268E-02,0.105151400752));
#5274 = VECTOR('',#5275,1.);
#5275 = DIRECTION('',(0.,-1.));
#5276 = ( GEOMETRIC_REPRESENTATION_CONTEXT(2) 
PARAMETRIC_REPRESENTATION_CONTEXT() REPRESENTATION_CONTEXT('2D SPACE',''
  ) );
#5277 = PCURVE('',#2953,#5278);
#5278 = DEFINITIONAL_REPRESENTATION('',(#5279),#5283);
#5279 = LINE('',#5280,#5281);
#5280 = CARTESIAN_POINT('',(-1.604587790448E-02,9.484863064355E-02));
#5281 = VECTOR('',#5282,1.);
#5282 = DIRECTION('',(0.,-1.));
#5283 = ( GEOMETRIC_REPRESENTATION_CONTEXT(2) 
PARAMETRIC_REPRESENTATION_CONTEXT() REPRESENTATION_CONTEXT('2D SPACE',''
  ) );
#5284 = ORIENTED_EDGE('',*,*,#4112,.F.);
#5285 = ADVANCED_FACE('',(#5286),#2953,.T.);
#5286 = FACE_BOUND('',#5287,.T.);
#5287 = EDGE_LOOP('',(#5288,#5309,#5310,#5311));
#5288 = ORIENTED_EDGE('',*,*,#5289,.F.);
#5289 = EDGE_CURVE('',#4136,#2910,#5290,.T.);
#5290 = SURFACE_CURVE('',#5291,(#5295,#5302),.PCURVE_S1.);
#5291 = LINE('',#5292,#5293);
#5292 = CARTESIAN_POINT('',(-1.206184506416,0.323516488075,
    1.174999952316));
#5293 = VECTOR('',#5294,1.);
#5294 = DIRECTION('',(0.,0.,1.));
#5295 = PCURVE('',#2953,#5296);
#5296 = DEFINITIONAL_REPRESENTATION('',(#5297),#5301);
#5297 = LINE('',#5298,#5299);
#5298 = CARTESIAN_POINT('',(5.743091507856E-03,9.484863064355E-02));
#5299 = VECTOR('',#5300,1.);
#5300 = DIRECTION('',(0.,-1.));
#5301 = ( GEOMETRIC_REPRESENTATION_CONTEXT(2) 
PARAMETRIC_REPRESENTATION_CONTEXT() REPRESENTATION_CONTEXT('2D SPACE',''
  ) );
#5302 = PCURVE('',#2925,#5303);
#5303 = DEFINITIONAL_REPRESENTATION('',(#5304),#5308);
#5304 = LINE('',#5305,#5306);
#5305 = CARTESIAN_POINT('',(-1.604585601211E-02,9.484863739437E-02));
#5306 = VECTOR('',#5307,1.);
#5307 = DIRECTION('',(0.,-1.));
#5308 = ( GEOMETRIC_REPRESENTATION_CONTEXT(2) 
PARAMETRIC_REPRESENTATION_CONTEXT() REPRESENTATION_CONTEXT('2D SPACE',''
  ) );
#5309 = ORIENTED_EDGE('',*,*,#4135,.F.);
#5310 = ORIENTED_EDGE('',*,*,#5264,.T.);
#5311 = ORIENTED_EDGE('',*,*,#2937,.F.);
#5312 = ADVANCED_FACE('',(#5313),#2925,.T.);
#5313 = FACE_BOUND('',#5314,.T.);
#5314 = EDGE_LOOP('',(#5315,#5336,#5337,#5338));
#5315 = ORIENTED_EDGE('',*,*,#5316,.F.);
#5316 = EDGE_CURVE('',#4159,#2882,#5317,.T.);
#5317 = SURFACE_CURVE('',#5318,(#5322,#5329),.PCURVE_S1.);
#5318 = LINE('',#5319,#5320);
#5319 = CARTESIAN_POINT('',(-1.225932002068,0.314308106899,
    1.174999952316));
#5320 = VECTOR('',#5321,1.);
#5321 = DIRECTION('',(0.,0.,1.));
#5322 = PCURVE('',#2925,#5323);
#5323 = DEFINITIONAL_REPRESENTATION('',(#5324),#5328);
#5324 = LINE('',#5325,#5326);
#5325 = CARTESIAN_POINT('',(5.743083117142E-03,9.484863739437E-02));
#5326 = VECTOR('',#5327,1.);
#5327 = DIRECTION('',(0.,-1.));
#5328 = ( GEOMETRIC_REPRESENTATION_CONTEXT(2) 
PARAMETRIC_REPRESENTATION_CONTEXT() REPRESENTATION_CONTEXT('2D SPACE',''
  ) );
#5329 = PCURVE('',#2897,#5330);
#5330 = DEFINITIONAL_REPRESENTATION('',(#5331),#5335);
#5331 = LINE('',#5332,#5333);
#5332 = CARTESIAN_POINT('',(-1.604581253265E-02,9.484865080189E-02));
#5333 = VECTOR('',#5334,1.);
#5334 = DIRECTION('',(0.,-1.));
#5335 = ( GEOMETRIC_REPRESENTATION_CONTEXT(2) 
PARAMETRIC_REPRESENTATION_CONTEXT() REPRESENTATION_CONTEXT('2D SPACE',''
  ) );
#5336 = ORIENTED_EDGE('',*,*,#4158,.F.);
#5337 = ORIENTED_EDGE('',*,*,#5289,.T.);
#5338 = ORIENTED_EDGE('',*,*,#2909,.F.);
#5339 = ADVANCED_FACE('',(#5340),#2897,.T.);
#5340 = FACE_BOUND('',#5341,.T.);
#5341 = EDGE_LOOP('',(#5342,#5363,#5364,#5365));
#5342 = ORIENTED_EDGE('',*,*,#5343,.F.);
#5343 = EDGE_CURVE('',#4182,#2854,#5344,.T.);
#5344 = SURFACE_CURVE('',#5345,(#5349,#5356),.PCURVE_S1.);
#5345 = LINE('',#5346,#5347);
#5346 = CARTESIAN_POINT('',(-1.243780374527,0.301810473204,
    1.174999952316));
#5347 = VECTOR('',#5348,1.);
#5348 = DIRECTION('',(0.,0.,1.));
#5349 = PCURVE('',#2897,#5350);
#5350 = DEFINITIONAL_REPRESENTATION('',(#5351),#5355);
#5351 = LINE('',#5352,#5353);
#5352 = CARTESIAN_POINT('',(5.743066452722E-03,9.484865080189E-02));
#5353 = VECTOR('',#5354,1.);
#5354 = DIRECTION('',(0.,-1.));
#5355 = ( GEOMETRIC_REPRESENTATION_CONTEXT(2) 
PARAMETRIC_REPRESENTATION_CONTEXT() REPRESENTATION_CONTEXT('2D SPACE',''
  ) );
#5356 = PCURVE('',#2869,#5357);
#5357 = DEFINITIONAL_REPRESENTATION('',(#5358),#5362);
#5358 = LINE('',#5359,#5360);
#5359 = CARTESIAN_POINT('',(-5.743098168014E-03,0.105151422399));
#5360 = VECTOR('',#5361,1.);
#5361 = DIRECTION('',(0.,-1.));
#5362 = ( GEOMETRIC_REPRESENTATION_CONTEXT(2) 
PARAMETRIC_REPRESENTATION_CONTEXT() REPRESENTATION_CONTEXT('2D SPACE',''
  ) );
#5363 = ORIENTED_EDGE('',*,*,#4181,.F.);
#5364 = ORIENTED_EDGE('',*,*,#5316,.T.);
#5365 = ORIENTED_EDGE('',*,*,#2881,.F.);
#5366 = ADVANCED_FACE('',(#5367),#2869,.T.);
#5367 = FACE_BOUND('',#5368,.T.);
#5368 = EDGE_LOOP('',(#5369,#5370,#5371,#5392));
#5369 = ORIENTED_EDGE('',*,*,#5343,.T.);
#5370 = ORIENTED_EDGE('',*,*,#2853,.F.);
#5371 = ORIENTED_EDGE('',*,*,#5372,.F.);
#5372 = EDGE_CURVE('',#4205,#2826,#5373,.T.);
#5373 = SURFACE_CURVE('',#5374,(#5378,#5385),.PCURVE_S1.);
#5374 = LINE('',#5375,#5376);
#5375 = CARTESIAN_POINT('',(-1.259187579155,0.286403387785,
    1.174999952316));
#5376 = VECTOR('',#5377,1.);
#5377 = DIRECTION('',(0.,0.,1.));
#5378 = PCURVE('',#2869,#5379);
#5379 = DEFINITIONAL_REPRESENTATION('',(#5380),#5384);
#5380 = LINE('',#5381,#5382);
#5381 = CARTESIAN_POINT('',(1.604589528161E-02,0.105151422399));
#5382 = VECTOR('',#5383,1.);
#5383 = DIRECTION('',(0.,-1.));
#5384 = ( GEOMETRIC_REPRESENTATION_CONTEXT(2) 
PARAMETRIC_REPRESENTATION_CONTEXT() REPRESENTATION_CONTEXT('2D SPACE',''
  ) );
#5385 = PCURVE('',#2841,#5386);
#5386 = DEFINITIONAL_REPRESENTATION('',(#5387),#5391);
#5387 = LINE('',#5388,#5389);
#5388 = CARTESIAN_POINT('',(1.604587783565E-02,-9.484863066477E-02));
#5389 = VECTOR('',#5390,1.);
#5390 = DIRECTION('',(0.,1.));
#5391 = ( GEOMETRIC_REPRESENTATION_CONTEXT(2) 
PARAMETRIC_REPRESENTATION_CONTEXT() REPRESENTATION_CONTEXT('2D SPACE',''
  ) );
#5392 = ORIENTED_EDGE('',*,*,#4204,.F.);
#5393 = ADVANCED_FACE('',(#5394),#2841,.T.);
#5394 = FACE_BOUND('',#5395,.T.);
#5395 = EDGE_LOOP('',(#5396,#5417,#5418,#5419));
#5396 = ORIENTED_EDGE('',*,*,#5397,.F.);
#5397 = EDGE_CURVE('',#4228,#2798,#5398,.T.);
#5398 = SURFACE_CURVE('',#5399,(#5403,#5410),.PCURVE_S1.);
#5399 = LINE('',#5400,#5401);
#5400 = CARTESIAN_POINT('',(-1.271685242653,0.268554925919,
    1.174999952316));
#5401 = VECTOR('',#5402,1.);
#5402 = DIRECTION('',(0.,0.,1.));
#5403 = PCURVE('',#2841,#5404);
#5404 = DEFINITIONAL_REPRESENTATION('',(#5405),#5409);
#5405 = LINE('',#5406,#5407);
#5406 = CARTESIAN_POINT('',(-5.743091481478E-03,-9.484863066477E-02));
#5407 = VECTOR('',#5408,1.);
#5408 = DIRECTION('',(0.,1.));
#5409 = ( GEOMETRIC_REPRESENTATION_CONTEXT(2) 
PARAMETRIC_REPRESENTATION_CONTEXT() REPRESENTATION_CONTEXT('2D SPACE',''
  ) );
#5410 = PCURVE('',#2813,#5411);
#5411 = DEFINITIONAL_REPRESENTATION('',(#5412),#5416);
#5412 = LINE('',#5413,#5414);
#5413 = CARTESIAN_POINT('',(1.604582803861E-02,-9.484864602041E-02));
#5414 = VECTOR('',#5415,1.);
#5415 = DIRECTION('',(0.,1.));
#5416 = ( GEOMETRIC_REPRESENTATION_CONTEXT(2) 
PARAMETRIC_REPRESENTATION_CONTEXT() REPRESENTATION_CONTEXT('2D SPACE',''
  ) );
#5417 = ORIENTED_EDGE('',*,*,#4227,.F.);
#5418 = ORIENTED_EDGE('',*,*,#5372,.T.);
#5419 = ORIENTED_EDGE('',*,*,#2825,.F.);
#5420 = ADVANCED_FACE('',(#5421),#2813,.T.);
#5421 = FACE_BOUND('',#5422,.T.);
#5422 = EDGE_LOOP('',(#5423,#5444,#5445,#5446));
#5423 = ORIENTED_EDGE('',*,*,#5424,.F.);
#5424 = EDGE_CURVE('',#4251,#2770,#5425,.T.);
#5425 = SURFACE_CURVE('',#5426,(#5430,#5437),.PCURVE_S1.);
#5426 = LINE('',#5427,#5428);
#5427 = CARTESIAN_POINT('',(-1.280893564224,0.248807445168,
    1.174999952316));
#5428 = VECTOR('',#5429,1.);
#5429 = DIRECTION('',(0.,0.,1.));
#5430 = PCURVE('',#2813,#5431);
#5431 = DEFINITIONAL_REPRESENTATION('',(#5432),#5436);
#5432 = LINE('',#5433,#5434);
#5433 = CARTESIAN_POINT('',(-5.743072395704E-03,-9.484864602041E-02));
#5434 = VECTOR('',#5435,1.);
#5435 = DIRECTION('',(0.,1.));
#5436 = ( GEOMETRIC_REPRESENTATION_CONTEXT(2) 
PARAMETRIC_REPRESENTATION_CONTEXT() REPRESENTATION_CONTEXT('2D SPACE',''
  ) );
#5437 = PCURVE('',#2785,#5438);
#5438 = DEFINITIONAL_REPRESENTATION('',(#5439),#5443);
#5439 = LINE('',#5440,#5441);
#5440 = CARTESIAN_POINT('',(1.604585709379E-02,-9.484863706082E-02));
#5441 = VECTOR('',#5442,1.);
#5442 = DIRECTION('',(0.,1.));
#5443 = ( GEOMETRIC_REPRESENTATION_CONTEXT(2) 
PARAMETRIC_REPRESENTATION_CONTEXT() REPRESENTATION_CONTEXT('2D SPACE',''
  ) );
#5444 = ORIENTED_EDGE('',*,*,#4250,.F.);
#5445 = ORIENTED_EDGE('',*,*,#5397,.T.);
#5446 = ORIENTED_EDGE('',*,*,#2797,.F.);
#5447 = ADVANCED_FACE('',(#5448),#2785,.T.);
#5448 = FACE_BOUND('',#5449,.T.);
#5449 = EDGE_LOOP('',(#5450,#5471,#5472,#5473));
#5450 = ORIENTED_EDGE('',*,*,#5451,.F.);
#5451 = EDGE_CURVE('',#4274,#2742,#5452,.T.);
#5452 = SURFACE_CURVE('',#5453,(#5457,#5464),.PCURVE_S1.);
#5453 = LINE('',#5454,#5455);
#5454 = CARTESIAN_POINT('',(-1.286532998085,0.227760955691,
    1.174999952316));
#5455 = VECTOR('',#5456,1.);
#5456 = DIRECTION('',(0.,0.,1.));
#5457 = PCURVE('',#2785,#5458);
#5458 = DEFINITIONAL_REPRESENTATION('',(#5459),#5463);
#5459 = LINE('',#5460,#5461);
#5460 = CARTESIAN_POINT('',(-5.74308353172E-03,-9.484863706082E-02));
#5461 = VECTOR('',#5462,1.);
#5462 = DIRECTION('',(0.,1.));
#5463 = ( GEOMETRIC_REPRESENTATION_CONTEXT(2) 
PARAMETRIC_REPRESENTATION_CONTEXT() REPRESENTATION_CONTEXT('2D SPACE',''
  ) );
#5464 = PCURVE('',#2757,#5465);
#5465 = DEFINITIONAL_REPRESENTATION('',(#5466),#5470);
#5466 = LINE('',#5467,#5468);
#5467 = CARTESIAN_POINT('',(5.74308360191E-03,-0.105151410679));
#5468 = VECTOR('',#5469,1.);
#5469 = DIRECTION('',(0.,1.));
#5470 = ( GEOMETRIC_REPRESENTATION_CONTEXT(2) 
PARAMETRIC_REPRESENTATION_CONTEXT() REPRESENTATION_CONTEXT('2D SPACE',''
  ) );
#5471 = ORIENTED_EDGE('',*,*,#4273,.F.);
#5472 = ORIENTED_EDGE('',*,*,#5424,.T.);
#5473 = ORIENTED_EDGE('',*,*,#2769,.F.);
#5474 = ADVANCED_FACE('',(#5475),#2757,.T.);
#5475 = FACE_BOUND('',#5476,.T.);
#5476 = EDGE_LOOP('',(#5477,#5478,#5479,#5500));
#5477 = ORIENTED_EDGE('',*,*,#5451,.T.);
#5478 = ORIENTED_EDGE('',*,*,#2741,.F.);
#5479 = ORIENTED_EDGE('',*,*,#5480,.T.);
#5480 = EDGE_CURVE('',#2714,#4297,#5481,.T.);
#5481 = SURFACE_CURVE('',#5482,(#5486,#5493),.PCURVE_S1.);
#5482 = LINE('',#5483,#5484);
#5483 = CARTESIAN_POINT('',(-1.288432002068,0.206054925919,1.375));
#5484 = VECTOR('',#5485,1.);
#5485 = DIRECTION('',(0.,0.,-1.));
#5486 = PCURVE('',#2757,#5487);
#5487 = DEFINITIONAL_REPRESENTATION('',(#5488),#5492);
#5488 = LINE('',#5489,#5490);
#5489 = CARTESIAN_POINT('',(-1.604585727693E-02,9.484863700435E-02));
#5490 = VECTOR('',#5491,1.);
#5491 = DIRECTION('',(0.,-1.));
#5492 = ( GEOMETRIC_REPRESENTATION_CONTEXT(2) 
PARAMETRIC_REPRESENTATION_CONTEXT() REPRESENTATION_CONTEXT('2D SPACE',''
  ) );
#5493 = PCURVE('',#2729,#5494);
#5494 = DEFINITIONAL_REPRESENTATION('',(#5495),#5499);
#5495 = LINE('',#5496,#5497);
#5496 = CARTESIAN_POINT('',(0.138508245686,-0.244563147763));
#5497 = VECTOR('',#5498,1.);
#5498 = DIRECTION('',(-1.,0.));
#5499 = ( GEOMETRIC_REPRESENTATION_CONTEXT(2) 
PARAMETRIC_REPRESENTATION_CONTEXT() REPRESENTATION_CONTEXT('2D SPACE',''
  ) );
#5500 = ORIENTED_EDGE('',*,*,#4296,.F.);
#5501 = ADVANCED_FACE('',(#5502),#2729,.T.);
#5502 = FACE_BOUND('',#5503,.T.);
#5503 = EDGE_LOOP('',(#5504,#5505,#5506,#5507));
#5504 = ORIENTED_EDGE('',*,*,#4319,.F.);
#5505 = ORIENTED_EDGE('',*,*,#5480,.F.);
#5506 = ORIENTED_EDGE('',*,*,#2713,.F.);
#5507 = ORIENTED_EDGE('',*,*,#5508,.F.);
#5508 = EDGE_CURVE('',#4320,#2686,#5509,.T.);
#5509 = SURFACE_CURVE('',#5510,(#5514,#5521),.PCURVE_S1.);
#5510 = LINE('',#5511,#5512);
#5511 = CARTESIAN_POINT('',(-1.288432002068,-0.206054925919,
    1.174999952316));
#5512 = VECTOR('',#5513,1.);
#5513 = DIRECTION('',(0.,0.,1.));
#5514 = PCURVE('',#2729,#5515);
#5515 = DEFINITIONAL_REPRESENTATION('',(#5516),#5520);
#5516 = LINE('',#5517,#5518);
#5517 = CARTESIAN_POINT('',(-6.149180199763E-02,0.167546704074));
#5518 = VECTOR('',#5519,1.);
#5519 = DIRECTION('',(1.,0.));
#5520 = ( GEOMETRIC_REPRESENTATION_CONTEXT(2) 
PARAMETRIC_REPRESENTATION_CONTEXT() REPRESENTATION_CONTEXT('2D SPACE',''
  ) );
#5521 = PCURVE('',#2701,#5522);
#5522 = DEFINITIONAL_REPRESENTATION('',(#5523),#5527);
#5523 = LINE('',#5524,#5525);
#5524 = CARTESIAN_POINT('',(5.74308360191E-03,-0.105151410679));
#5525 = VECTOR('',#5526,1.);
#5526 = DIRECTION('',(0.,1.));
#5527 = ( GEOMETRIC_REPRESENTATION_CONTEXT(2) 
PARAMETRIC_REPRESENTATION_CONTEXT() REPRESENTATION_CONTEXT('2D SPACE',''
  ) );
#5528 = ADVANCED_FACE('',(#5529),#2701,.T.);
#5529 = FACE_BOUND('',#5530,.T.);
#5530 = EDGE_LOOP('',(#5531,#5532,#5533,#5554));
#5531 = ORIENTED_EDGE('',*,*,#5508,.T.);
#5532 = ORIENTED_EDGE('',*,*,#2685,.F.);
#5533 = ORIENTED_EDGE('',*,*,#5534,.T.);
#5534 = EDGE_CURVE('',#2658,#4343,#5535,.T.);
#5535 = SURFACE_CURVE('',#5536,(#5540,#5547),.PCURVE_S1.);
#5536 = LINE('',#5537,#5538);
#5537 = CARTESIAN_POINT('',(-1.286532998085,-0.227760955691,1.375));
#5538 = VECTOR('',#5539,1.);
#5539 = DIRECTION('',(0.,0.,-1.));
#5540 = PCURVE('',#2701,#5541);
#5541 = DEFINITIONAL_REPRESENTATION('',(#5542),#5546);
#5542 = LINE('',#5543,#5544);
#5543 = CARTESIAN_POINT('',(-1.604585727693E-02,9.484863700435E-02));
#5544 = VECTOR('',#5545,1.);
#5545 = DIRECTION('',(0.,-1.));
#5546 = ( GEOMETRIC_REPRESENTATION_CONTEXT(2) 
PARAMETRIC_REPRESENTATION_CONTEXT() REPRESENTATION_CONTEXT('2D SPACE',''
  ) );
#5547 = PCURVE('',#2673,#5548);
#5548 = DEFINITIONAL_REPRESENTATION('',(#5549),#5553);
#5549 = LINE('',#5550,#5551);
#5550 = CARTESIAN_POINT('',(5.74308353172E-03,9.484863706082E-02));
#5551 = VECTOR('',#5552,1.);
#5552 = DIRECTION('',(0.,-1.));
#5553 = ( GEOMETRIC_REPRESENTATION_CONTEXT(2) 
PARAMETRIC_REPRESENTATION_CONTEXT() REPRESENTATION_CONTEXT('2D SPACE',''
  ) );
#5554 = ORIENTED_EDGE('',*,*,#4342,.F.);
#5555 = ADVANCED_FACE('',(#5556),#2673,.T.);
#5556 = FACE_BOUND('',#5557,.T.);
#5557 = EDGE_LOOP('',(#5558,#5559,#5560,#5581));
#5558 = ORIENTED_EDGE('',*,*,#5534,.F.);
#5559 = ORIENTED_EDGE('',*,*,#2657,.F.);
#5560 = ORIENTED_EDGE('',*,*,#5561,.F.);
#5561 = EDGE_CURVE('',#4366,#2630,#5562,.T.);
#5562 = SURFACE_CURVE('',#5563,(#5567,#5574),.PCURVE_S1.);
#5563 = LINE('',#5564,#5565);
#5564 = CARTESIAN_POINT('',(-1.280893564224,-0.248807445168,
    1.174999952316));
#5565 = VECTOR('',#5566,1.);
#5566 = DIRECTION('',(0.,0.,1.));
#5567 = PCURVE('',#2673,#5568);
#5568 = DEFINITIONAL_REPRESENTATION('',(#5569),#5573);
#5569 = LINE('',#5570,#5571);
#5570 = CARTESIAN_POINT('',(-1.604585709379E-02,-0.105151410623));
#5571 = VECTOR('',#5572,1.);
#5572 = DIRECTION('',(0.,1.));
#5573 = ( GEOMETRIC_REPRESENTATION_CONTEXT(2) 
PARAMETRIC_REPRESENTATION_CONTEXT() REPRESENTATION_CONTEXT('2D SPACE',''
  ) );
#5574 = PCURVE('',#2645,#5575);
#5575 = DEFINITIONAL_REPRESENTATION('',(#5576),#5580);
#5576 = LINE('',#5577,#5578);
#5577 = CARTESIAN_POINT('',(5.743072395705E-03,-0.105151401663));
#5578 = VECTOR('',#5579,1.);
#5579 = DIRECTION('',(0.,1.));
#5580 = ( GEOMETRIC_REPRESENTATION_CONTEXT(2) 
PARAMETRIC_REPRESENTATION_CONTEXT() REPRESENTATION_CONTEXT('2D SPACE',''
  ) );
#5581 = ORIENTED_EDGE('',*,*,#4365,.F.);
#5582 = ADVANCED_FACE('',(#5583),#2645,.T.);
#5583 = FACE_BOUND('',#5584,.T.);
#5584 = EDGE_LOOP('',(#5585,#5586,#5587,#5608));
#5585 = ORIENTED_EDGE('',*,*,#5561,.T.);
#5586 = ORIENTED_EDGE('',*,*,#2629,.F.);
#5587 = ORIENTED_EDGE('',*,*,#5588,.T.);
#5588 = EDGE_CURVE('',#2602,#4389,#5589,.T.);
#5589 = SURFACE_CURVE('',#5590,(#5594,#5601),.PCURVE_S1.);
#5590 = LINE('',#5591,#5592);
#5591 = CARTESIAN_POINT('',(-1.271685242653,-0.268554925919,1.375));
#5592 = VECTOR('',#5593,1.);
#5593 = DIRECTION('',(0.,0.,-1.));
#5594 = PCURVE('',#2645,#5595);
#5595 = DEFINITIONAL_REPRESENTATION('',(#5596),#5600);
#5596 = LINE('',#5597,#5598);
#5597 = CARTESIAN_POINT('',(-1.604582803861E-02,9.484864602041E-02));
#5598 = VECTOR('',#5599,1.);
#5599 = DIRECTION('',(0.,-1.));
#5600 = ( GEOMETRIC_REPRESENTATION_CONTEXT(2) 
PARAMETRIC_REPRESENTATION_CONTEXT() REPRESENTATION_CONTEXT('2D SPACE',''
  ) );
#5601 = PCURVE('',#2617,#5602);
#5602 = DEFINITIONAL_REPRESENTATION('',(#5603),#5607);
#5603 = LINE('',#5604,#5605);
#5604 = CARTESIAN_POINT('',(5.743091481478E-03,9.484863066477E-02));
#5605 = VECTOR('',#5606,1.);
#5606 = DIRECTION('',(0.,-1.));
#5607 = ( GEOMETRIC_REPRESENTATION_CONTEXT(2) 
PARAMETRIC_REPRESENTATION_CONTEXT() REPRESENTATION_CONTEXT('2D SPACE',''
  ) );
#5608 = ORIENTED_EDGE('',*,*,#4388,.F.);
#5609 = ADVANCED_FACE('',(#5610),#2617,.T.);
#5610 = FACE_BOUND('',#5611,.T.);
#5611 = EDGE_LOOP('',(#5612,#5613,#5614,#5635));
#5612 = ORIENTED_EDGE('',*,*,#5588,.F.);
#5613 = ORIENTED_EDGE('',*,*,#2601,.F.);
#5614 = ORIENTED_EDGE('',*,*,#5615,.T.);
#5615 = EDGE_CURVE('',#2574,#4412,#5616,.T.);
#5616 = SURFACE_CURVE('',#5617,(#5621,#5628),.PCURVE_S1.);
#5617 = LINE('',#5618,#5619);
#5618 = CARTESIAN_POINT('',(-1.259187579155,-0.286403387785,1.375));
#5619 = VECTOR('',#5620,1.);
#5620 = DIRECTION('',(0.,0.,-1.));
#5621 = PCURVE('',#2617,#5622);
#5622 = DEFINITIONAL_REPRESENTATION('',(#5623),#5627);
#5623 = LINE('',#5624,#5625);
#5624 = CARTESIAN_POINT('',(-1.604587783565E-02,9.484863066477E-02));
#5625 = VECTOR('',#5626,1.);
#5626 = DIRECTION('',(0.,-1.));
#5627 = ( GEOMETRIC_REPRESENTATION_CONTEXT(2) 
PARAMETRIC_REPRESENTATION_CONTEXT() REPRESENTATION_CONTEXT('2D SPACE',''
  ) );
#5628 = PCURVE('',#2589,#5629);
#5629 = DEFINITIONAL_REPRESENTATION('',(#5630),#5634);
#5630 = LINE('',#5631,#5632);
#5631 = CARTESIAN_POINT('',(-5.743098168014E-03,-9.484862528506E-02));
#5632 = VECTOR('',#5633,1.);
#5633 = DIRECTION('',(0.,1.));
#5634 = ( GEOMETRIC_REPRESENTATION_CONTEXT(2) 
PARAMETRIC_REPRESENTATION_CONTEXT() REPRESENTATION_CONTEXT('2D SPACE',''
  ) );
#5635 = ORIENTED_EDGE('',*,*,#4411,.F.);
#5636 = ADVANCED_FACE('',(#5637),#2589,.T.);
#5637 = FACE_BOUND('',#5638,.T.);
#5638 = EDGE_LOOP('',(#5639,#5640,#5641,#5662));
#5639 = ORIENTED_EDGE('',*,*,#5615,.F.);
#5640 = ORIENTED_EDGE('',*,*,#2573,.F.);
#5641 = ORIENTED_EDGE('',*,*,#5642,.T.);
#5642 = EDGE_CURVE('',#2546,#4435,#5643,.T.);
#5643 = SURFACE_CURVE('',#5644,(#5648,#5655),.PCURVE_S1.);
#5644 = LINE('',#5645,#5646);
#5645 = CARTESIAN_POINT('',(-1.243780374527,-0.301810473204,1.375));
#5646 = VECTOR('',#5647,1.);
#5647 = DIRECTION('',(0.,0.,-1.));
#5648 = PCURVE('',#2589,#5649);
#5649 = DEFINITIONAL_REPRESENTATION('',(#5650),#5654);
#5650 = LINE('',#5651,#5652);
#5651 = CARTESIAN_POINT('',(1.604589528161E-02,-9.484862528506E-02));
#5652 = VECTOR('',#5653,1.);
#5653 = DIRECTION('',(0.,1.));
#5654 = ( GEOMETRIC_REPRESENTATION_CONTEXT(2) 
PARAMETRIC_REPRESENTATION_CONTEXT() REPRESENTATION_CONTEXT('2D SPACE',''
  ) );
#5655 = PCURVE('',#2561,#5656);
#5656 = DEFINITIONAL_REPRESENTATION('',(#5657),#5661);
#5657 = LINE('',#5658,#5659);
#5658 = CARTESIAN_POINT('',(-5.743066452721E-03,-9.484865080189E-02));
#5659 = VECTOR('',#5660,1.);
#5660 = DIRECTION('',(0.,1.));
#5661 = ( GEOMETRIC_REPRESENTATION_CONTEXT(2) 
PARAMETRIC_REPRESENTATION_CONTEXT() REPRESENTATION_CONTEXT('2D SPACE',''
  ) );
#5662 = ORIENTED_EDGE('',*,*,#4434,.F.);
#5663 = ADVANCED_FACE('',(#5664),#2561,.T.);
#5664 = FACE_BOUND('',#5665,.T.);
#5665 = EDGE_LOOP('',(#5666,#5667,#5668,#5669));
#5666 = ORIENTED_EDGE('',*,*,#5642,.F.);
#5667 = ORIENTED_EDGE('',*,*,#2543,.F.);
#5668 = ORIENTED_EDGE('',*,*,#3666,.T.);
#5669 = ORIENTED_EDGE('',*,*,#4457,.F.);
#5670 = ADVANCED_FACE('',(#5671),#1631,.F.);
#5671 = FACE_BOUND('',#5672,.T.);
#5672 = EDGE_LOOP('',(#5673,#5674,#5696,#5724));
#5673 = ORIENTED_EDGE('',*,*,#1618,.T.);
#5674 = ORIENTED_EDGE('',*,*,#5675,.T.);
#5675 = EDGE_CURVE('',#1592,#5676,#5678,.T.);
#5676 = VERTEX_POINT('',#5677);
#5677 = CARTESIAN_POINT('',(-1.5,0.625,1.));
#5678 = SURFACE_CURVE('',#5679,(#5683,#5690),.PCURVE_S1.);
#5679 = LINE('',#5680,#5681);
#5680 = CARTESIAN_POINT('',(-1.5,0.625,1.375));
#5681 = VECTOR('',#5682,1.);
#5682 = DIRECTION('',(0.,0.,-1.));
#5683 = PCURVE('',#1631,#5684);
#5684 = DEFINITIONAL_REPRESENTATION('',(#5685),#5689);
#5685 = LINE('',#5686,#5687);
#5686 = CARTESIAN_POINT('',(0.25,-0.625));
#5687 = VECTOR('',#5688,1.);
#5688 = DIRECTION('',(-1.,0.));
#5689 = ( GEOMETRIC_REPRESENTATION_CONTEXT(2) 
PARAMETRIC_REPRESENTATION_CONTEXT() REPRESENTATION_CONTEXT('2D SPACE',''
  ) );
#5690 = PCURVE('',#1606,#5691);
#5691 = DEFINITIONAL_REPRESENTATION('',(#5692),#5695);
#5692 = B_SPLINE_CURVE_WITH_KNOTS('',1,(#5693,#5694),.UNSPECIFIED.,.F.,
  .F.,(2,2),(0.,0.375),.PIECEWISE_BEZIER_KNOTS.);
#5693 = CARTESIAN_POINT('',(-0.267857142857,-1.155089284692));
#5694 = CARTESIAN_POINT('',(0.107142857143,-1.155089284692));
#5695 = ( GEOMETRIC_REPRESENTATION_CONTEXT(2) 
PARAMETRIC_REPRESENTATION_CONTEXT() REPRESENTATION_CONTEXT('2D SPACE',''
  ) );
#5696 = ORIENTED_EDGE('',*,*,#5697,.F.);
#5697 = EDGE_CURVE('',#5698,#5676,#5700,.T.);
#5698 = VERTEX_POINT('',#5699);
#5699 = CARTESIAN_POINT('',(-1.5,-0.625,1.));
#5700 = SURFACE_CURVE('',#5701,(#5705,#5712),.PCURVE_S1.);
#5701 = LINE('',#5702,#5703);
#5702 = CARTESIAN_POINT('',(-1.5,-0.625,1.));
#5703 = VECTOR('',#5704,1.);
#5704 = DIRECTION('',(0.,1.,0.));
#5705 = PCURVE('',#1631,#5706);
#5706 = DEFINITIONAL_REPRESENTATION('',(#5707),#5711);
#5707 = LINE('',#5708,#5709);
#5708 = CARTESIAN_POINT('',(-0.125,0.625));
#5709 = VECTOR('',#5710,1.);
#5710 = DIRECTION('',(0.,-1.));
#5711 = ( GEOMETRIC_REPRESENTATION_CONTEXT(2) 
PARAMETRIC_REPRESENTATION_CONTEXT() REPRESENTATION_CONTEXT('2D SPACE',''
  ) );
#5712 = PCURVE('',#5713,#5718);
#5713 = PLANE('',#5714);
#5714 = AXIS2_PLACEMENT_3D('',#5715,#5716,#5717);
#5715 = CARTESIAN_POINT('',(-0.420183173184,-9.584407216495E-03,1.));
#5716 = DIRECTION('',(0.,0.,1.));
#5717 = DIRECTION('',(1.,0.,-0.));
#5718 = DEFINITIONAL_REPRESENTATION('',(#5719),#5723);
#5719 = LINE('',#5720,#5721);
#5720 = CARTESIAN_POINT('',(-1.079816826816,-0.615415592784));
#5721 = VECTOR('',#5722,1.);
#5722 = DIRECTION('',(0.,1.));
#5723 = ( GEOMETRIC_REPRESENTATION_CONTEXT(2) 
PARAMETRIC_REPRESENTATION_CONTEXT() REPRESENTATION_CONTEXT('2D SPACE',''
  ) );
#5724 = ORIENTED_EDGE('',*,*,#5725,.T.);
#5725 = EDGE_CURVE('',#5698,#1538,#5726,.T.);
#5726 = SURFACE_CURVE('',#5727,(#5731,#5738),.PCURVE_S1.);
#5727 = LINE('',#5728,#5729);
#5728 = CARTESIAN_POINT('',(-1.5,-0.625,1.));
#5729 = VECTOR('',#5730,1.);
#5730 = DIRECTION('',(0.,0.,1.));
#5731 = PCURVE('',#1631,#5732);
#5732 = DEFINITIONAL_REPRESENTATION('',(#5733),#5737);
#5733 = LINE('',#5734,#5735);
#5734 = CARTESIAN_POINT('',(-0.125,0.625));
#5735 = VECTOR('',#5736,1.);
#5736 = DIRECTION('',(1.,0.));
#5737 = ( GEOMETRIC_REPRESENTATION_CONTEXT(2) 
PARAMETRIC_REPRESENTATION_CONTEXT() REPRESENTATION_CONTEXT('2D SPACE',''
  ) );
#5738 = PCURVE('',#1552,#5739);
#5739 = DEFINITIONAL_REPRESENTATION('',(#5740),#5743);
#5740 = B_SPLINE_CURVE_WITH_KNOTS('',1,(#5741,#5742),.UNSPECIFIED.,.F.,
  .F.,(2,2),(0.,0.375),.PIECEWISE_BEZIER_KNOTS.);
#5741 = CARTESIAN_POINT('',(0.107142857143,-1.155089284692));
#5742 = CARTESIAN_POINT('',(-0.267857142857,-1.155089284692));
#5743 = ( GEOMETRIC_REPRESENTATION_CONTEXT(2) 
PARAMETRIC_REPRESENTATION_CONTEXT() REPRESENTATION_CONTEXT('2D SPACE',''
  ) );
#5744 = ADVANCED_FACE('',(#5745,#7081,#7151,#7261,#7292,#7323,#7354,
    #7385,#7416,#7447,#7478),#5713,.T.);
#5745 = FACE_BOUND('',#5746,.T.);
#5746 = EDGE_LOOP('',(#5747,#5777,#5805,#5833,#5861,#5889,#5917,#5945,
    #5973,#6001,#6029,#6057,#6085,#6113,#6141,#6169,#6197,#6225,#6253,
    #6281,#6309,#6337,#6365,#6393,#6421,#6449,#6477,#6505,#6533,#6561,
    #6589,#6617,#6645,#6673,#6701,#6724,#6752,#6775,#6803,#6831,#6859,
    #6887,#6915,#6943,#6971,#6999,#7027,#7055));
#5747 = ORIENTED_EDGE('',*,*,#5748,.T.);
#5748 = EDGE_CURVE('',#5749,#5751,#5753,.T.);
#5749 = VERTEX_POINT('',#5750);
#5750 = CARTESIAN_POINT('',(1.893314123154,0.5625,1.));
#5751 = VERTEX_POINT('',#5752);
#5752 = CARTESIAN_POINT('',(1.895213127136,0.584206044674,1.));
#5753 = SURFACE_CURVE('',#5754,(#5758,#5765),.PCURVE_S1.);
#5754 = LINE('',#5755,#5756);
#5755 = CARTESIAN_POINT('',(1.893314123154,0.5625,1.));
#5756 = VECTOR('',#5757,1.);
#5757 = DIRECTION('',(8.715442844805E-02,0.996194813077,0.));
#5758 = PCURVE('',#5713,#5759);
#5759 = DEFINITIONAL_REPRESENTATION('',(#5760),#5764);
#5760 = LINE('',#5761,#5762);
#5761 = CARTESIAN_POINT('',(2.313497296338,0.572084407216));
#5762 = VECTOR('',#5763,1.);
#5763 = DIRECTION('',(8.715442844805E-02,0.996194813077));
#5764 = ( GEOMETRIC_REPRESENTATION_CONTEXT(2) 
PARAMETRIC_REPRESENTATION_CONTEXT() REPRESENTATION_CONTEXT('2D SPACE',''
  ) );
#5765 = PCURVE('',#5766,#5771);
#5766 = PLANE('',#5767);
#5767 = AXIS2_PLACEMENT_3D('',#5768,#5769,#5770);
#5768 = CARTESIAN_POINT('',(1.894710883769,0.578465289491,0.911381794591
    ));
#5769 = DIRECTION('',(0.996194813077,-8.715442844805E-02,0.));
#5770 = DIRECTION('',(8.715442844805E-02,0.996194813077,0.));
#5771 = DEFINITIONAL_REPRESENTATION('',(#5772),#5776);
#5772 = LINE('',#5773,#5774);
#5773 = CARTESIAN_POINT('',(-1.602627245287E-02,8.861820540878E-02));
#5774 = VECTOR('',#5775,1.);
#5775 = DIRECTION('',(1.,0.));
#5776 = ( GEOMETRIC_REPRESENTATION_CONTEXT(2) 
PARAMETRIC_REPRESENTATION_CONTEXT() REPRESENTATION_CONTEXT('2D SPACE',''
  ) );
#5777 = ORIENTED_EDGE('',*,*,#5778,.T.);
#5778 = EDGE_CURVE('',#5751,#5779,#5781,.T.);
#5779 = VERTEX_POINT('',#5780);
#5780 = CARTESIAN_POINT('',(1.900852560997,0.605252563953,1.));
#5781 = SURFACE_CURVE('',#5782,(#5786,#5793),.PCURVE_S1.);
#5782 = LINE('',#5783,#5784);
#5783 = CARTESIAN_POINT('',(1.895213127136,0.584206044674,1.));
#5784 = VECTOR('',#5785,1.);
#5785 = DIRECTION('',(0.258820587337,0.965925413047,0.));
#5786 = PCURVE('',#5713,#5787);
#5787 = DEFINITIONAL_REPRESENTATION('',(#5788),#5792);
#5788 = LINE('',#5789,#5790);
#5789 = CARTESIAN_POINT('',(2.31539630032,0.59379045189));
#5790 = VECTOR('',#5791,1.);
#5791 = DIRECTION('',(0.258820587337,0.965925413047));
#5792 = ( GEOMETRIC_REPRESENTATION_CONTEXT(2) 
PARAMETRIC_REPRESENTATION_CONTEXT() REPRESENTATION_CONTEXT('2D SPACE',''
  ) );
#5793 = PCURVE('',#5794,#5799);
#5794 = PLANE('',#5795);
#5795 = AXIS2_PLACEMENT_3D('',#5796,#5797,#5798);
#5796 = CARTESIAN_POINT('',(1.896704629193,0.589772370579,0.901118202382
    ));
#5797 = DIRECTION('',(0.965925413047,-0.258820587337,0.));
#5798 = DIRECTION('',(0.258820587337,0.965925413047,0.));
#5799 = DEFINITIONAL_REPRESENTATION('',(#5800),#5804);
#5800 = LINE('',#5801,#5802);
#5801 = CARTESIAN_POINT('',(-5.762687087725E-03,9.888179761844E-02));
#5802 = VECTOR('',#5803,1.);
#5803 = DIRECTION('',(1.,0.));
#5804 = ( GEOMETRIC_REPRESENTATION_CONTEXT(2) 
PARAMETRIC_REPRESENTATION_CONTEXT() REPRESENTATION_CONTEXT('2D SPACE',''
  ) );
#5805 = ORIENTED_EDGE('',*,*,#5806,.T.);
#5806 = EDGE_CURVE('',#5779,#5807,#5809,.T.);
#5807 = VERTEX_POINT('',#5808);
#5808 = CARTESIAN_POINT('',(1.910060882568,0.625,1.));
#5809 = SURFACE_CURVE('',#5810,(#5814,#5821),.PCURVE_S1.);
#5810 = LINE('',#5811,#5812);
#5811 = CARTESIAN_POINT('',(1.900852560997,0.605252563953,1.));
#5812 = VECTOR('',#5813,1.);
#5813 = DIRECTION('',(0.422616034319,0.906308825697,0.));
#5814 = PCURVE('',#5713,#5815);
#5815 = DEFINITIONAL_REPRESENTATION('',(#5816),#5820);
#5816 = LINE('',#5817,#5818);
#5817 = CARTESIAN_POINT('',(2.321035734181,0.61483697117));
#5818 = VECTOR('',#5819,1.);
#5819 = DIRECTION('',(0.422616034319,0.906308825697));
#5820 = ( GEOMETRIC_REPRESENTATION_CONTEXT(2) 
PARAMETRIC_REPRESENTATION_CONTEXT() REPRESENTATION_CONTEXT('2D SPACE',''
  ) );
#5821 = PCURVE('',#5822,#5827);
#5822 = PLANE('',#5823);
#5823 = AXIS2_PLACEMENT_3D('',#5824,#5825,#5826);
#5824 = CARTESIAN_POINT('',(1.903287952057,0.610475310448,0.901118226595
    ));
#5825 = DIRECTION('',(0.906308825697,-0.422616034319,0.));
#5826 = DIRECTION('',(0.422616034319,0.906308825697,0.));
#5827 = DEFINITIONAL_REPRESENTATION('',(#5828),#5832);
#5828 = LINE('',#5829,#5830);
#5829 = CARTESIAN_POINT('',(-5.762656554706E-03,9.888177340486E-02));
#5830 = VECTOR('',#5831,1.);
#5831 = DIRECTION('',(1.,0.));
#5832 = ( GEOMETRIC_REPRESENTATION_CONTEXT(2) 
PARAMETRIC_REPRESENTATION_CONTEXT() REPRESENTATION_CONTEXT('2D SPACE',''
  ) );
#5833 = ORIENTED_EDGE('',*,*,#5834,.T.);
#5834 = EDGE_CURVE('',#5807,#5835,#5837,.T.);
#5835 = VERTEX_POINT('',#5836);
#5836 = CARTESIAN_POINT('',(1.922558546066,0.642848491669,1.));
#5837 = SURFACE_CURVE('',#5838,(#5842,#5849),.PCURVE_S1.);
#5838 = LINE('',#5839,#5840);
#5839 = CARTESIAN_POINT('',(1.910060882568,0.625,1.));
#5840 = VECTOR('',#5841,1.);
#5841 = DIRECTION('',(0.573576900931,0.819151718986,0.));
#5842 = PCURVE('',#5713,#5843);
#5843 = DEFINITIONAL_REPRESENTATION('',(#5844),#5848);
#5844 = LINE('',#5845,#5846);
#5845 = CARTESIAN_POINT('',(2.330244055752,0.634584407216));
#5846 = VECTOR('',#5847,1.);
#5847 = DIRECTION('',(0.573576900931,0.819151718986));
#5848 = ( GEOMETRIC_REPRESENTATION_CONTEXT(2) 
PARAMETRIC_REPRESENTATION_CONTEXT() REPRESENTATION_CONTEXT('2D SPACE',''
  ) );
#5849 = PCURVE('',#5850,#5855);
#5850 = PLANE('',#5851);
#5851 = AXIS2_PLACEMENT_3D('',#5852,#5853,#5854);
#5852 = CARTESIAN_POINT('',(1.919253197976,0.63812797108,0.911381802996)
  );
#5853 = DIRECTION('',(0.819151718986,-0.573576900931,0.));
#5854 = DIRECTION('',(0.573576900931,0.819151718986,0.));
#5855 = DEFINITIONAL_REPRESENTATION('',(#5856),#5860);
#5856 = LINE('',#5857,#5858);
#5857 = CARTESIAN_POINT('',(-1.602629986092E-02,8.861819700395E-02));
#5858 = VECTOR('',#5859,1.);
#5859 = DIRECTION('',(1.,0.));
#5860 = ( GEOMETRIC_REPRESENTATION_CONTEXT(2) 
PARAMETRIC_REPRESENTATION_CONTEXT() REPRESENTATION_CONTEXT('2D SPACE',''
  ) );
#5861 = ORIENTED_EDGE('',*,*,#5862,.T.);
#5862 = EDGE_CURVE('',#5835,#5863,#5865,.T.);
#5863 = VERTEX_POINT('',#5864);
#5864 = CARTESIAN_POINT('',(1.937965512276,0.658255577087,1.));
#5865 = SURFACE_CURVE('',#5866,(#5870,#5877),.PCURVE_S1.);
#5866 = LINE('',#5867,#5868);
#5867 = CARTESIAN_POINT('',(1.922558546066,0.642848491669,1.));
#5868 = VECTOR('',#5869,1.);
#5869 = DIRECTION('',(0.707104045621,0.707109516742,0.));
#5870 = PCURVE('',#5713,#5871);
#5871 = DEFINITIONAL_REPRESENTATION('',(#5872),#5876);
#5872 = LINE('',#5873,#5874);
#5873 = CARTESIAN_POINT('',(2.34274171925,0.652432898885));
#5874 = VECTOR('',#5875,1.);
#5875 = DIRECTION('',(0.707104045621,0.707109516742));
#5876 = ( GEOMETRIC_REPRESENTATION_CONTEXT(2) 
PARAMETRIC_REPRESENTATION_CONTEXT() REPRESENTATION_CONTEXT('2D SPACE',''
  ) );
#5877 = PCURVE('',#5878,#5883);
#5878 = PLANE('',#5879);
#5879 = AXIS2_PLACEMENT_3D('',#5880,#5881,#5882);
#5880 = CARTESIAN_POINT('',(1.933890721425,0.654180754708,0.911381765652
    ));
#5881 = DIRECTION('',(0.707109516742,-0.707104045621,0.));
#5882 = DIRECTION('',(0.707104045621,0.707109516742,0.));
#5883 = DEFINITIONAL_REPRESENTATION('',(#5884),#5888);
#5884 = LINE('',#5885,#5886);
#5885 = CARTESIAN_POINT('',(-1.602617808341E-02,8.86182343477E-02));
#5886 = VECTOR('',#5887,1.);
#5887 = DIRECTION('',(1.,0.));
#5888 = ( GEOMETRIC_REPRESENTATION_CONTEXT(2) 
PARAMETRIC_REPRESENTATION_CONTEXT() REPRESENTATION_CONTEXT('2D SPACE',''
  ) );
#5889 = ORIENTED_EDGE('',*,*,#5890,.T.);
#5890 = EDGE_CURVE('',#5863,#5891,#5893,.T.);
#5891 = VERTEX_POINT('',#5892);
#5892 = CARTESIAN_POINT('',(1.955814123154,0.670753180981,1.));
#5893 = SURFACE_CURVE('',#5894,(#5898,#5905),.PCURVE_S1.);
#5894 = LINE('',#5895,#5896);
#5895 = CARTESIAN_POINT('',(1.937965512276,0.658255577087,1.));
#5896 = VECTOR('',#5897,1.);
#5897 = DIRECTION('',(0.819154804181,0.573572494796,0.));
#5898 = PCURVE('',#5713,#5899);
#5899 = DEFINITIONAL_REPRESENTATION('',(#5900),#5904);
#5900 = LINE('',#5901,#5902);
#5901 = CARTESIAN_POINT('',(2.35814868546,0.667839984304));
#5902 = VECTOR('',#5903,1.);
#5903 = DIRECTION('',(0.819154804181,0.573572494796));
#5904 = ( GEOMETRIC_REPRESENTATION_CONTEXT(2) 
PARAMETRIC_REPRESENTATION_CONTEXT() REPRESENTATION_CONTEXT('2D SPACE',''
  ) );
#5905 = PCURVE('',#5906,#5911);
#5906 = PLANE('',#5907);
#5907 = AXIS2_PLACEMENT_3D('',#5908,#5909,#5910);
#5908 = CARTESIAN_POINT('',(1.951093570289,0.667447848131,0.91138181703)
  );
#5909 = DIRECTION('',(0.573572494796,-0.819154804181,-0.));
#5910 = DIRECTION('',(-0.819154804181,-0.573572494796,0.));
#5911 = DEFINITIONAL_REPRESENTATION('',(#5912),#5916);
#5912 = LINE('',#5913,#5914);
#5913 = CARTESIAN_POINT('',(1.602634562674E-02,-8.861818296961E-02));
#5914 = VECTOR('',#5915,1.);
#5915 = DIRECTION('',(-1.,0.));
#5916 = ( GEOMETRIC_REPRESENTATION_CONTEXT(2) 
PARAMETRIC_REPRESENTATION_CONTEXT() REPRESENTATION_CONTEXT('2D SPACE',''
  ) );
#5917 = ORIENTED_EDGE('',*,*,#5918,.T.);
#5918 = EDGE_CURVE('',#5891,#5919,#5921,.T.);
#5919 = VERTEX_POINT('',#5920);
#5920 = CARTESIAN_POINT('',(1.975561499596,0.679961562157,1.));
#5921 = SURFACE_CURVE('',#5922,(#5926,#5933),.PCURVE_S1.);
#5922 = LINE('',#5923,#5924);
#5923 = CARTESIAN_POINT('',(1.955814123154,0.670753180981,1.));
#5924 = VECTOR('',#5925,1.);
#5925 = DIRECTION('',(0.906307289333,0.422619329068,0.));
#5926 = PCURVE('',#5713,#5927);
#5927 = DEFINITIONAL_REPRESENTATION('',(#5928),#5932);
#5928 = LINE('',#5929,#5930);
#5929 = CARTESIAN_POINT('',(2.375997296338,0.680337588197));
#5930 = VECTOR('',#5931,1.);
#5931 = DIRECTION('',(0.906307289333,0.422619329068));
#5932 = ( GEOMETRIC_REPRESENTATION_CONTEXT(2) 
PARAMETRIC_REPRESENTATION_CONTEXT() REPRESENTATION_CONTEXT('2D SPACE',''
  ) );
#5933 = PCURVE('',#5934,#5939);
#5934 = PLANE('',#5935);
#5935 = AXIS2_PLACEMENT_3D('',#5936,#5937,#5938);
#5936 = CARTESIAN_POINT('',(1.961036853509,0.67318858763,0.901118232971)
  );
#5937 = DIRECTION('',(0.422619329068,-0.906307289333,-0.));
#5938 = DIRECTION('',(-0.906307289333,-0.422619329068,0.));
#5939 = DEFINITIONAL_REPRESENTATION('',(#5940),#5944);
#5940 = LINE('',#5941,#5942);
#5941 = CARTESIAN_POINT('',(5.762648515187E-03,-9.888176702929E-02));
#5942 = VECTOR('',#5943,1.);
#5943 = DIRECTION('',(-1.,0.));
#5944 = ( GEOMETRIC_REPRESENTATION_CONTEXT(2) 
PARAMETRIC_REPRESENTATION_CONTEXT() REPRESENTATION_CONTEXT('2D SPACE',''
  ) );
#5945 = ORIENTED_EDGE('',*,*,#5946,.T.);
#5946 = EDGE_CURVE('',#5919,#5947,#5949,.T.);
#5947 = VERTEX_POINT('',#5948);
#5948 = CARTESIAN_POINT('',(1.996608018875,0.685600936413,1.));
#5949 = SURFACE_CURVE('',#5950,(#5954,#5961),.PCURVE_S1.);
#5950 = LINE('',#5951,#5952);
#5951 = CARTESIAN_POINT('',(1.975561499596,0.679961562157,1.));
#5952 = VECTOR('',#5953,1.);
#5953 = DIRECTION('',(0.965926096934,0.258818035041,0.));
#5954 = PCURVE('',#5713,#5955);
#5955 = DEFINITIONAL_REPRESENTATION('',(#5956),#5960);
#5956 = LINE('',#5957,#5958);
#5957 = CARTESIAN_POINT('',(2.39574467278,0.689545969373));
#5958 = VECTOR('',#5959,1.);
#5959 = DIRECTION('',(0.965926096934,0.258818035041));
#5960 = ( GEOMETRIC_REPRESENTATION_CONTEXT(2) 
PARAMETRIC_REPRESENTATION_CONTEXT() REPRESENTATION_CONTEXT('2D SPACE',''
  ) );
#5961 = PCURVE('',#5962,#5967);
#5962 = PLANE('',#5963);
#5963 = AXIS2_PLACEMENT_3D('',#5964,#5965,#5966);
#5964 = CARTESIAN_POINT('',(1.981127825287,0.681453048392,0.901118205793
    ));
#5965 = DIRECTION('',(0.258818035041,-0.965926096934,-0.));
#5966 = DIRECTION('',(-0.965926096934,-0.258818035041,0.));
#5967 = DEFINITIONAL_REPRESENTATION('',(#5968),#5972);
#5968 = LINE('',#5969,#5970);
#5969 = CARTESIAN_POINT('',(5.762682785832E-03,-9.888179420692E-02));
#5970 = VECTOR('',#5971,1.);
#5971 = DIRECTION('',(-1.,0.));
#5972 = ( GEOMETRIC_REPRESENTATION_CONTEXT(2) 
PARAMETRIC_REPRESENTATION_CONTEXT() REPRESENTATION_CONTEXT('2D SPACE',''
  ) );
#5973 = ORIENTED_EDGE('',*,*,#5974,.T.);
#5974 = EDGE_CURVE('',#5947,#5975,#5977,.T.);
#5975 = VERTEX_POINT('',#5976);
#5976 = CARTESIAN_POINT('',(2.018314123154,0.6875,1.));
#5977 = SURFACE_CURVE('',#5978,(#5982,#5989),.PCURVE_S1.);
#5978 = LINE('',#5979,#5980);
#5979 = CARTESIAN_POINT('',(1.996608018875,0.685600936413,1.));
#5980 = VECTOR('',#5981,1.);
#5981 = DIRECTION('',(0.996194596346,8.715690569787E-02,0.));
#5982 = PCURVE('',#5713,#5983);
#5983 = DEFINITIONAL_REPRESENTATION('',(#5984),#5988);
#5984 = LINE('',#5985,#5986);
#5985 = CARTESIAN_POINT('',(2.416791192059,0.695185343629));
#5986 = VECTOR('',#5987,1.);
#5987 = DIRECTION('',(0.996194596346,8.715690569787E-02));
#5988 = ( GEOMETRIC_REPRESENTATION_CONTEXT(2) 
PARAMETRIC_REPRESENTATION_CONTEXT() REPRESENTATION_CONTEXT('2D SPACE',''
  ) );
#5989 = PCURVE('',#5990,#5995);
#5990 = PLANE('',#5991);
#5991 = AXIS2_PLACEMENT_3D('',#5992,#5993,#5994);
#5992 = CARTESIAN_POINT('',(2.012573351281,0.686997740788,0.911381808871
    ));
#5993 = DIRECTION('',(8.715690569787E-02,-0.996194596346,-0.));
#5994 = DIRECTION('',(-0.996194596346,-8.715690569787E-02,0.));
#5995 = DEFINITIONAL_REPRESENTATION('',(#5996),#6000);
#5996 = LINE('',#5997,#5998);
#5997 = CARTESIAN_POINT('',(1.602631901898E-02,-8.861819112903E-02));
#5998 = VECTOR('',#5999,1.);
#5999 = DIRECTION('',(-1.,0.));
#6000 = ( GEOMETRIC_REPRESENTATION_CONTEXT(2) 
PARAMETRIC_REPRESENTATION_CONTEXT() REPRESENTATION_CONTEXT('2D SPACE',''
  ) );
#6001 = ORIENTED_EDGE('',*,*,#6002,.T.);
#6002 = EDGE_CURVE('',#5975,#6003,#6005,.T.);
#6003 = VERTEX_POINT('',#6004);
#6004 = CARTESIAN_POINT('',(2.5,0.6875,1.));
#6005 = SURFACE_CURVE('',#6006,(#6010,#6017),.PCURVE_S1.);
#6006 = LINE('',#6007,#6008);
#6007 = CARTESIAN_POINT('',(2.018314123154,0.6875,1.));
#6008 = VECTOR('',#6009,1.);
#6009 = DIRECTION('',(1.,0.,0.));
#6010 = PCURVE('',#5713,#6011);
#6011 = DEFINITIONAL_REPRESENTATION('',(#6012),#6016);
#6012 = LINE('',#6013,#6014);
#6013 = CARTESIAN_POINT('',(2.438497296338,0.697084407216));
#6014 = VECTOR('',#6015,1.);
#6015 = DIRECTION('',(1.,0.));
#6016 = ( GEOMETRIC_REPRESENTATION_CONTEXT(2) 
PARAMETRIC_REPRESENTATION_CONTEXT() REPRESENTATION_CONTEXT('2D SPACE',''
  ) );
#6017 = PCURVE('',#6018,#6023);
#6018 = PLANE('',#6019);
#6019 = AXIS2_PLACEMENT_3D('',#6020,#6021,#6022);
#6020 = CARTESIAN_POINT('',(2.297230483803,0.6875,0.944323422227));
#6021 = DIRECTION('',(-0.,-1.,-0.));
#6022 = DIRECTION('',(0.,0.,-1.));
#6023 = DEFINITIONAL_REPRESENTATION('',(#6024),#6028);
#6024 = LINE('',#6025,#6026);
#6025 = CARTESIAN_POINT('',(-5.567657777337E-02,-0.27891636065));
#6026 = VECTOR('',#6027,1.);
#6027 = DIRECTION('',(0.,1.));
#6028 = ( GEOMETRIC_REPRESENTATION_CONTEXT(2) 
PARAMETRIC_REPRESENTATION_CONTEXT() REPRESENTATION_CONTEXT('2D SPACE',''
  ) );
#6029 = ORIENTED_EDGE('',*,*,#6030,.T.);
#6030 = EDGE_CURVE('',#6003,#6031,#6033,.T.);
#6031 = VERTEX_POINT('',#6032);
#6032 = CARTESIAN_POINT('',(2.5,1.25,1.));
#6033 = SURFACE_CURVE('',#6034,(#6038,#6045),.PCURVE_S1.);
#6034 = LINE('',#6035,#6036);
#6035 = CARTESIAN_POINT('',(2.5,0.6875,1.));
#6036 = VECTOR('',#6037,1.);
#6037 = DIRECTION('',(0.,1.,0.));
#6038 = PCURVE('',#5713,#6039);
#6039 = DEFINITIONAL_REPRESENTATION('',(#6040),#6044);
#6040 = LINE('',#6041,#6042);
#6041 = CARTESIAN_POINT('',(2.920183173184,0.697084407216));
#6042 = VECTOR('',#6043,1.);
#6043 = DIRECTION('',(0.,1.));
#6044 = ( GEOMETRIC_REPRESENTATION_CONTEXT(2) 
PARAMETRIC_REPRESENTATION_CONTEXT() REPRESENTATION_CONTEXT('2D SPACE',''
  ) );
#6045 = PCURVE('',#6046,#6051);
#6046 = PLANE('',#6047);
#6047 = AXIS2_PLACEMENT_3D('',#6048,#6049,#6050);
#6048 = CARTESIAN_POINT('',(2.5,-3.212370617049E-02,0.821428571429));
#6049 = DIRECTION('',(1.,0.,0.));
#6050 = DIRECTION('',(-0.,0.,1.));
#6051 = DEFINITIONAL_REPRESENTATION('',(#6052),#6056);
#6052 = LINE('',#6053,#6054);
#6053 = CARTESIAN_POINT('',(0.178571428571,-0.71962370617));
#6054 = VECTOR('',#6055,1.);
#6055 = DIRECTION('',(0.,-1.));
#6056 = ( GEOMETRIC_REPRESENTATION_CONTEXT(2) 
PARAMETRIC_REPRESENTATION_CONTEXT() REPRESENTATION_CONTEXT('2D SPACE',''
  ) );
#6057 = ORIENTED_EDGE('',*,*,#6058,.T.);
#6058 = EDGE_CURVE('',#6031,#6059,#6061,.T.);
#6059 = VERTEX_POINT('',#6060);
#6060 = CARTESIAN_POINT('',(-2.5,1.25,1.));
#6061 = SURFACE_CURVE('',#6062,(#6066,#6073),.PCURVE_S1.);
#6062 = LINE('',#6063,#6064);
#6063 = CARTESIAN_POINT('',(2.5,1.25,1.));
#6064 = VECTOR('',#6065,1.);
#6065 = DIRECTION('',(-1.,0.,0.));
#6066 = PCURVE('',#5713,#6067);
#6067 = DEFINITIONAL_REPRESENTATION('',(#6068),#6072);
#6068 = LINE('',#6069,#6070);
#6069 = CARTESIAN_POINT('',(2.920183173184,1.259584407216));
#6070 = VECTOR('',#6071,1.);
#6071 = DIRECTION('',(-1.,0.));
#6072 = ( GEOMETRIC_REPRESENTATION_CONTEXT(2) 
PARAMETRIC_REPRESENTATION_CONTEXT() REPRESENTATION_CONTEXT('2D SPACE',''
  ) );
#6073 = PCURVE('',#6074,#6079);
#6074 = PLANE('',#6075);
#6075 = AXIS2_PLACEMENT_3D('',#6076,#6077,#6078);
#6076 = CARTESIAN_POINT('',(-0.404869998097,1.25,0.509999998808));
#6077 = DIRECTION('',(0.,-1.,0.));
#6078 = DIRECTION('',(0.,-0.,-1.));
#6079 = DEFINITIONAL_REPRESENTATION('',(#6080),#6084);
#6080 = LINE('',#6081,#6082);
#6081 = CARTESIAN_POINT('',(-0.490000001192,2.904869998097));
#6082 = VECTOR('',#6083,1.);
#6083 = DIRECTION('',(-0.,-1.));
#6084 = ( GEOMETRIC_REPRESENTATION_CONTEXT(2) 
PARAMETRIC_REPRESENTATION_CONTEXT() REPRESENTATION_CONTEXT('2D SPACE',''
  ) );
#6085 = ORIENTED_EDGE('',*,*,#6086,.T.);
#6086 = EDGE_CURVE('',#6059,#6087,#6089,.T.);
#6087 = VERTEX_POINT('',#6088);
#6088 = CARTESIAN_POINT('',(-2.5,0.6875,1.));
#6089 = SURFACE_CURVE('',#6090,(#6094,#6101),.PCURVE_S1.);
#6090 = LINE('',#6091,#6092);
#6091 = CARTESIAN_POINT('',(-2.5,1.25,1.));
#6092 = VECTOR('',#6093,1.);
#6093 = DIRECTION('',(0.,-1.,0.));
#6094 = PCURVE('',#5713,#6095);
#6095 = DEFINITIONAL_REPRESENTATION('',(#6096),#6100);
#6096 = LINE('',#6097,#6098);
#6097 = CARTESIAN_POINT('',(-2.079816826816,1.259584407216));
#6098 = VECTOR('',#6099,1.);
#6099 = DIRECTION('',(0.,-1.));
#6100 = ( GEOMETRIC_REPRESENTATION_CONTEXT(2) 
PARAMETRIC_REPRESENTATION_CONTEXT() REPRESENTATION_CONTEXT('2D SPACE',''
  ) );
#6101 = PCURVE('',#6102,#6107);
#6102 = PLANE('',#6103);
#6103 = AXIS2_PLACEMENT_3D('',#6104,#6105,#6106);
#6104 = CARTESIAN_POINT('',(-2.5,-0.143562505643,0.583333333333));
#6105 = DIRECTION('',(1.,0.,0.));
#6106 = DIRECTION('',(-0.,0.,1.));
#6107 = DEFINITIONAL_REPRESENTATION('',(#6108),#6112);
#6108 = LINE('',#6109,#6110);
#6109 = CARTESIAN_POINT('',(0.416666666667,-1.393562505643));
#6110 = VECTOR('',#6111,1.);
#6111 = DIRECTION('',(0.,1.));
#6112 = ( GEOMETRIC_REPRESENTATION_CONTEXT(2) 
PARAMETRIC_REPRESENTATION_CONTEXT() REPRESENTATION_CONTEXT('2D SPACE',''
  ) );
#6113 = ORIENTED_EDGE('',*,*,#6114,.T.);
#6114 = EDGE_CURVE('',#6087,#6115,#6117,.T.);
#6115 = VERTEX_POINT('',#6116);
#6116 = CARTESIAN_POINT('',(-2.344412565231,0.6875,1.));
#6117 = SURFACE_CURVE('',#6118,(#6122,#6129),.PCURVE_S1.);
#6118 = LINE('',#6119,#6120);
#6119 = CARTESIAN_POINT('',(-2.5,0.6875,1.));
#6120 = VECTOR('',#6121,1.);
#6121 = DIRECTION('',(1.,0.,0.));
#6122 = PCURVE('',#5713,#6123);
#6123 = DEFINITIONAL_REPRESENTATION('',(#6124),#6128);
#6124 = LINE('',#6125,#6126);
#6125 = CARTESIAN_POINT('',(-2.079816826816,0.697084407216));
#6126 = VECTOR('',#6127,1.);
#6127 = DIRECTION('',(1.,0.));
#6128 = ( GEOMETRIC_REPRESENTATION_CONTEXT(2) 
PARAMETRIC_REPRESENTATION_CONTEXT() REPRESENTATION_CONTEXT('2D SPACE',''
  ) );
#6129 = PCURVE('',#6130,#6135);
#6130 = PLANE('',#6131);
#6131 = AXIS2_PLACEMENT_3D('',#6132,#6133,#6134);
#6132 = CARTESIAN_POINT('',(-2.455191088325,0.6875,0.71701519429));
#6133 = DIRECTION('',(-0.,-1.,-0.));
#6134 = DIRECTION('',(0.,0.,-1.));
#6135 = DEFINITIONAL_REPRESENTATION('',(#6136),#6140);
#6136 = LINE('',#6137,#6138);
#6137 = CARTESIAN_POINT('',(-0.28298480571,-4.480891167477E-02));
#6138 = VECTOR('',#6139,1.);
#6139 = DIRECTION('',(0.,1.));
#6140 = ( GEOMETRIC_REPRESENTATION_CONTEXT(2) 
PARAMETRIC_REPRESENTATION_CONTEXT() REPRESENTATION_CONTEXT('2D SPACE',''
  ) );
#6141 = ORIENTED_EDGE('',*,*,#6142,.T.);
#6142 = EDGE_CURVE('',#6115,#6143,#6145,.T.);
#6143 = VERTEX_POINT('',#6144);
#6144 = CARTESIAN_POINT('',(-2.257588386536,0.679903924465,1.));
#6145 = SURFACE_CURVE('',#6146,(#6150,#6157),.PCURVE_S1.);
#6146 = LINE('',#6147,#6148);
#6147 = CARTESIAN_POINT('',(-2.344412565231,0.6875,1.));
#6148 = VECTOR('',#6149,1.);
#6149 = DIRECTION('',(0.9961947537,-8.715510713923E-02,0.));
#6150 = PCURVE('',#5713,#6151);
#6151 = DEFINITIONAL_REPRESENTATION('',(#6152),#6156);
#6152 = LINE('',#6153,#6154);
#6153 = CARTESIAN_POINT('',(-1.924229392047,0.697084407216));
#6154 = VECTOR('',#6155,1.);
#6155 = DIRECTION('',(0.9961947537,-8.715510713923E-02));
#6156 = ( GEOMETRIC_REPRESENTATION_CONTEXT(2) 
PARAMETRIC_REPRESENTATION_CONTEXT() REPRESENTATION_CONTEXT('2D SPACE',''
  ) );
#6157 = PCURVE('',#6158,#6163);
#6158 = PLANE('',#6159);
#6159 = AXIS2_PLACEMENT_3D('',#6160,#6161,#6162);
#6160 = CARTESIAN_POINT('',(-2.320828868437,0.685436709049,
    0.730095867319));
#6161 = DIRECTION('',(-8.715510713923E-02,-0.9961947537,-0.));
#6162 = DIRECTION('',(-0.9961947537,8.715510713923E-02,0.));
#6163 = DEFINITIONAL_REPRESENTATION('',(#6164),#6168);
#6164 = LINE('',#6165,#6166);
#6165 = CARTESIAN_POINT('',(2.367378136325E-02,-0.269904132681));
#6166 = VECTOR('',#6167,1.);
#6167 = DIRECTION('',(-1.,0.));
#6168 = ( GEOMETRIC_REPRESENTATION_CONTEXT(2) 
PARAMETRIC_REPRESENTATION_CONTEXT() REPRESENTATION_CONTEXT('2D SPACE',''
  ) );
#6169 = ORIENTED_EDGE('',*,*,#6170,.T.);
#6170 = EDGE_CURVE('',#6143,#6171,#6173,.T.);
#6171 = VERTEX_POINT('',#6172);
#6172 = CARTESIAN_POINT('',(-2.173402547836,0.657346308231,1.));
#6173 = SURFACE_CURVE('',#6174,(#6178,#6185),.PCURVE_S1.);
#6174 = LINE('',#6175,#6176);
#6175 = CARTESIAN_POINT('',(-2.257588386536,0.679903924465,1.));
#6176 = VECTOR('',#6177,1.);
#6177 = DIRECTION('',(0.965925571743,-0.258819995078,0.));
#6178 = PCURVE('',#5713,#6179);
#6179 = DEFINITIONAL_REPRESENTATION('',(#6180),#6184);
#6180 = LINE('',#6181,#6182);
#6181 = CARTESIAN_POINT('',(-1.837405213352,0.689488331682));
#6182 = VECTOR('',#6183,1.);
#6183 = DIRECTION('',(0.965925571743,-0.258819995078));
#6184 = ( GEOMETRIC_REPRESENTATION_CONTEXT(2) 
PARAMETRIC_REPRESENTATION_CONTEXT() REPRESENTATION_CONTEXT('2D SPACE',''
  ) );
#6185 = PCURVE('',#6186,#6191);
#6186 = PLANE('',#6187);
#6187 = AXIS2_PLACEMENT_3D('',#6188,#6189,#6190);
#6188 = CARTESIAN_POINT('',(-2.234721335605,0.673776692531,
    0.730095911132));
#6189 = DIRECTION('',(-0.258819995078,-0.965925571743,-0.));
#6190 = DIRECTION('',(-0.965925571743,0.258819995078,0.));
#6191 = DEFINITIONAL_REPRESENTATION('',(#6192),#6196);
#6192 = LINE('',#6193,#6194);
#6193 = CARTESIAN_POINT('',(2.367371938294E-02,-0.269904088868));
#6194 = VECTOR('',#6195,1.);
#6195 = DIRECTION('',(-1.,0.));
#6196 = ( GEOMETRIC_REPRESENTATION_CONTEXT(2) 
PARAMETRIC_REPRESENTATION_CONTEXT() REPRESENTATION_CONTEXT('2D SPACE',''
  ) );
#6197 = ORIENTED_EDGE('',*,*,#6198,.T.);
#6198 = EDGE_CURVE('',#6171,#6199,#6201,.T.);
#6199 = VERTEX_POINT('',#6200);
#6200 = CARTESIAN_POINT('',(-2.094412565231,0.620512723923,1.));
#6201 = SURFACE_CURVE('',#6202,(#6206,#6213),.PCURVE_S1.);
#6202 = LINE('',#6203,#6204);
#6203 = CARTESIAN_POINT('',(-2.173402547836,0.657346308231,1.));
#6204 = VECTOR('',#6205,1.);
#6205 = DIRECTION('',(0.906308004563,-0.422617795254,0.));
#6206 = PCURVE('',#5713,#6207);
#6207 = DEFINITIONAL_REPRESENTATION('',(#6208),#6212);
#6208 = LINE('',#6209,#6210);
#6209 = CARTESIAN_POINT('',(-1.753219374652,0.666930715448));
#6210 = VECTOR('',#6211,1.);
#6211 = DIRECTION('',(0.906308004563,-0.422617795254));
#6212 = ( GEOMETRIC_REPRESENTATION_CONTEXT(2) 
PARAMETRIC_REPRESENTATION_CONTEXT() REPRESENTATION_CONTEXT('2D SPACE',''
  ) );
#6213 = PCURVE('',#6214,#6219);
#6214 = PLANE('',#6215);
#6215 = AXIS2_PLACEMENT_3D('',#6216,#6217,#6218);
#6216 = CARTESIAN_POINT('',(-2.151946822602,0.647341352688,
    0.730095876923));
#6217 = DIRECTION('',(-0.422617795254,-0.906308004563,-0.));
#6218 = DIRECTION('',(-0.906308004563,0.422617795254,0.));
#6219 = DEFINITIONAL_REPRESENTATION('',(#6220),#6224);
#6220 = LINE('',#6221,#6222);
#6221 = CARTESIAN_POINT('',(2.367376777682E-02,-0.269904123077));
#6222 = VECTOR('',#6223,1.);
#6223 = DIRECTION('',(-1.,0.));
#6224 = ( GEOMETRIC_REPRESENTATION_CONTEXT(2) 
PARAMETRIC_REPRESENTATION_CONTEXT() REPRESENTATION_CONTEXT('2D SPACE',''
  ) );
#6225 = ORIENTED_EDGE('',*,*,#6226,.T.);
#6226 = EDGE_CURVE('',#6199,#6227,#6229,.T.);
#6227 = VERTEX_POINT('',#6228);
#6228 = CARTESIAN_POINT('',(-2.023018598557,0.570522248745,1.));
#6229 = SURFACE_CURVE('',#6230,(#6234,#6241),.PCURVE_S1.);
#6230 = LINE('',#6231,#6232);
#6231 = CARTESIAN_POINT('',(-2.094412565231,0.620512723923,1.));
#6232 = VECTOR('',#6233,1.);
#6233 = DIRECTION('',(0.819152682949,-0.573575524249,0.));
#6234 = PCURVE('',#5713,#6235);
#6235 = DEFINITIONAL_REPRESENTATION('',(#6236),#6240);
#6236 = LINE('',#6237,#6238);
#6237 = CARTESIAN_POINT('',(-1.674229392047,0.630097131139));
#6238 = VECTOR('',#6239,1.);
#6239 = DIRECTION('',(0.819152682949,-0.573575524249));
#6240 = ( GEOMETRIC_REPRESENTATION_CONTEXT(2) 
PARAMETRIC_REPRESENTATION_CONTEXT() REPRESENTATION_CONTEXT('2D SPACE',''
  ) );
#6241 = PCURVE('',#6242,#6247);
#6242 = PLANE('',#6243);
#6243 = AXIS2_PLACEMENT_3D('',#6244,#6245,#6246);
#6244 = CARTESIAN_POINT('',(-2.07502011309,0.606934014929,0.730095858153
    ));
#6245 = DIRECTION('',(-0.573575524249,-0.819152682949,-0.));
#6246 = DIRECTION('',(-0.819152682949,0.573575524249,0.));
#6247 = DEFINITIONAL_REPRESENTATION('',(#6248),#6252);
#6248 = LINE('',#6249,#6250);
#6249 = CARTESIAN_POINT('',(2.367379433056E-02,-0.269904141847));
#6250 = VECTOR('',#6251,1.);
#6251 = DIRECTION('',(-1.,0.));
#6252 = ( GEOMETRIC_REPRESENTATION_CONTEXT(2) 
PARAMETRIC_REPRESENTATION_CONTEXT() REPRESENTATION_CONTEXT('2D SPACE',''
  ) );
#6253 = ORIENTED_EDGE('',*,*,#6254,.T.);
#6254 = EDGE_CURVE('',#6227,#6255,#6257,.T.);
#6255 = VERTEX_POINT('',#6256);
#6256 = CARTESIAN_POINT('',(-1.961390256882,0.508893787861,1.));
#6257 = SURFACE_CURVE('',#6258,(#6262,#6269),.PCURVE_S1.);
#6258 = LINE('',#6259,#6260);
#6259 = CARTESIAN_POINT('',(-2.023018598557,0.570522248745,1.));
#6260 = VECTOR('',#6261,1.);
#6261 = DIRECTION('',(0.707106097299,-0.707107465073,0.));
#6262 = PCURVE('',#5713,#6263);
#6263 = DEFINITIONAL_REPRESENTATION('',(#6264),#6268);
#6264 = LINE('',#6265,#6266);
#6265 = CARTESIAN_POINT('',(-1.602835425373,0.580106655961));
#6266 = VECTOR('',#6267,1.);
#6267 = DIRECTION('',(0.707106097299,-0.707107465073));
#6268 = ( GEOMETRIC_REPRESENTATION_CONTEXT(2) 
PARAMETRIC_REPRESENTATION_CONTEXT() REPRESENTATION_CONTEXT('2D SPACE',''
  ) );
#6269 = PCURVE('',#6270,#6275);
#6270 = PLANE('',#6271);
#6271 = AXIS2_PLACEMENT_3D('',#6272,#6273,#6274);
#6272 = CARTESIAN_POINT('',(-2.006278745607,0.553782363415,
    0.730095889511));
#6273 = DIRECTION('',(-0.707107465073,-0.707106097299,-0.));
#6274 = DIRECTION('',(0.707106097299,-0.707107465073,0.));
#6275 = DEFINITIONAL_REPRESENTATION('',(#6276),#6280);
#6276 = LINE('',#6277,#6278);
#6277 = CARTESIAN_POINT('',(-2.367374996952E-02,0.269904110489));
#6278 = VECTOR('',#6279,1.);
#6279 = DIRECTION('',(1.,0.));
#6280 = ( GEOMETRIC_REPRESENTATION_CONTEXT(2) 
PARAMETRIC_REPRESENTATION_CONTEXT() REPRESENTATION_CONTEXT('2D SPACE',''
  ) );
#6281 = ORIENTED_EDGE('',*,*,#6282,.T.);
#6282 = EDGE_CURVE('',#6255,#6283,#6285,.T.);
#6283 = VERTEX_POINT('',#6284);
#6284 = CARTESIAN_POINT('',(-1.911399841309,0.4375,1.));
#6285 = SURFACE_CURVE('',#6286,(#6290,#6297),.PCURVE_S1.);
#6286 = LINE('',#6287,#6288);
#6287 = CARTESIAN_POINT('',(-1.961390256882,0.508893787861,1.));
#6288 = VECTOR('',#6289,1.);
#6289 = DIRECTION('',(0.573576029318,-0.819152329296,0.));
#6290 = PCURVE('',#5713,#6291);
#6291 = DEFINITIONAL_REPRESENTATION('',(#6292),#6296);
#6292 = LINE('',#6293,#6294);
#6293 = CARTESIAN_POINT('',(-1.541207083698,0.518478195077));
#6294 = VECTOR('',#6295,1.);
#6295 = DIRECTION('',(0.573576029318,-0.819152329296));
#6296 = ( GEOMETRIC_REPRESENTATION_CONTEXT(2) 
PARAMETRIC_REPRESENTATION_CONTEXT() REPRESENTATION_CONTEXT('2D SPACE',''
  ) );
#6297 = PCURVE('',#6298,#6303);
#6298 = PLANE('',#6299);
#6299 = AXIS2_PLACEMENT_3D('',#6300,#6301,#6302);
#6300 = CARTESIAN_POINT('',(-1.947811566285,0.489501387443,
    0.730095895563));
#6301 = DIRECTION('',(-0.819152329296,-0.573576029318,-0.));
#6302 = DIRECTION('',(0.573576029318,-0.819152329296,0.));
#6303 = DEFINITIONAL_REPRESENTATION('',(#6304),#6308);
#6304 = LINE('',#6305,#6306);
#6305 = CARTESIAN_POINT('',(-2.367374140866E-02,0.269904104437));
#6306 = VECTOR('',#6307,1.);
#6307 = DIRECTION('',(1.,0.));
#6308 = ( GEOMETRIC_REPRESENTATION_CONTEXT(2) 
PARAMETRIC_REPRESENTATION_CONTEXT() REPRESENTATION_CONTEXT('2D SPACE',''
  ) );
#6309 = ORIENTED_EDGE('',*,*,#6310,.T.);
#6310 = EDGE_CURVE('',#6283,#6311,#6313,.T.);
#6311 = VERTEX_POINT('',#6312);
#6312 = CARTESIAN_POINT('',(-1.874566197395,0.358510047197,1.));
#6313 = SURFACE_CURVE('',#6314,(#6318,#6325),.PCURVE_S1.);
#6314 = LINE('',#6315,#6316);
#6315 = CARTESIAN_POINT('',(-1.911399841309,0.4375,1.));
#6316 = VECTOR('',#6317,1.);
#6317 = DIRECTION('',(0.422618487966,-0.906307681546,0.));
#6318 = PCURVE('',#5713,#6319);
#6319 = DEFINITIONAL_REPRESENTATION('',(#6320),#6324);
#6320 = LINE('',#6321,#6322);
#6321 = CARTESIAN_POINT('',(-1.491216668125,0.447084407216));
#6322 = VECTOR('',#6323,1.);
#6323 = DIRECTION('',(0.422618487966,-0.906307681546));
#6324 = ( GEOMETRIC_REPRESENTATION_CONTEXT(2) 
PARAMETRIC_REPRESENTATION_CONTEXT() REPRESENTATION_CONTEXT('2D SPACE',''
  ) );
#6325 = PCURVE('',#6326,#6331);
#6326 = PLANE('',#6327);
#6327 = AXIS2_PLACEMENT_3D('',#6328,#6329,#6330);
#6328 = CARTESIAN_POINT('',(-1.901394869592,0.416044282896,0.7300958773)
  );
#6329 = DIRECTION('',(-0.906307681546,-0.422618487966,-0.));
#6330 = DIRECTION('',(0.422618487966,-0.906307681546,0.));
#6331 = DEFINITIONAL_REPRESENTATION('',(#6332),#6336);
#6332 = LINE('',#6333,#6334);
#6333 = CARTESIAN_POINT('',(-2.367376724366E-02,0.2699041227));
#6334 = VECTOR('',#6335,1.);
#6335 = DIRECTION('',(1.,0.));
#6336 = ( GEOMETRIC_REPRESENTATION_CONTEXT(2) 
PARAMETRIC_REPRESENTATION_CONTEXT() REPRESENTATION_CONTEXT('2D SPACE',''
  ) );
#6337 = ORIENTED_EDGE('',*,*,#6338,.T.);
#6338 = EDGE_CURVE('',#6311,#6339,#6341,.T.);
#6339 = VERTEX_POINT('',#6340);
#6340 = CARTESIAN_POINT('',(-1.852008581161,0.274324089289,1.));
#6341 = SURFACE_CURVE('',#6342,(#6346,#6353),.PCURVE_S1.);
#6342 = LINE('',#6343,#6344);
#6343 = CARTESIAN_POINT('',(-1.874566197395,0.358510047197,1.));
#6344 = VECTOR('',#6345,1.);
#6345 = DIRECTION('',(0.258819653134,-0.965925663367,0.));
#6346 = PCURVE('',#5713,#6347);
#6347 = DEFINITIONAL_REPRESENTATION('',(#6348),#6352);
#6348 = LINE('',#6349,#6350);
#6349 = CARTESIAN_POINT('',(-1.454383024211,0.368094454414));
#6350 = VECTOR('',#6351,1.);
#6351 = DIRECTION('',(0.258819653134,-0.965925663367));
#6352 = ( GEOMETRIC_REPRESENTATION_CONTEXT(2) 
PARAMETRIC_REPRESENTATION_CONTEXT() REPRESENTATION_CONTEXT('2D SPACE',''
  ) );
#6353 = PCURVE('',#6354,#6359);
#6354 = PLANE('',#6355);
#6355 = AXIS2_PLACEMENT_3D('',#6356,#6357,#6358);
#6356 = CARTESIAN_POINT('',(-1.868438964826,0.335642961517,
    0.730095887289));
#6357 = DIRECTION('',(-0.965925663367,-0.258819653134,-0.));
#6358 = DIRECTION('',(0.258819653134,-0.965925663367,0.));
#6359 = DEFINITIONAL_REPRESENTATION('',(#6360),#6364);
#6360 = LINE('',#6361,#6362);
#6361 = CARTESIAN_POINT('',(-2.367375311309E-02,0.269904112711));
#6362 = VECTOR('',#6363,1.);
#6363 = DIRECTION('',(1.,0.));
#6364 = ( GEOMETRIC_REPRESENTATION_CONTEXT(2) 
PARAMETRIC_REPRESENTATION_CONTEXT() REPRESENTATION_CONTEXT('2D SPACE',''
  ) );
#6365 = ORIENTED_EDGE('',*,*,#6366,.T.);
#6366 = EDGE_CURVE('',#6339,#6367,#6369,.T.);
#6367 = VERTEX_POINT('',#6368);
#6368 = CARTESIAN_POINT('',(-1.844412565231,0.1875,1.));
#6369 = SURFACE_CURVE('',#6370,(#6374,#6381),.PCURVE_S1.);
#6370 = LINE('',#6371,#6372);
#6371 = CARTESIAN_POINT('',(-1.852008581161,0.274324089289,1.));
#6372 = VECTOR('',#6373,1.);
#6373 = DIRECTION('',(8.715451751347E-02,-0.996194805285,0.));
#6374 = PCURVE('',#5713,#6375);
#6375 = DEFINITIONAL_REPRESENTATION('',(#6376),#6380);
#6376 = LINE('',#6377,#6378);
#6377 = CARTESIAN_POINT('',(-1.431825407978,0.283908496505));
#6378 = VECTOR('',#6379,1.);
#6379 = DIRECTION('',(8.715451751347E-02,-0.996194805285));
#6380 = ( GEOMETRIC_REPRESENTATION_CONTEXT(2) 
PARAMETRIC_REPRESENTATION_CONTEXT() REPRESENTATION_CONTEXT('2D SPACE',''
  ) );
#6381 = PCURVE('',#6382,#6387);
#6382 = PLANE('',#6383);
#6383 = AXIS2_PLACEMENT_3D('',#6384,#6385,#6386);
#6384 = CARTESIAN_POINT('',(-1.849945306576,0.25074041878,0.730095886838
    ));
#6385 = DIRECTION('',(-0.996194805285,-8.715451751347E-02,-0.));
#6386 = DIRECTION('',(8.715451751347E-02,-0.996194805285,0.));
#6387 = DEFINITIONAL_REPRESENTATION('',(#6388),#6392);
#6388 = LINE('',#6389,#6390);
#6389 = CARTESIAN_POINT('',(-2.367375375115E-02,0.269904113162));
#6390 = VECTOR('',#6391,1.);
#6391 = DIRECTION('',(1.,0.));
#6392 = ( GEOMETRIC_REPRESENTATION_CONTEXT(2) 
PARAMETRIC_REPRESENTATION_CONTEXT() REPRESENTATION_CONTEXT('2D SPACE',''
  ) );
#6393 = ORIENTED_EDGE('',*,*,#6394,.T.);
#6394 = EDGE_CURVE('',#6367,#6395,#6397,.T.);
#6395 = VERTEX_POINT('',#6396);
#6396 = CARTESIAN_POINT('',(-1.844412565231,-0.1875,1.));
#6397 = SURFACE_CURVE('',#6398,(#6402,#6409),.PCURVE_S1.);
#6398 = LINE('',#6399,#6400);
#6399 = CARTESIAN_POINT('',(-1.844412565231,0.1875,1.));
#6400 = VECTOR('',#6401,1.);
#6401 = DIRECTION('',(0.,-1.,0.));
#6402 = PCURVE('',#5713,#6403);
#6403 = DEFINITIONAL_REPRESENTATION('',(#6404),#6408);
#6404 = LINE('',#6405,#6406);
#6405 = CARTESIAN_POINT('',(-1.424229392047,0.197084407216));
#6406 = VECTOR('',#6407,1.);
#6407 = DIRECTION('',(0.,-1.));
#6408 = ( GEOMETRIC_REPRESENTATION_CONTEXT(2) 
PARAMETRIC_REPRESENTATION_CONTEXT() REPRESENTATION_CONTEXT('2D SPACE',''
  ) );
#6409 = PCURVE('',#6410,#6415);
#6410 = PLANE('',#6411);
#6411 = AXIS2_PLACEMENT_3D('',#6412,#6413,#6414);
#6412 = CARTESIAN_POINT('',(-1.844412565231,-6.25E-02,0.8125));
#6413 = DIRECTION('',(-1.,-0.,-0.));
#6414 = DIRECTION('',(0.,0.,-1.));
#6415 = DEFINITIONAL_REPRESENTATION('',(#6416),#6420);
#6416 = LINE('',#6417,#6418);
#6417 = CARTESIAN_POINT('',(-0.1875,-0.25));
#6418 = VECTOR('',#6419,1.);
#6419 = DIRECTION('',(0.,1.));
#6420 = ( GEOMETRIC_REPRESENTATION_CONTEXT(2) 
PARAMETRIC_REPRESENTATION_CONTEXT() REPRESENTATION_CONTEXT('2D SPACE',''
  ) );
#6421 = ORIENTED_EDGE('',*,*,#6422,.T.);
#6422 = EDGE_CURVE('',#6395,#6423,#6425,.T.);
#6423 = VERTEX_POINT('',#6424);
#6424 = CARTESIAN_POINT('',(-1.852008581161,-0.274324089289,1.));
#6425 = SURFACE_CURVE('',#6426,(#6430,#6437),.PCURVE_S1.);
#6426 = LINE('',#6427,#6428);
#6427 = CARTESIAN_POINT('',(-1.844412565231,-0.1875,1.));
#6428 = VECTOR('',#6429,1.);
#6429 = DIRECTION('',(-8.715451751347E-02,-0.996194805285,0.));
#6430 = PCURVE('',#5713,#6431);
#6431 = DEFINITIONAL_REPRESENTATION('',(#6432),#6436);
#6432 = LINE('',#6433,#6434);
#6433 = CARTESIAN_POINT('',(-1.424229392047,-0.177915592784));
#6434 = VECTOR('',#6435,1.);
#6435 = DIRECTION('',(-8.715451751347E-02,-0.996194805285));
#6436 = ( GEOMETRIC_REPRESENTATION_CONTEXT(2) 
PARAMETRIC_REPRESENTATION_CONTEXT() REPRESENTATION_CONTEXT('2D SPACE',''
  ) );
#6437 = PCURVE('',#6438,#6443);
#6438 = PLANE('',#6439);
#6439 = AXIS2_PLACEMENT_3D('',#6440,#6441,#6442);
#6440 = CARTESIAN_POINT('',(-1.846475839817,-0.211083670508,
    0.730095886838));
#6441 = DIRECTION('',(-0.996194805285,8.715451751347E-02,-0.));
#6442 = DIRECTION('',(-8.715451751347E-02,-0.996194805285,0.));
#6443 = DEFINITIONAL_REPRESENTATION('',(#6444),#6448);
#6444 = LINE('',#6445,#6446);
#6445 = CARTESIAN_POINT('',(-2.367375375115E-02,0.269904113162));
#6446 = VECTOR('',#6447,1.);
#6447 = DIRECTION('',(1.,0.));
#6448 = ( GEOMETRIC_REPRESENTATION_CONTEXT(2) 
PARAMETRIC_REPRESENTATION_CONTEXT() REPRESENTATION_CONTEXT('2D SPACE',''
  ) );
#6449 = ORIENTED_EDGE('',*,*,#6450,.T.);
#6450 = EDGE_CURVE('',#6423,#6451,#6453,.T.);
#6451 = VERTEX_POINT('',#6452);
#6452 = CARTESIAN_POINT('',(-1.874566197395,-0.358510047197,1.));
#6453 = SURFACE_CURVE('',#6454,(#6458,#6465),.PCURVE_S1.);
#6454 = LINE('',#6455,#6456);
#6455 = CARTESIAN_POINT('',(-1.852008581161,-0.274324089289,1.));
#6456 = VECTOR('',#6457,1.);
#6457 = DIRECTION('',(-0.258819653134,-0.965925663367,0.));
#6458 = PCURVE('',#5713,#6459);
#6459 = DEFINITIONAL_REPRESENTATION('',(#6460),#6464);
#6460 = LINE('',#6461,#6462);
#6461 = CARTESIAN_POINT('',(-1.431825407978,-0.264739682072));
#6462 = VECTOR('',#6463,1.);
#6463 = DIRECTION('',(-0.258819653134,-0.965925663367));
#6464 = ( GEOMETRIC_REPRESENTATION_CONTEXT(2) 
PARAMETRIC_REPRESENTATION_CONTEXT() REPRESENTATION_CONTEXT('2D SPACE',''
  ) );
#6465 = PCURVE('',#6466,#6471);
#6466 = PLANE('',#6467);
#6467 = AXIS2_PLACEMENT_3D('',#6468,#6469,#6470);
#6468 = CARTESIAN_POINT('',(-1.858135813731,-0.297191174969,
    0.730095887289));
#6469 = DIRECTION('',(-0.965925663367,0.258819653134,-0.));
#6470 = DIRECTION('',(-0.258819653134,-0.965925663367,0.));
#6471 = DEFINITIONAL_REPRESENTATION('',(#6472),#6476);
#6472 = LINE('',#6473,#6474);
#6473 = CARTESIAN_POINT('',(-2.367375311309E-02,0.269904112711));
#6474 = VECTOR('',#6475,1.);
#6475 = DIRECTION('',(1.,0.));
#6476 = ( GEOMETRIC_REPRESENTATION_CONTEXT(2) 
PARAMETRIC_REPRESENTATION_CONTEXT() REPRESENTATION_CONTEXT('2D SPACE',''
  ) );
#6477 = ORIENTED_EDGE('',*,*,#6478,.T.);
#6478 = EDGE_CURVE('',#6451,#6479,#6481,.T.);
#6479 = VERTEX_POINT('',#6480);
#6480 = CARTESIAN_POINT('',(-1.911399841309,-0.4375,1.));
#6481 = SURFACE_CURVE('',#6482,(#6486,#6493),.PCURVE_S1.);
#6482 = LINE('',#6483,#6484);
#6483 = CARTESIAN_POINT('',(-1.874566197395,-0.358510047197,1.));
#6484 = VECTOR('',#6485,1.);
#6485 = DIRECTION('',(-0.422618487966,-0.906307681546,0.));
#6486 = PCURVE('',#5713,#6487);
#6487 = DEFINITIONAL_REPRESENTATION('',(#6488),#6492);
#6488 = LINE('',#6489,#6490);
#6489 = CARTESIAN_POINT('',(-1.454383024211,-0.348925639981));
#6490 = VECTOR('',#6491,1.);
#6491 = DIRECTION('',(-0.422618487966,-0.906307681546));
#6492 = ( GEOMETRIC_REPRESENTATION_CONTEXT(2) 
PARAMETRIC_REPRESENTATION_CONTEXT() REPRESENTATION_CONTEXT('2D SPACE',''
  ) );
#6493 = PCURVE('',#6494,#6499);
#6494 = PLANE('',#6495);
#6495 = AXIS2_PLACEMENT_3D('',#6496,#6497,#6498);
#6496 = CARTESIAN_POINT('',(-1.901394869592,-0.416044282896,0.7699041227
    ));
#6497 = DIRECTION('',(-0.906307681546,0.422618487966,-0.));
#6498 = DIRECTION('',(-0.422618487966,-0.906307681546,0.));
#6499 = DEFINITIONAL_REPRESENTATION('',(#6500),#6504);
#6500 = LINE('',#6501,#6502);
#6501 = CARTESIAN_POINT('',(-6.348201264325E-02,0.2300958773));
#6502 = VECTOR('',#6503,1.);
#6503 = DIRECTION('',(1.,0.));
#6504 = ( GEOMETRIC_REPRESENTATION_CONTEXT(2) 
PARAMETRIC_REPRESENTATION_CONTEXT() REPRESENTATION_CONTEXT('2D SPACE',''
  ) );
#6505 = ORIENTED_EDGE('',*,*,#6506,.T.);
#6506 = EDGE_CURVE('',#6479,#6507,#6509,.T.);
#6507 = VERTEX_POINT('',#6508);
#6508 = CARTESIAN_POINT('',(-1.961390256882,-0.508893787861,1.));
#6509 = SURFACE_CURVE('',#6510,(#6514,#6521),.PCURVE_S1.);
#6510 = LINE('',#6511,#6512);
#6511 = CARTESIAN_POINT('',(-1.911399841309,-0.4375,1.));
#6512 = VECTOR('',#6513,1.);
#6513 = DIRECTION('',(-0.573576029318,-0.819152329296,0.));
#6514 = PCURVE('',#5713,#6515);
#6515 = DEFINITIONAL_REPRESENTATION('',(#6516),#6520);
#6516 = LINE('',#6517,#6518);
#6517 = CARTESIAN_POINT('',(-1.491216668125,-0.427915592784));
#6518 = VECTOR('',#6519,1.);
#6519 = DIRECTION('',(-0.573576029318,-0.819152329296));
#6520 = ( GEOMETRIC_REPRESENTATION_CONTEXT(2) 
PARAMETRIC_REPRESENTATION_CONTEXT() REPRESENTATION_CONTEXT('2D SPACE',''
  ) );
#6521 = PCURVE('',#6522,#6527);
#6522 = PLANE('',#6523);
#6523 = AXIS2_PLACEMENT_3D('',#6524,#6525,#6526);
#6524 = CARTESIAN_POINT('',(-1.924978531905,-0.456892400418,
    0.730095895563));
#6525 = DIRECTION('',(-0.819152329296,0.573576029318,-0.));
#6526 = DIRECTION('',(-0.573576029318,-0.819152329296,0.));
#6527 = DEFINITIONAL_REPRESENTATION('',(#6528),#6532);
#6528 = LINE('',#6529,#6530);
#6529 = CARTESIAN_POINT('',(-2.367374140866E-02,0.269904104437));
#6530 = VECTOR('',#6531,1.);
#6531 = DIRECTION('',(1.,0.));
#6532 = ( GEOMETRIC_REPRESENTATION_CONTEXT(2) 
PARAMETRIC_REPRESENTATION_CONTEXT() REPRESENTATION_CONTEXT('2D SPACE',''
  ) );
#6533 = ORIENTED_EDGE('',*,*,#6534,.T.);
#6534 = EDGE_CURVE('',#6507,#6535,#6537,.T.);
#6535 = VERTEX_POINT('',#6536);
#6536 = CARTESIAN_POINT('',(-2.023018598557,-0.570522248745,1.));
#6537 = SURFACE_CURVE('',#6538,(#6542,#6549),.PCURVE_S1.);
#6538 = LINE('',#6539,#6540);
#6539 = CARTESIAN_POINT('',(-1.961390256882,-0.508893787861,1.));
#6540 = VECTOR('',#6541,1.);
#6541 = DIRECTION('',(-0.707106097299,-0.707107465073,0.));
#6542 = PCURVE('',#5713,#6543);
#6543 = DEFINITIONAL_REPRESENTATION('',(#6544),#6548);
#6544 = LINE('',#6545,#6546);
#6545 = CARTESIAN_POINT('',(-1.541207083698,-0.499309380644));
#6546 = VECTOR('',#6547,1.);
#6547 = DIRECTION('',(-0.707106097299,-0.707107465073));
#6548 = ( GEOMETRIC_REPRESENTATION_CONTEXT(2) 
PARAMETRIC_REPRESENTATION_CONTEXT() REPRESENTATION_CONTEXT('2D SPACE',''
  ) );
#6549 = PCURVE('',#6550,#6555);
#6550 = PLANE('',#6551);
#6551 = AXIS2_PLACEMENT_3D('',#6552,#6553,#6554);
#6552 = CARTESIAN_POINT('',(-1.978130109831,-0.525633673191,
    0.730095889511));
#6553 = DIRECTION('',(-0.707107465073,0.707106097299,-0.));
#6554 = DIRECTION('',(-0.707106097299,-0.707107465073,0.));
#6555 = DEFINITIONAL_REPRESENTATION('',(#6556),#6560);
#6556 = LINE('',#6557,#6558);
#6557 = CARTESIAN_POINT('',(-2.367374996952E-02,0.269904110489));
#6558 = VECTOR('',#6559,1.);
#6559 = DIRECTION('',(1.,0.));
#6560 = ( GEOMETRIC_REPRESENTATION_CONTEXT(2) 
PARAMETRIC_REPRESENTATION_CONTEXT() REPRESENTATION_CONTEXT('2D SPACE',''
  ) );
#6561 = ORIENTED_EDGE('',*,*,#6562,.T.);
#6562 = EDGE_CURVE('',#6535,#6563,#6565,.T.);
#6563 = VERTEX_POINT('',#6564);
#6564 = CARTESIAN_POINT('',(-2.094412565231,-0.620512723923,1.));
#6565 = SURFACE_CURVE('',#6566,(#6570,#6577),.PCURVE_S1.);
#6566 = LINE('',#6567,#6568);
#6567 = CARTESIAN_POINT('',(-2.023018598557,-0.570522248745,1.));
#6568 = VECTOR('',#6569,1.);
#6569 = DIRECTION('',(-0.819152682949,-0.573575524249,0.));
#6570 = PCURVE('',#5713,#6571);
#6571 = DEFINITIONAL_REPRESENTATION('',(#6572),#6576);
#6572 = LINE('',#6573,#6574);
#6573 = CARTESIAN_POINT('',(-1.602835425373,-0.560937841528));
#6574 = VECTOR('',#6575,1.);
#6575 = DIRECTION('',(-0.819152682949,-0.573575524249));
#6576 = ( GEOMETRIC_REPRESENTATION_CONTEXT(2) 
PARAMETRIC_REPRESENTATION_CONTEXT() REPRESENTATION_CONTEXT('2D SPACE',''
  ) );
#6577 = PCURVE('',#6578,#6583);
#6578 = PLANE('',#6579);
#6579 = AXIS2_PLACEMENT_3D('',#6580,#6581,#6582);
#6580 = CARTESIAN_POINT('',(-2.042411050698,-0.584100957739,
    0.730095858153));
#6581 = DIRECTION('',(-0.573575524249,0.819152682949,0.));
#6582 = DIRECTION('',(0.819152682949,0.573575524249,0.));
#6583 = DEFINITIONAL_REPRESENTATION('',(#6584),#6588);
#6584 = LINE('',#6585,#6586);
#6585 = CARTESIAN_POINT('',(2.367379433056E-02,-0.269904141847));
#6586 = VECTOR('',#6587,1.);
#6587 = DIRECTION('',(-1.,-0.));
#6588 = ( GEOMETRIC_REPRESENTATION_CONTEXT(2) 
PARAMETRIC_REPRESENTATION_CONTEXT() REPRESENTATION_CONTEXT('2D SPACE',''
  ) );
#6589 = ORIENTED_EDGE('',*,*,#6590,.T.);
#6590 = EDGE_CURVE('',#6563,#6591,#6593,.T.);
#6591 = VERTEX_POINT('',#6592);
#6592 = CARTESIAN_POINT('',(-2.173402547836,-0.657346308231,1.));
#6593 = SURFACE_CURVE('',#6594,(#6598,#6605),.PCURVE_S1.);
#6594 = LINE('',#6595,#6596);
#6595 = CARTESIAN_POINT('',(-2.094412565231,-0.620512723923,1.));
#6596 = VECTOR('',#6597,1.);
#6597 = DIRECTION('',(-0.906308004563,-0.422617795254,0.));
#6598 = PCURVE('',#5713,#6599);
#6599 = DEFINITIONAL_REPRESENTATION('',(#6600),#6604);
#6600 = LINE('',#6601,#6602);
#6601 = CARTESIAN_POINT('',(-1.674229392047,-0.610928316706));
#6602 = VECTOR('',#6603,1.);
#6603 = DIRECTION('',(-0.906308004563,-0.422617795254));
#6604 = ( GEOMETRIC_REPRESENTATION_CONTEXT(2) 
PARAMETRIC_REPRESENTATION_CONTEXT() REPRESENTATION_CONTEXT('2D SPACE',''
  ) );
#6605 = PCURVE('',#6606,#6611);
#6606 = PLANE('',#6607);
#6607 = AXIS2_PLACEMENT_3D('',#6608,#6609,#6610);
#6608 = CARTESIAN_POINT('',(-2.115868290466,-0.630517679466,
    0.730095876923));
#6609 = DIRECTION('',(-0.422617795254,0.906308004563,0.));
#6610 = DIRECTION('',(0.906308004563,0.422617795254,0.));
#6611 = DEFINITIONAL_REPRESENTATION('',(#6612),#6616);
#6612 = LINE('',#6613,#6614);
#6613 = CARTESIAN_POINT('',(2.367376777682E-02,-0.269904123077));
#6614 = VECTOR('',#6615,1.);
#6615 = DIRECTION('',(-1.,-0.));
#6616 = ( GEOMETRIC_REPRESENTATION_CONTEXT(2) 
PARAMETRIC_REPRESENTATION_CONTEXT() REPRESENTATION_CONTEXT('2D SPACE',''
  ) );
#6617 = ORIENTED_EDGE('',*,*,#6618,.T.);
#6618 = EDGE_CURVE('',#6591,#6619,#6621,.T.);
#6619 = VERTEX_POINT('',#6620);
#6620 = CARTESIAN_POINT('',(-2.257588386536,-0.679903924465,1.));
#6621 = SURFACE_CURVE('',#6622,(#6626,#6633),.PCURVE_S1.);
#6622 = LINE('',#6623,#6624);
#6623 = CARTESIAN_POINT('',(-2.173402547836,-0.657346308231,1.));
#6624 = VECTOR('',#6625,1.);
#6625 = DIRECTION('',(-0.965925571743,-0.258819995078,0.));
#6626 = PCURVE('',#5713,#6627);
#6627 = DEFINITIONAL_REPRESENTATION('',(#6628),#6632);
#6628 = LINE('',#6629,#6630);
#6629 = CARTESIAN_POINT('',(-1.753219374652,-0.647761901015));
#6630 = VECTOR('',#6631,1.);
#6631 = DIRECTION('',(-0.965925571743,-0.258819995078));
#6632 = ( GEOMETRIC_REPRESENTATION_CONTEXT(2) 
PARAMETRIC_REPRESENTATION_CONTEXT() REPRESENTATION_CONTEXT('2D SPACE',''
  ) );
#6633 = PCURVE('',#6634,#6639);
#6634 = PLANE('',#6635);
#6635 = AXIS2_PLACEMENT_3D('',#6636,#6637,#6638);
#6636 = CARTESIAN_POINT('',(-2.196269598767,-0.663473540166,
    0.730095911132));
#6637 = DIRECTION('',(-0.258819995078,0.965925571743,0.));
#6638 = DIRECTION('',(0.965925571743,0.258819995078,0.));
#6639 = DEFINITIONAL_REPRESENTATION('',(#6640),#6644);
#6640 = LINE('',#6641,#6642);
#6641 = CARTESIAN_POINT('',(2.367371938294E-02,-0.269904088868));
#6642 = VECTOR('',#6643,1.);
#6643 = DIRECTION('',(-1.,-0.));
#6644 = ( GEOMETRIC_REPRESENTATION_CONTEXT(2) 
PARAMETRIC_REPRESENTATION_CONTEXT() REPRESENTATION_CONTEXT('2D SPACE',''
  ) );
#6645 = ORIENTED_EDGE('',*,*,#6646,.T.);
#6646 = EDGE_CURVE('',#6619,#6647,#6649,.T.);
#6647 = VERTEX_POINT('',#6648);
#6648 = CARTESIAN_POINT('',(-2.344412565231,-0.6875,1.));
#6649 = SURFACE_CURVE('',#6650,(#6654,#6661),.PCURVE_S1.);
#6650 = LINE('',#6651,#6652);
#6651 = CARTESIAN_POINT('',(-2.257588386536,-0.679903924465,1.));
#6652 = VECTOR('',#6653,1.);
#6653 = DIRECTION('',(-0.9961947537,-8.715510713923E-02,0.));
#6654 = PCURVE('',#5713,#6655);
#6655 = DEFINITIONAL_REPRESENTATION('',(#6656),#6660);
#6656 = LINE('',#6657,#6658);
#6657 = CARTESIAN_POINT('',(-1.837405213352,-0.670319517249));
#6658 = VECTOR('',#6659,1.);
#6659 = DIRECTION('',(-0.9961947537,-8.715510713923E-02));
#6660 = ( GEOMETRIC_REPRESENTATION_CONTEXT(2) 
PARAMETRIC_REPRESENTATION_CONTEXT() REPRESENTATION_CONTEXT('2D SPACE',''
  ) );
#6661 = PCURVE('',#6662,#6667);
#6662 = PLANE('',#6663);
#6663 = AXIS2_PLACEMENT_3D('',#6664,#6665,#6666);
#6664 = CARTESIAN_POINT('',(-2.28117208333,-0.681967215416,
    0.730095867319));
#6665 = DIRECTION('',(-8.715510713923E-02,0.9961947537,0.));
#6666 = DIRECTION('',(0.9961947537,8.715510713923E-02,0.));
#6667 = DEFINITIONAL_REPRESENTATION('',(#6668),#6672);
#6668 = LINE('',#6669,#6670);
#6669 = CARTESIAN_POINT('',(2.367378136324E-02,-0.269904132681));
#6670 = VECTOR('',#6671,1.);
#6671 = DIRECTION('',(-1.,-0.));
#6672 = ( GEOMETRIC_REPRESENTATION_CONTEXT(2) 
PARAMETRIC_REPRESENTATION_CONTEXT() REPRESENTATION_CONTEXT('2D SPACE',''
  ) );
#6673 = ORIENTED_EDGE('',*,*,#6674,.T.);
#6674 = EDGE_CURVE('',#6647,#6675,#6677,.T.);
#6675 = VERTEX_POINT('',#6676);
#6676 = CARTESIAN_POINT('',(-2.5,-0.6875,1.));
#6677 = SURFACE_CURVE('',#6678,(#6682,#6689),.PCURVE_S1.);
#6678 = LINE('',#6679,#6680);
#6679 = CARTESIAN_POINT('',(-2.344412565231,-0.6875,1.));
#6680 = VECTOR('',#6681,1.);
#6681 = DIRECTION('',(-1.,0.,0.));
#6682 = PCURVE('',#5713,#6683);
#6683 = DEFINITIONAL_REPRESENTATION('',(#6684),#6688);
#6684 = LINE('',#6685,#6686);
#6685 = CARTESIAN_POINT('',(-1.924229392047,-0.677915592784));
#6686 = VECTOR('',#6687,1.);
#6687 = DIRECTION('',(-1.,0.));
#6688 = ( GEOMETRIC_REPRESENTATION_CONTEXT(2) 
PARAMETRIC_REPRESENTATION_CONTEXT() REPRESENTATION_CONTEXT('2D SPACE',''
  ) );
#6689 = PCURVE('',#6690,#6695);
#6690 = PLANE('',#6691);
#6691 = AXIS2_PLACEMENT_3D('',#6692,#6693,#6694);
#6692 = CARTESIAN_POINT('',(-2.389221476906,-0.6875,0.71701519429));
#6693 = DIRECTION('',(0.,1.,0.));
#6694 = DIRECTION('',(0.,-0.,1.));
#6695 = DEFINITIONAL_REPRESENTATION('',(#6696),#6700);
#6696 = LINE('',#6697,#6698);
#6697 = CARTESIAN_POINT('',(0.28298480571,4.480891167477E-02));
#6698 = VECTOR('',#6699,1.);
#6699 = DIRECTION('',(0.,-1.));
#6700 = ( GEOMETRIC_REPRESENTATION_CONTEXT(2) 
PARAMETRIC_REPRESENTATION_CONTEXT() REPRESENTATION_CONTEXT('2D SPACE',''
  ) );
#6701 = ORIENTED_EDGE('',*,*,#6702,.T.);
#6702 = EDGE_CURVE('',#6675,#6703,#6705,.T.);
#6703 = VERTEX_POINT('',#6704);
#6704 = CARTESIAN_POINT('',(-2.5,-1.25,1.));
#6705 = SURFACE_CURVE('',#6706,(#6710,#6717),.PCURVE_S1.);
#6706 = LINE('',#6707,#6708);
#6707 = CARTESIAN_POINT('',(-2.5,-0.6875,1.));
#6708 = VECTOR('',#6709,1.);
#6709 = DIRECTION('',(0.,-1.,0.));
#6710 = PCURVE('',#5713,#6711);
#6711 = DEFINITIONAL_REPRESENTATION('',(#6712),#6716);
#6712 = LINE('',#6713,#6714);
#6713 = CARTESIAN_POINT('',(-2.079816826816,-0.677915592784));
#6714 = VECTOR('',#6715,1.);
#6715 = DIRECTION('',(0.,-1.));
#6716 = ( GEOMETRIC_REPRESENTATION_CONTEXT(2) 
PARAMETRIC_REPRESENTATION_CONTEXT() REPRESENTATION_CONTEXT('2D SPACE',''
  ) );
#6717 = PCURVE('',#6102,#6718);
#6718 = DEFINITIONAL_REPRESENTATION('',(#6719),#6723);
#6719 = LINE('',#6720,#6721);
#6720 = CARTESIAN_POINT('',(0.416666666667,0.543937494357));
#6721 = VECTOR('',#6722,1.);
#6722 = DIRECTION('',(0.,1.));
#6723 = ( GEOMETRIC_REPRESENTATION_CONTEXT(2) 
PARAMETRIC_REPRESENTATION_CONTEXT() REPRESENTATION_CONTEXT('2D SPACE',''
  ) );
#6724 = ORIENTED_EDGE('',*,*,#6725,.T.);
#6725 = EDGE_CURVE('',#6703,#6726,#6728,.T.);
#6726 = VERTEX_POINT('',#6727);
#6727 = CARTESIAN_POINT('',(2.5,-1.25,1.));
#6728 = SURFACE_CURVE('',#6729,(#6733,#6740),.PCURVE_S1.);
#6729 = LINE('',#6730,#6731);
#6730 = CARTESIAN_POINT('',(-2.5,-1.25,1.));
#6731 = VECTOR('',#6732,1.);
#6732 = DIRECTION('',(1.,0.,0.));
#6733 = PCURVE('',#5713,#6734);
#6734 = DEFINITIONAL_REPRESENTATION('',(#6735),#6739);
#6735 = LINE('',#6736,#6737);
#6736 = CARTESIAN_POINT('',(-2.079816826816,-1.240415592784));
#6737 = VECTOR('',#6738,1.);
#6738 = DIRECTION('',(1.,0.));
#6739 = ( GEOMETRIC_REPRESENTATION_CONTEXT(2) 
PARAMETRIC_REPRESENTATION_CONTEXT() REPRESENTATION_CONTEXT('2D SPACE',''
  ) );
#6740 = PCURVE('',#6741,#6746);
#6741 = PLANE('',#6742);
#6742 = AXIS2_PLACEMENT_3D('',#6743,#6744,#6745);
#6743 = CARTESIAN_POINT('',(-0.404869998097,-1.25,0.509999998808));
#6744 = DIRECTION('',(0.,-1.,0.));
#6745 = DIRECTION('',(0.,-0.,-1.));
#6746 = DEFINITIONAL_REPRESENTATION('',(#6747),#6751);
#6747 = LINE('',#6748,#6749);
#6748 = CARTESIAN_POINT('',(-0.490000001192,-2.095130001903));
#6749 = VECTOR('',#6750,1.);
#6750 = DIRECTION('',(0.,1.));
#6751 = ( GEOMETRIC_REPRESENTATION_CONTEXT(2) 
PARAMETRIC_REPRESENTATION_CONTEXT() REPRESENTATION_CONTEXT('2D SPACE',''
  ) );
#6752 = ORIENTED_EDGE('',*,*,#6753,.T.);
#6753 = EDGE_CURVE('',#6726,#6754,#6756,.T.);
#6754 = VERTEX_POINT('',#6755);
#6755 = CARTESIAN_POINT('',(2.5,-0.6875,1.));
#6756 = SURFACE_CURVE('',#6757,(#6761,#6768),.PCURVE_S1.);
#6757 = LINE('',#6758,#6759);
#6758 = CARTESIAN_POINT('',(2.5,-1.25,1.));
#6759 = VECTOR('',#6760,1.);
#6760 = DIRECTION('',(0.,1.,0.));
#6761 = PCURVE('',#5713,#6762);
#6762 = DEFINITIONAL_REPRESENTATION('',(#6763),#6767);
#6763 = LINE('',#6764,#6765);
#6764 = CARTESIAN_POINT('',(2.920183173184,-1.240415592784));
#6765 = VECTOR('',#6766,1.);
#6766 = DIRECTION('',(0.,1.));
#6767 = ( GEOMETRIC_REPRESENTATION_CONTEXT(2) 
PARAMETRIC_REPRESENTATION_CONTEXT() REPRESENTATION_CONTEXT('2D SPACE',''
  ) );
#6768 = PCURVE('',#6046,#6769);
#6769 = DEFINITIONAL_REPRESENTATION('',(#6770),#6774);
#6770 = LINE('',#6771,#6772);
#6771 = CARTESIAN_POINT('',(0.178571428571,1.21787629383));
#6772 = VECTOR('',#6773,1.);
#6773 = DIRECTION('',(0.,-1.));
#6774 = ( GEOMETRIC_REPRESENTATION_CONTEXT(2) 
PARAMETRIC_REPRESENTATION_CONTEXT() REPRESENTATION_CONTEXT('2D SPACE',''
  ) );
#6775 = ORIENTED_EDGE('',*,*,#6776,.T.);
#6776 = EDGE_CURVE('',#6754,#6777,#6779,.T.);
#6777 = VERTEX_POINT('',#6778);
#6778 = CARTESIAN_POINT('',(2.018314123154,-0.6875,1.));
#6779 = SURFACE_CURVE('',#6780,(#6784,#6791),.PCURVE_S1.);
#6780 = LINE('',#6781,#6782);
#6781 = CARTESIAN_POINT('',(2.5,-0.6875,1.));
#6782 = VECTOR('',#6783,1.);
#6783 = DIRECTION('',(-1.,0.,0.));
#6784 = PCURVE('',#5713,#6785);
#6785 = DEFINITIONAL_REPRESENTATION('',(#6786),#6790);
#6786 = LINE('',#6787,#6788);
#6787 = CARTESIAN_POINT('',(2.920183173184,-0.677915592784));
#6788 = VECTOR('',#6789,1.);
#6789 = DIRECTION('',(-1.,0.));
#6790 = ( GEOMETRIC_REPRESENTATION_CONTEXT(2) 
PARAMETRIC_REPRESENTATION_CONTEXT() REPRESENTATION_CONTEXT('2D SPACE',''
  ) );
#6791 = PCURVE('',#6792,#6797);
#6792 = PLANE('',#6793);
#6793 = AXIS2_PLACEMENT_3D('',#6794,#6795,#6796);
#6794 = CARTESIAN_POINT('',(2.297230483803,-0.6875,0.868176577773));
#6795 = DIRECTION('',(0.,1.,0.));
#6796 = DIRECTION('',(0.,-0.,1.));
#6797 = DEFINITIONAL_REPRESENTATION('',(#6798),#6802);
#6798 = LINE('',#6799,#6800);
#6799 = CARTESIAN_POINT('',(0.131823422227,0.202769516197));
#6800 = VECTOR('',#6801,1.);
#6801 = DIRECTION('',(0.,-1.));
#6802 = ( GEOMETRIC_REPRESENTATION_CONTEXT(2) 
PARAMETRIC_REPRESENTATION_CONTEXT() REPRESENTATION_CONTEXT('2D SPACE',''
  ) );
#6803 = ORIENTED_EDGE('',*,*,#6804,.T.);
#6804 = EDGE_CURVE('',#6777,#6805,#6807,.T.);
#6805 = VERTEX_POINT('',#6806);
#6806 = CARTESIAN_POINT('',(1.996608018875,-0.685600936413,1.));
#6807 = SURFACE_CURVE('',#6808,(#6812,#6819),.PCURVE_S1.);
#6808 = LINE('',#6809,#6810);
#6809 = CARTESIAN_POINT('',(2.018314123154,-0.6875,1.));
#6810 = VECTOR('',#6811,1.);
#6811 = DIRECTION('',(-0.996194596346,8.715690569787E-02,0.));
#6812 = PCURVE('',#5713,#6813);
#6813 = DEFINITIONAL_REPRESENTATION('',(#6814),#6818);
#6814 = LINE('',#6815,#6816);
#6815 = CARTESIAN_POINT('',(2.438497296338,-0.677915592784));
#6816 = VECTOR('',#6817,1.);
#6817 = DIRECTION('',(-0.996194596346,8.715690569787E-02));
#6818 = ( GEOMETRIC_REPRESENTATION_CONTEXT(2) 
PARAMETRIC_REPRESENTATION_CONTEXT() REPRESENTATION_CONTEXT('2D SPACE',''
  ) );
#6819 = PCURVE('',#6820,#6825);
#6820 = PLANE('',#6821);
#6821 = AXIS2_PLACEMENT_3D('',#6822,#6823,#6824);
#6822 = CARTESIAN_POINT('',(2.012573351281,-0.686997740788,
    0.901118191129));
#6823 = DIRECTION('',(8.715690569787E-02,0.996194596346,0.));
#6824 = DIRECTION('',(0.996194596346,-8.715690569787E-02,0.));
#6825 = DEFINITIONAL_REPRESENTATION('',(#6826),#6830);
#6826 = LINE('',#6827,#6828);
#6827 = CARTESIAN_POINT('',(5.762701277035E-03,-9.888180887097E-02));
#6828 = VECTOR('',#6829,1.);
#6829 = DIRECTION('',(-1.,0.));
#6830 = ( GEOMETRIC_REPRESENTATION_CONTEXT(2) 
PARAMETRIC_REPRESENTATION_CONTEXT() REPRESENTATION_CONTEXT('2D SPACE',''
  ) );
#6831 = ORIENTED_EDGE('',*,*,#6832,.T.);
#6832 = EDGE_CURVE('',#6805,#6833,#6835,.T.);
#6833 = VERTEX_POINT('',#6834);
#6834 = CARTESIAN_POINT('',(1.975561499596,-0.679961562157,1.));
#6835 = SURFACE_CURVE('',#6836,(#6840,#6847),.PCURVE_S1.);
#6836 = LINE('',#6837,#6838);
#6837 = CARTESIAN_POINT('',(1.996608018875,-0.685600936413,1.));
#6838 = VECTOR('',#6839,1.);
#6839 = DIRECTION('',(-0.965926096934,0.258818035041,0.));
#6840 = PCURVE('',#5713,#6841);
#6841 = DEFINITIONAL_REPRESENTATION('',(#6842),#6846);
#6842 = LINE('',#6843,#6844);
#6843 = CARTESIAN_POINT('',(2.416791192059,-0.676016529196));
#6844 = VECTOR('',#6845,1.);
#6845 = DIRECTION('',(-0.965926096934,0.258818035041));
#6846 = ( GEOMETRIC_REPRESENTATION_CONTEXT(2) 
PARAMETRIC_REPRESENTATION_CONTEXT() REPRESENTATION_CONTEXT('2D SPACE',''
  ) );
#6847 = PCURVE('',#6848,#6853);
#6848 = PLANE('',#6849);
#6849 = AXIS2_PLACEMENT_3D('',#6850,#6851,#6852);
#6850 = CARTESIAN_POINT('',(1.981127825287,-0.681453048392,
    0.911381794207));
#6851 = DIRECTION('',(0.258818035041,0.965926096934,0.));
#6852 = DIRECTION('',(0.965926096934,-0.258818035041,0.));
#6853 = DEFINITIONAL_REPRESENTATION('',(#6854),#6858);
#6854 = LINE('',#6855,#6856);
#6855 = CARTESIAN_POINT('',(1.602627119967E-02,-8.861820579308E-02));
#6856 = VECTOR('',#6857,1.);
#6857 = DIRECTION('',(-1.,0.));
#6858 = ( GEOMETRIC_REPRESENTATION_CONTEXT(2) 
PARAMETRIC_REPRESENTATION_CONTEXT() REPRESENTATION_CONTEXT('2D SPACE',''
  ) );
#6859 = ORIENTED_EDGE('',*,*,#6860,.T.);
#6860 = EDGE_CURVE('',#6833,#6861,#6863,.T.);
#6861 = VERTEX_POINT('',#6862);
#6862 = CARTESIAN_POINT('',(1.955814123154,-0.670753180981,1.));
#6863 = SURFACE_CURVE('',#6864,(#6868,#6875),.PCURVE_S1.);
#6864 = LINE('',#6865,#6866);
#6865 = CARTESIAN_POINT('',(1.975561499596,-0.679961562157,1.));
#6866 = VECTOR('',#6867,1.);
#6867 = DIRECTION('',(-0.906307289333,0.422619329068,0.));
#6868 = PCURVE('',#5713,#6869);
#6869 = DEFINITIONAL_REPRESENTATION('',(#6870),#6874);
#6870 = LINE('',#6871,#6872);
#6871 = CARTESIAN_POINT('',(2.39574467278,-0.67037715494));
#6872 = VECTOR('',#6873,1.);
#6873 = DIRECTION('',(-0.906307289333,0.422619329068));
#6874 = ( GEOMETRIC_REPRESENTATION_CONTEXT(2) 
PARAMETRIC_REPRESENTATION_CONTEXT() REPRESENTATION_CONTEXT('2D SPACE',''
  ) );
#6875 = PCURVE('',#6876,#6881);
#6876 = PLANE('',#6877);
#6877 = AXIS2_PLACEMENT_3D('',#6878,#6879,#6880);
#6878 = CARTESIAN_POINT('',(1.961036853509,-0.67318858763,0.911381767029
    ));
#6879 = DIRECTION('',(0.422619329068,0.906307289333,0.));
#6880 = DIRECTION('',(0.906307289333,-0.422619329068,0.));
#6881 = DEFINITIONAL_REPRESENTATION('',(#6882),#6886);
#6882 = LINE('',#6883,#6884);
#6883 = CARTESIAN_POINT('',(1.602618257376E-02,-8.861823297071E-02));
#6884 = VECTOR('',#6885,1.);
#6885 = DIRECTION('',(-1.,0.));
#6886 = ( GEOMETRIC_REPRESENTATION_CONTEXT(2) 
PARAMETRIC_REPRESENTATION_CONTEXT() REPRESENTATION_CONTEXT('2D SPACE',''
  ) );
#6887 = ORIENTED_EDGE('',*,*,#6888,.T.);
#6888 = EDGE_CURVE('',#6861,#6889,#6891,.T.);
#6889 = VERTEX_POINT('',#6890);
#6890 = CARTESIAN_POINT('',(1.937965512276,-0.658255577087,1.));
#6891 = SURFACE_CURVE('',#6892,(#6896,#6903),.PCURVE_S1.);
#6892 = LINE('',#6893,#6894);
#6893 = CARTESIAN_POINT('',(1.955814123154,-0.670753180981,1.));
#6894 = VECTOR('',#6895,1.);
#6895 = DIRECTION('',(-0.819154804181,0.573572494796,0.));
#6896 = PCURVE('',#5713,#6897);
#6897 = DEFINITIONAL_REPRESENTATION('',(#6898),#6902);
#6898 = LINE('',#6899,#6900);
#6899 = CARTESIAN_POINT('',(2.375997296338,-0.661168773764));
#6900 = VECTOR('',#6901,1.);
#6901 = DIRECTION('',(-0.819154804181,0.573572494796));
#6902 = ( GEOMETRIC_REPRESENTATION_CONTEXT(2) 
PARAMETRIC_REPRESENTATION_CONTEXT() REPRESENTATION_CONTEXT('2D SPACE',''
  ) );
#6903 = PCURVE('',#6904,#6909);
#6904 = PLANE('',#6905);
#6905 = AXIS2_PLACEMENT_3D('',#6906,#6907,#6908);
#6906 = CARTESIAN_POINT('',(1.94268606514,-0.661560909937,0.91138181703)
  );
#6907 = DIRECTION('',(0.573572494796,0.819154804181,0.));
#6908 = DIRECTION('',(0.819154804181,-0.573572494796,0.));
#6909 = DEFINITIONAL_REPRESENTATION('',(#6910),#6914);
#6910 = LINE('',#6911,#6912);
#6911 = CARTESIAN_POINT('',(1.602634562674E-02,-8.861818296961E-02));
#6912 = VECTOR('',#6913,1.);
#6913 = DIRECTION('',(-1.,0.));
#6914 = ( GEOMETRIC_REPRESENTATION_CONTEXT(2) 
PARAMETRIC_REPRESENTATION_CONTEXT() REPRESENTATION_CONTEXT('2D SPACE',''
  ) );
#6915 = ORIENTED_EDGE('',*,*,#6916,.T.);
#6916 = EDGE_CURVE('',#6889,#6917,#6919,.T.);
#6917 = VERTEX_POINT('',#6918);
#6918 = CARTESIAN_POINT('',(1.922558546066,-0.642848491669,1.));
#6919 = SURFACE_CURVE('',#6920,(#6924,#6931),.PCURVE_S1.);
#6920 = LINE('',#6921,#6922);
#6921 = CARTESIAN_POINT('',(1.937965512276,-0.658255577087,1.));
#6922 = VECTOR('',#6923,1.);
#6923 = DIRECTION('',(-0.707104045621,0.707109516742,0.));
#6924 = PCURVE('',#5713,#6925);
#6925 = DEFINITIONAL_REPRESENTATION('',(#6926),#6930);
#6926 = LINE('',#6927,#6928);
#6927 = CARTESIAN_POINT('',(2.35814868546,-0.648671169871));
#6928 = VECTOR('',#6929,1.);
#6929 = DIRECTION('',(-0.707104045621,0.707109516742));
#6930 = ( GEOMETRIC_REPRESENTATION_CONTEXT(2) 
PARAMETRIC_REPRESENTATION_CONTEXT() REPRESENTATION_CONTEXT('2D SPACE',''
  ) );
#6931 = PCURVE('',#6932,#6937);
#6932 = PLANE('',#6933);
#6933 = AXIS2_PLACEMENT_3D('',#6934,#6935,#6936);
#6934 = CARTESIAN_POINT('',(1.926633336917,-0.646923314048,
    0.911381765652));
#6935 = DIRECTION('',(0.707109516742,0.707104045621,0.));
#6936 = DIRECTION('',(-0.707104045621,0.707109516742,0.));
#6937 = DEFINITIONAL_REPRESENTATION('',(#6938),#6942);
#6938 = LINE('',#6939,#6940);
#6939 = CARTESIAN_POINT('',(-1.602617808341E-02,8.86182343477E-02));
#6940 = VECTOR('',#6941,1.);
#6941 = DIRECTION('',(1.,0.));
#6942 = ( GEOMETRIC_REPRESENTATION_CONTEXT(2) 
PARAMETRIC_REPRESENTATION_CONTEXT() REPRESENTATION_CONTEXT('2D SPACE',''
  ) );
#6943 = ORIENTED_EDGE('',*,*,#6944,.T.);
#6944 = EDGE_CURVE('',#6917,#6945,#6947,.T.);
#6945 = VERTEX_POINT('',#6946);
#6946 = CARTESIAN_POINT('',(1.910060882568,-0.625,1.));
#6947 = SURFACE_CURVE('',#6948,(#6952,#6959),.PCURVE_S1.);
#6948 = LINE('',#6949,#6950);
#6949 = CARTESIAN_POINT('',(1.922558546066,-0.642848491669,1.));
#6950 = VECTOR('',#6951,1.);
#6951 = DIRECTION('',(-0.573576900931,0.819151718986,0.));
#6952 = PCURVE('',#5713,#6953);
#6953 = DEFINITIONAL_REPRESENTATION('',(#6954),#6958);
#6954 = LINE('',#6955,#6956);
#6955 = CARTESIAN_POINT('',(2.34274171925,-0.633264084452));
#6956 = VECTOR('',#6957,1.);
#6957 = DIRECTION('',(-0.573576900931,0.819151718986));
#6958 = ( GEOMETRIC_REPRESENTATION_CONTEXT(2) 
PARAMETRIC_REPRESENTATION_CONTEXT() REPRESENTATION_CONTEXT('2D SPACE',''
  ) );
#6959 = PCURVE('',#6960,#6965);
#6960 = PLANE('',#6961);
#6961 = AXIS2_PLACEMENT_3D('',#6962,#6963,#6964);
#6962 = CARTESIAN_POINT('',(1.913366230659,-0.629720520589,
    0.911381802996));
#6963 = DIRECTION('',(0.819151718986,0.573576900931,0.));
#6964 = DIRECTION('',(-0.573576900931,0.819151718986,0.));
#6965 = DEFINITIONAL_REPRESENTATION('',(#6966),#6970);
#6966 = LINE('',#6967,#6968);
#6967 = CARTESIAN_POINT('',(-1.602629986092E-02,8.861819700395E-02));
#6968 = VECTOR('',#6969,1.);
#6969 = DIRECTION('',(1.,0.));
#6970 = ( GEOMETRIC_REPRESENTATION_CONTEXT(2) 
PARAMETRIC_REPRESENTATION_CONTEXT() REPRESENTATION_CONTEXT('2D SPACE',''
  ) );
#6971 = ORIENTED_EDGE('',*,*,#6972,.T.);
#6972 = EDGE_CURVE('',#6945,#6973,#6975,.T.);
#6973 = VERTEX_POINT('',#6974);
#6974 = CARTESIAN_POINT('',(1.900852560997,-0.605252563953,1.));
#6975 = SURFACE_CURVE('',#6976,(#6980,#6987),.PCURVE_S1.);
#6976 = LINE('',#6977,#6978);
#6977 = CARTESIAN_POINT('',(1.910060882568,-0.625,1.));
#6978 = VECTOR('',#6979,1.);
#6979 = DIRECTION('',(-0.422616034319,0.906308825697,0.));
#6980 = PCURVE('',#5713,#6981);
#6981 = DEFINITIONAL_REPRESENTATION('',(#6982),#6986);
#6982 = LINE('',#6983,#6984);
#6983 = CARTESIAN_POINT('',(2.330244055752,-0.615415592784));
#6984 = VECTOR('',#6985,1.);
#6985 = DIRECTION('',(-0.422616034319,0.906308825697));
#6986 = ( GEOMETRIC_REPRESENTATION_CONTEXT(2) 
PARAMETRIC_REPRESENTATION_CONTEXT() REPRESENTATION_CONTEXT('2D SPACE',''
  ) );
#6987 = PCURVE('',#6988,#6993);
#6988 = PLANE('',#6989);
#6989 = AXIS2_PLACEMENT_3D('',#6990,#6991,#6992);
#6990 = CARTESIAN_POINT('',(1.907625491508,-0.619777253505,
    0.901118226595));
#6991 = DIRECTION('',(0.906308825697,0.422616034319,0.));
#6992 = DIRECTION('',(-0.422616034319,0.906308825697,0.));
#6993 = DEFINITIONAL_REPRESENTATION('',(#6994),#6998);
#6994 = LINE('',#6995,#6996);
#6995 = CARTESIAN_POINT('',(-5.762656554706E-03,9.888177340486E-02));
#6996 = VECTOR('',#6997,1.);
#6997 = DIRECTION('',(1.,0.));
#6998 = ( GEOMETRIC_REPRESENTATION_CONTEXT(2) 
PARAMETRIC_REPRESENTATION_CONTEXT() REPRESENTATION_CONTEXT('2D SPACE',''
  ) );
#6999 = ORIENTED_EDGE('',*,*,#7000,.T.);
#7000 = EDGE_CURVE('',#6973,#7001,#7003,.T.);
#7001 = VERTEX_POINT('',#7002);
#7002 = CARTESIAN_POINT('',(1.895213127136,-0.584206044674,1.));
#7003 = SURFACE_CURVE('',#7004,(#7008,#7015),.PCURVE_S1.);
#7004 = LINE('',#7005,#7006);
#7005 = CARTESIAN_POINT('',(1.900852560997,-0.605252563953,1.));
#7006 = VECTOR('',#7007,1.);
#7007 = DIRECTION('',(-0.258820587337,0.965925413047,0.));
#7008 = PCURVE('',#5713,#7009);
#7009 = DEFINITIONAL_REPRESENTATION('',(#7010),#7014);
#7010 = LINE('',#7011,#7012);
#7011 = CARTESIAN_POINT('',(2.321035734181,-0.595668156737));
#7012 = VECTOR('',#7013,1.);
#7013 = DIRECTION('',(-0.258820587337,0.965925413047));
#7014 = ( GEOMETRIC_REPRESENTATION_CONTEXT(2) 
PARAMETRIC_REPRESENTATION_CONTEXT() REPRESENTATION_CONTEXT('2D SPACE',''
  ) );
#7015 = PCURVE('',#7016,#7021);
#7016 = PLANE('',#7017);
#7017 = AXIS2_PLACEMENT_3D('',#7018,#7019,#7020);
#7018 = CARTESIAN_POINT('',(1.896704629193,-0.589772370579,
    0.911381797618));
#7019 = DIRECTION('',(0.965925413047,0.258820587337,0.));
#7020 = DIRECTION('',(-0.258820587337,0.965925413047,0.));
#7021 = DEFINITIONAL_REPRESENTATION('',(#7022),#7026);
#7022 = LINE('',#7023,#7024);
#7023 = CARTESIAN_POINT('',(-1.602628232461E-02,8.861820238156E-02));
#7024 = VECTOR('',#7025,1.);
#7025 = DIRECTION('',(1.,0.));
#7026 = ( GEOMETRIC_REPRESENTATION_CONTEXT(2) 
PARAMETRIC_REPRESENTATION_CONTEXT() REPRESENTATION_CONTEXT('2D SPACE',''
  ) );
#7027 = ORIENTED_EDGE('',*,*,#7028,.T.);
#7028 = EDGE_CURVE('',#7001,#7029,#7031,.T.);
#7029 = VERTEX_POINT('',#7030);
#7030 = CARTESIAN_POINT('',(1.893314123154,-0.5625,1.));
#7031 = SURFACE_CURVE('',#7032,(#7036,#7043),.PCURVE_S1.);
#7032 = LINE('',#7033,#7034);
#7033 = CARTESIAN_POINT('',(1.895213127136,-0.584206044674,1.));
#7034 = VECTOR('',#7035,1.);
#7035 = DIRECTION('',(-8.715442844805E-02,0.996194813077,0.));
#7036 = PCURVE('',#5713,#7037);
#7037 = DEFINITIONAL_REPRESENTATION('',(#7038),#7042);
#7038 = LINE('',#7039,#7040);
#7039 = CARTESIAN_POINT('',(2.31539630032,-0.574621637457));
#7040 = VECTOR('',#7041,1.);
#7041 = DIRECTION('',(-8.715442844805E-02,0.996194813077));
#7042 = ( GEOMETRIC_REPRESENTATION_CONTEXT(2) 
PARAMETRIC_REPRESENTATION_CONTEXT() REPRESENTATION_CONTEXT('2D SPACE',''
  ) );
#7043 = PCURVE('',#7044,#7049);
#7044 = PLANE('',#7045);
#7045 = AXIS2_PLACEMENT_3D('',#7046,#7047,#7048);
#7046 = CARTESIAN_POINT('',(1.89381636652,-0.568240755183,0.911381794591
    ));
#7047 = DIRECTION('',(0.996194813077,8.715442844805E-02,0.));
#7048 = DIRECTION('',(-8.715442844805E-02,0.996194813077,0.));
#7049 = DEFINITIONAL_REPRESENTATION('',(#7050),#7054);
#7050 = LINE('',#7051,#7052);
#7051 = CARTESIAN_POINT('',(-1.602627245287E-02,8.861820540878E-02));
#7052 = VECTOR('',#7053,1.);
#7053 = DIRECTION('',(1.,0.));
#7054 = ( GEOMETRIC_REPRESENTATION_CONTEXT(2) 
PARAMETRIC_REPRESENTATION_CONTEXT() REPRESENTATION_CONTEXT('2D SPACE',''
  ) );
#7055 = ORIENTED_EDGE('',*,*,#7056,.T.);
#7056 = EDGE_CURVE('',#7029,#5749,#7057,.T.);
#7057 = SURFACE_CURVE('',#7058,(#7062,#7069),.PCURVE_S1.);
#7058 = LINE('',#7059,#7060);
#7059 = CARTESIAN_POINT('',(1.893314123154,-0.5625,1.));
#7060 = VECTOR('',#7061,1.);
#7061 = DIRECTION('',(0.,1.,0.));
#7062 = PCURVE('',#5713,#7063);
#7063 = DEFINITIONAL_REPRESENTATION('',(#7064),#7068);
#7064 = LINE('',#7065,#7066);
#7065 = CARTESIAN_POINT('',(2.313497296338,-0.552915592784));
#7066 = VECTOR('',#7067,1.);
#7067 = DIRECTION('',(0.,1.));
#7068 = ( GEOMETRIC_REPRESENTATION_CONTEXT(2) 
PARAMETRIC_REPRESENTATION_CONTEXT() REPRESENTATION_CONTEXT('2D SPACE',''
  ) );
#7069 = PCURVE('',#7070,#7075);
#7070 = PLANE('',#7071);
#7071 = AXIS2_PLACEMENT_3D('',#7072,#7073,#7074);
#7072 = CARTESIAN_POINT('',(1.893314123154,0.521788261321,0.928038261321
    ));
#7073 = DIRECTION('',(1.,0.,0.));
#7074 = DIRECTION('',(-0.,0.,1.));
#7075 = DEFINITIONAL_REPRESENTATION('',(#7076),#7080);
#7076 = LINE('',#7077,#7078);
#7077 = CARTESIAN_POINT('',(7.196173867912E-02,1.084288261321));
#7078 = VECTOR('',#7079,1.);
#7079 = DIRECTION('',(0.,-1.));
#7080 = ( GEOMETRIC_REPRESENTATION_CONTEXT(2) 
PARAMETRIC_REPRESENTATION_CONTEXT() REPRESENTATION_CONTEXT('2D SPACE',''
  ) );
#7081 = FACE_BOUND('',#7082,.T.);
#7082 = EDGE_LOOP('',(#7083,#7106,#7129,#7150));
#7083 = ORIENTED_EDGE('',*,*,#7084,.T.);
#7084 = EDGE_CURVE('',#5676,#7085,#7087,.T.);
#7085 = VERTEX_POINT('',#7086);
#7086 = CARTESIAN_POINT('',(1.,0.625,1.));
#7087 = SURFACE_CURVE('',#7088,(#7092,#7099),.PCURVE_S1.);
#7088 = LINE('',#7089,#7090);
#7089 = CARTESIAN_POINT('',(-1.5,0.625,1.));
#7090 = VECTOR('',#7091,1.);
#7091 = DIRECTION('',(1.,0.,0.));
#7092 = PCURVE('',#5713,#7093);
#7093 = DEFINITIONAL_REPRESENTATION('',(#7094),#7098);
#7094 = LINE('',#7095,#7096);
#7095 = CARTESIAN_POINT('',(-1.079816826816,0.634584407216));
#7096 = VECTOR('',#7097,1.);
#7097 = DIRECTION('',(1.,0.));
#7098 = ( GEOMETRIC_REPRESENTATION_CONTEXT(2) 
PARAMETRIC_REPRESENTATION_CONTEXT() REPRESENTATION_CONTEXT('2D SPACE',''
  ) );
#7099 = PCURVE('',#1606,#7100);
#7100 = DEFINITIONAL_REPRESENTATION('',(#7101),#7105);
#7101 = LINE('',#7102,#7103);
#7102 = CARTESIAN_POINT('',(0.107142857143,-1.155089284692));
#7103 = VECTOR('',#7104,1.);
#7104 = DIRECTION('',(0.,1.));
#7105 = ( GEOMETRIC_REPRESENTATION_CONTEXT(2) 
PARAMETRIC_REPRESENTATION_CONTEXT() REPRESENTATION_CONTEXT('2D SPACE',''
  ) );
#7106 = ORIENTED_EDGE('',*,*,#7107,.T.);
#7107 = EDGE_CURVE('',#7085,#7108,#7110,.T.);
#7108 = VERTEX_POINT('',#7109);
#7109 = CARTESIAN_POINT('',(1.,-0.625,1.));
#7110 = SURFACE_CURVE('',#7111,(#7115,#7122),.PCURVE_S1.);
#7111 = LINE('',#7112,#7113);
#7112 = CARTESIAN_POINT('',(1.,0.625,1.));
#7113 = VECTOR('',#7114,1.);
#7114 = DIRECTION('',(0.,-1.,0.));
#7115 = PCURVE('',#5713,#7116);
#7116 = DEFINITIONAL_REPRESENTATION('',(#7117),#7121);
#7117 = LINE('',#7118,#7119);
#7118 = CARTESIAN_POINT('',(1.420183173184,0.634584407216));
#7119 = VECTOR('',#7120,1.);
#7120 = DIRECTION('',(0.,-1.));
#7121 = ( GEOMETRIC_REPRESENTATION_CONTEXT(2) 
PARAMETRIC_REPRESENTATION_CONTEXT() REPRESENTATION_CONTEXT('2D SPACE',''
  ) );
#7122 = PCURVE('',#1579,#7123);
#7123 = DEFINITIONAL_REPRESENTATION('',(#7124),#7128);
#7124 = LINE('',#7125,#7126);
#7125 = CARTESIAN_POINT('',(-0.125,-0.625));
#7126 = VECTOR('',#7127,1.);
#7127 = DIRECTION('',(0.,1.));
#7128 = ( GEOMETRIC_REPRESENTATION_CONTEXT(2) 
PARAMETRIC_REPRESENTATION_CONTEXT() REPRESENTATION_CONTEXT('2D SPACE',''
  ) );
#7129 = ORIENTED_EDGE('',*,*,#7130,.T.);
#7130 = EDGE_CURVE('',#7108,#5698,#7131,.T.);
#7131 = SURFACE_CURVE('',#7132,(#7136,#7143),.PCURVE_S1.);
#7132 = LINE('',#7133,#7134);
#7133 = CARTESIAN_POINT('',(1.,-0.625,1.));
#7134 = VECTOR('',#7135,1.);
#7135 = DIRECTION('',(-1.,0.,0.));
#7136 = PCURVE('',#5713,#7137);
#7137 = DEFINITIONAL_REPRESENTATION('',(#7138),#7142);
#7138 = LINE('',#7139,#7140);
#7139 = CARTESIAN_POINT('',(1.420183173184,-0.615415592784));
#7140 = VECTOR('',#7141,1.);
#7141 = DIRECTION('',(-1.,0.));
#7142 = ( GEOMETRIC_REPRESENTATION_CONTEXT(2) 
PARAMETRIC_REPRESENTATION_CONTEXT() REPRESENTATION_CONTEXT('2D SPACE',''
  ) );
#7143 = PCURVE('',#1552,#7144);
#7144 = DEFINITIONAL_REPRESENTATION('',(#7145),#7149);
#7145 = LINE('',#7146,#7147);
#7146 = CARTESIAN_POINT('',(0.107142857143,1.344910715308));
#7147 = VECTOR('',#7148,1.);
#7148 = DIRECTION('',(-0.,-1.));
#7149 = ( GEOMETRIC_REPRESENTATION_CONTEXT(2) 
PARAMETRIC_REPRESENTATION_CONTEXT() REPRESENTATION_CONTEXT('2D SPACE',''
  ) );
#7150 = ORIENTED_EDGE('',*,*,#5697,.T.);
#7151 = FACE_BOUND('',#7152,.T.);
#7152 = EDGE_LOOP('',(#7153,#7182,#7209,#7236));
#7153 = ORIENTED_EDGE('',*,*,#7154,.T.);
#7154 = EDGE_CURVE('',#7155,#7157,#7159,.T.);
#7155 = VERTEX_POINT('',#7156);
#7156 = CARTESIAN_POINT('',(1.25,-0.25,1.));
#7157 = VERTEX_POINT('',#7158);
#7158 = CARTESIAN_POINT('',(1.25,0.25,1.));
#7159 = SURFACE_CURVE('',#7160,(#7164,#7171),.PCURVE_S1.);
#7160 = LINE('',#7161,#7162);
#7161 = CARTESIAN_POINT('',(1.25,-0.25,1.));
#7162 = VECTOR('',#7163,1.);
#7163 = DIRECTION('',(0.,1.,0.));
#7164 = PCURVE('',#5713,#7165);
#7165 = DEFINITIONAL_REPRESENTATION('',(#7166),#7170);
#7166 = LINE('',#7167,#7168);
#7167 = CARTESIAN_POINT('',(1.670183173184,-0.240415592784));
#7168 = VECTOR('',#7169,1.);
#7169 = DIRECTION('',(0.,1.));
#7170 = ( GEOMETRIC_REPRESENTATION_CONTEXT(2) 
PARAMETRIC_REPRESENTATION_CONTEXT() REPRESENTATION_CONTEXT('2D SPACE',''
  ) );
#7171 = PCURVE('',#7172,#7177);
#7172 = PLANE('',#7173);
#7173 = AXIS2_PLACEMENT_3D('',#7174,#7175,#7176);
#7174 = CARTESIAN_POINT('',(1.25,0.,0.9375));
#7175 = DIRECTION('',(1.,0.,0.));
#7176 = DIRECTION('',(-0.,0.,1.));
#7177 = DEFINITIONAL_REPRESENTATION('',(#7178),#7181);
#7178 = B_SPLINE_CURVE_WITH_KNOTS('',1,(#7179,#7180),.UNSPECIFIED.,.F.,
  .F.,(2,2),(0.,0.5),.PIECEWISE_BEZIER_KNOTS.);
#7179 = CARTESIAN_POINT('',(6.25E-02,0.25));
#7180 = CARTESIAN_POINT('',(6.25E-02,-0.25));
#7181 = ( GEOMETRIC_REPRESENTATION_CONTEXT(2) 
PARAMETRIC_REPRESENTATION_CONTEXT() REPRESENTATION_CONTEXT('2D SPACE',''
  ) );
#7182 = ORIENTED_EDGE('',*,*,#7183,.T.);
#7183 = EDGE_CURVE('',#7157,#7184,#7186,.T.);
#7184 = VERTEX_POINT('',#7185);
#7185 = CARTESIAN_POINT('',(1.75,0.25,1.));
#7186 = SURFACE_CURVE('',#7187,(#7191,#7198),.PCURVE_S1.);
#7187 = LINE('',#7188,#7189);
#7188 = CARTESIAN_POINT('',(1.25,0.25,1.));
#7189 = VECTOR('',#7190,1.);
#7190 = DIRECTION('',(1.,0.,0.));
#7191 = PCURVE('',#5713,#7192);
#7192 = DEFINITIONAL_REPRESENTATION('',(#7193),#7197);
#7193 = LINE('',#7194,#7195);
#7194 = CARTESIAN_POINT('',(1.670183173184,0.259584407216));
#7195 = VECTOR('',#7196,1.);
#7196 = DIRECTION('',(1.,0.));
#7197 = ( GEOMETRIC_REPRESENTATION_CONTEXT(2) 
PARAMETRIC_REPRESENTATION_CONTEXT() REPRESENTATION_CONTEXT('2D SPACE',''
  ) );
#7198 = PCURVE('',#7199,#7204);
#7199 = PLANE('',#7200);
#7200 = AXIS2_PLACEMENT_3D('',#7201,#7202,#7203);
#7201 = CARTESIAN_POINT('',(1.5,0.25,0.9375));
#7202 = DIRECTION('',(0.,1.,0.));
#7203 = DIRECTION('',(0.,-0.,1.));
#7204 = DEFINITIONAL_REPRESENTATION('',(#7205),#7208);
#7205 = B_SPLINE_CURVE_WITH_KNOTS('',1,(#7206,#7207),.UNSPECIFIED.,.F.,
  .F.,(2,2),(0.,0.5),.PIECEWISE_BEZIER_KNOTS.);
#7206 = CARTESIAN_POINT('',(6.25E-02,-0.25));
#7207 = CARTESIAN_POINT('',(6.25E-02,0.25));
#7208 = ( GEOMETRIC_REPRESENTATION_CONTEXT(2) 
PARAMETRIC_REPRESENTATION_CONTEXT() REPRESENTATION_CONTEXT('2D SPACE',''
  ) );
#7209 = ORIENTED_EDGE('',*,*,#7210,.T.);
#7210 = EDGE_CURVE('',#7184,#7211,#7213,.T.);
#7211 = VERTEX_POINT('',#7212);
#7212 = CARTESIAN_POINT('',(1.75,-0.25,1.));
#7213 = SURFACE_CURVE('',#7214,(#7218,#7225),.PCURVE_S1.);
#7214 = LINE('',#7215,#7216);
#7215 = CARTESIAN_POINT('',(1.75,0.25,1.));
#7216 = VECTOR('',#7217,1.);
#7217 = DIRECTION('',(0.,-1.,0.));
#7218 = PCURVE('',#5713,#7219);
#7219 = DEFINITIONAL_REPRESENTATION('',(#7220),#7224);
#7220 = LINE('',#7221,#7222);
#7221 = CARTESIAN_POINT('',(2.170183173184,0.259584407216));
#7222 = VECTOR('',#7223,1.);
#7223 = DIRECTION('',(0.,-1.));
#7224 = ( GEOMETRIC_REPRESENTATION_CONTEXT(2) 
PARAMETRIC_REPRESENTATION_CONTEXT() REPRESENTATION_CONTEXT('2D SPACE',''
  ) );
#7225 = PCURVE('',#7226,#7231);
#7226 = PLANE('',#7227);
#7227 = AXIS2_PLACEMENT_3D('',#7228,#7229,#7230);
#7228 = CARTESIAN_POINT('',(1.75,0.,0.9375));
#7229 = DIRECTION('',(1.,0.,0.));
#7230 = DIRECTION('',(-0.,0.,1.));
#7231 = DEFINITIONAL_REPRESENTATION('',(#7232),#7235);
#7232 = B_SPLINE_CURVE_WITH_KNOTS('',1,(#7233,#7234),.UNSPECIFIED.,.F.,
  .F.,(2,2),(0.,0.5),.PIECEWISE_BEZIER_KNOTS.);
#7233 = CARTESIAN_POINT('',(6.25E-02,-0.25));
#7234 = CARTESIAN_POINT('',(6.25E-02,0.25));
#7235 = ( GEOMETRIC_REPRESENTATION_CONTEXT(2) 
PARAMETRIC_REPRESENTATION_CONTEXT() REPRESENTATION_CONTEXT('2D SPACE',''
  ) );
#7236 = ORIENTED_EDGE('',*,*,#7237,.T.);
#7237 = EDGE_CURVE('',#7211,#7155,#7238,.T.);
#7238 = SURFACE_CURVE('',#7239,(#7243,#7250),.PCURVE_S1.);
#7239 = LINE('',#7240,#7241);
#7240 = CARTESIAN_POINT('',(1.75,-0.25,1.));
#7241 = VECTOR('',#7242,1.);
#7242 = DIRECTION('',(-1.,0.,0.));
#7243 = PCURVE('',#5713,#7244);
#7244 = DEFINITIONAL_REPRESENTATION('',(#7245),#7249);
#7245 = LINE('',#7246,#7247);
#7246 = CARTESIAN_POINT('',(2.170183173184,-0.240415592784));
#7247 = VECTOR('',#7248,1.);
#7248 = DIRECTION('',(-1.,0.));
#7249 = ( GEOMETRIC_REPRESENTATION_CONTEXT(2) 
PARAMETRIC_REPRESENTATION_CONTEXT() REPRESENTATION_CONTEXT('2D SPACE',''
  ) );
#7250 = PCURVE('',#7251,#7256);
#7251 = PLANE('',#7252);
#7252 = AXIS2_PLACEMENT_3D('',#7253,#7254,#7255);
#7253 = CARTESIAN_POINT('',(1.5,-0.25,0.9375));
#7254 = DIRECTION('',(0.,-1.,0.));
#7255 = DIRECTION('',(0.,-0.,-1.));
#7256 = DEFINITIONAL_REPRESENTATION('',(#7257),#7260);
#7257 = B_SPLINE_CURVE_WITH_KNOTS('',1,(#7258,#7259),.UNSPECIFIED.,.F.,
  .F.,(2,2),(0.,0.5),.PIECEWISE_BEZIER_KNOTS.);
#7258 = CARTESIAN_POINT('',(-6.25E-02,0.25));
#7259 = CARTESIAN_POINT('',(-6.25E-02,-0.25));
#7260 = ( GEOMETRIC_REPRESENTATION_CONTEXT(2) 
PARAMETRIC_REPRESENTATION_CONTEXT() REPRESENTATION_CONTEXT('2D SPACE',''
  ) );
#7261 = FACE_BOUND('',#7262,.T.);
#7262 = EDGE_LOOP('',(#7263));
#7263 = ORIENTED_EDGE('',*,*,#7264,.F.);
#7264 = EDGE_CURVE('',#7265,#7265,#7267,.T.);
#7265 = VERTEX_POINT('',#7266);
#7266 = CARTESIAN_POINT('',(-2.028249969856,-1.000000004898,1.));
#7267 = SURFACE_CURVE('',#7268,(#7273,#7280),.PCURVE_S1.);
#7268 = CIRCLE('',#7269,0.218750020109);
#7269 = AXIS2_PLACEMENT_3D('',#7270,#7271,#7272);
#7270 = CARTESIAN_POINT('',(-2.246999989965,-1.000000004898,1.));
#7271 = DIRECTION('',(0.,0.,1.));
#7272 = DIRECTION('',(1.,0.,-0.));
#7273 = PCURVE('',#5713,#7274);
#7274 = DEFINITIONAL_REPRESENTATION('',(#7275),#7279);
#7275 = CIRCLE('',#7276,0.218750020109);
#7276 = AXIS2_PLACEMENT_2D('',#7277,#7278);
#7277 = CARTESIAN_POINT('',(-1.826816816781,-0.990415597681));
#7278 = DIRECTION('',(1.,0.));
#7279 = ( GEOMETRIC_REPRESENTATION_CONTEXT(2) 
PARAMETRIC_REPRESENTATION_CONTEXT() REPRESENTATION_CONTEXT('2D SPACE',''
  ) );
#7280 = PCURVE('',#7281,#7286);
#7281 = CYLINDRICAL_SURFACE('',#7282,0.218750020109);
#7282 = AXIS2_PLACEMENT_3D('',#7283,#7284,#7285);
#7283 = CARTESIAN_POINT('',(-2.246999989965,-1.000000004898,0.75));
#7284 = DIRECTION('',(0.,0.,1.));
#7285 = DIRECTION('',(1.,0.,-0.));
#7286 = DEFINITIONAL_REPRESENTATION('',(#7287),#7291);
#7287 = LINE('',#7288,#7289);
#7288 = CARTESIAN_POINT('',(0.,0.25));
#7289 = VECTOR('',#7290,1.);
#7290 = DIRECTION('',(1.,0.));
#7291 = ( GEOMETRIC_REPRESENTATION_CONTEXT(2) 
PARAMETRIC_REPRESENTATION_CONTEXT() REPRESENTATION_CONTEXT('2D SPACE',''
  ) );
#7292 = FACE_BOUND('',#7293,.T.);
#7293 = EDGE_LOOP('',(#7294));
#7294 = ORIENTED_EDGE('',*,*,#7295,.F.);
#7295 = EDGE_CURVE('',#7296,#7296,#7298,.T.);
#7296 = VERTEX_POINT('',#7297);
#7297 = CARTESIAN_POINT('',(-2.028249969856,1.000000004898,1.));
#7298 = SURFACE_CURVE('',#7299,(#7304,#7311),.PCURVE_S1.);
#7299 = CIRCLE('',#7300,0.218750020109);
#7300 = AXIS2_PLACEMENT_3D('',#7301,#7302,#7303);
#7301 = CARTESIAN_POINT('',(-2.246999989965,1.000000004898,1.));
#7302 = DIRECTION('',(0.,0.,1.));
#7303 = DIRECTION('',(1.,0.,-0.));
#7304 = PCURVE('',#5713,#7305);
#7305 = DEFINITIONAL_REPRESENTATION('',(#7306),#7310);
#7306 = CIRCLE('',#7307,0.218750020109);
#7307 = AXIS2_PLACEMENT_2D('',#7308,#7309);
#7308 = CARTESIAN_POINT('',(-1.826816816781,1.009584412114));
#7309 = DIRECTION('',(1.,0.));
#7310 = ( GEOMETRIC_REPRESENTATION_CONTEXT(2) 
PARAMETRIC_REPRESENTATION_CONTEXT() REPRESENTATION_CONTEXT('2D SPACE',''
  ) );
#7311 = PCURVE('',#7312,#7317);
#7312 = CYLINDRICAL_SURFACE('',#7313,0.218750020109);
#7313 = AXIS2_PLACEMENT_3D('',#7314,#7315,#7316);
#7314 = CARTESIAN_POINT('',(-2.246999989965,1.000000004898,0.75));
#7315 = DIRECTION('',(0.,0.,1.));
#7316 = DIRECTION('',(1.,0.,-0.));
#7317 = DEFINITIONAL_REPRESENTATION('',(#7318),#7322);
#7318 = LINE('',#7319,#7320);
#7319 = CARTESIAN_POINT('',(0.,0.25));
#7320 = VECTOR('',#7321,1.);
#7321 = DIRECTION('',(1.,0.));
#7322 = ( GEOMETRIC_REPRESENTATION_CONTEXT(2) 
PARAMETRIC_REPRESENTATION_CONTEXT() REPRESENTATION_CONTEXT('2D SPACE',''
  ) );
#7323 = FACE_BOUND('',#7324,.T.);
#7324 = EDGE_LOOP('',(#7325));
#7325 = ORIENTED_EDGE('',*,*,#7326,.F.);
#7326 = EDGE_CURVE('',#7327,#7327,#7329,.T.);
#7327 = VERTEX_POINT('',#7328);
#7328 = CARTESIAN_POINT('',(-0.903250010967,1.000000004898,1.));
#7329 = SURFACE_CURVE('',#7330,(#7335,#7342),.PCURVE_S1.);
#7330 = CIRCLE('',#7331,0.21875000692);
#7331 = AXIS2_PLACEMENT_3D('',#7332,#7333,#7334);
#7332 = CARTESIAN_POINT('',(-1.122000017887,1.000000004898,1.));
#7333 = DIRECTION('',(0.,0.,1.));
#7334 = DIRECTION('',(1.,0.,-0.));
#7335 = PCURVE('',#5713,#7336);
#7336 = DEFINITIONAL_REPRESENTATION('',(#7337),#7341);
#7337 = CIRCLE('',#7338,0.21875000692);
#7338 = AXIS2_PLACEMENT_2D('',#7339,#7340);
#7339 = CARTESIAN_POINT('',(-0.701816844703,1.009584412114));
#7340 = DIRECTION('',(1.,0.));
#7341 = ( GEOMETRIC_REPRESENTATION_CONTEXT(2) 
PARAMETRIC_REPRESENTATION_CONTEXT() REPRESENTATION_CONTEXT('2D SPACE',''
  ) );
#7342 = PCURVE('',#7343,#7348);
#7343 = CYLINDRICAL_SURFACE('',#7344,0.21875000692);
#7344 = AXIS2_PLACEMENT_3D('',#7345,#7346,#7347);
#7345 = CARTESIAN_POINT('',(-1.122000017887,1.000000004898,0.75));
#7346 = DIRECTION('',(0.,0.,1.));
#7347 = DIRECTION('',(1.,0.,-0.));
#7348 = DEFINITIONAL_REPRESENTATION('',(#7349),#7353);
#7349 = LINE('',#7350,#7351);
#7350 = CARTESIAN_POINT('',(0.,0.25));
#7351 = VECTOR('',#7352,1.);
#7352 = DIRECTION('',(1.,0.));
#7353 = ( GEOMETRIC_REPRESENTATION_CONTEXT(2) 
PARAMETRIC_REPRESENTATION_CONTEXT() REPRESENTATION_CONTEXT('2D SPACE',''
  ) );
#7354 = FACE_BOUND('',#7355,.T.);
#7355 = EDGE_LOOP('',(#7356));
#7356 = ORIENTED_EDGE('',*,*,#7357,.F.);
#7357 = EDGE_CURVE('',#7358,#7358,#7360,.T.);
#7358 = VERTEX_POINT('',#7359);
#7359 = CARTESIAN_POINT('',(-0.903250010967,-1.000000004898,1.));
#7360 = SURFACE_CURVE('',#7361,(#7366,#7373),.PCURVE_S1.);
#7361 = CIRCLE('',#7362,0.21875000692);
#7362 = AXIS2_PLACEMENT_3D('',#7363,#7364,#7365);
#7363 = CARTESIAN_POINT('',(-1.122000017887,-1.000000004898,1.));
#7364 = DIRECTION('',(0.,0.,1.));
#7365 = DIRECTION('',(1.,0.,-0.));
#7366 = PCURVE('',#5713,#7367);
#7367 = DEFINITIONAL_REPRESENTATION('',(#7368),#7372);
#7368 = CIRCLE('',#7369,0.21875000692);
#7369 = AXIS2_PLACEMENT_2D('',#7370,#7371);
#7370 = CARTESIAN_POINT('',(-0.701816844703,-0.990415597681));
#7371 = DIRECTION('',(1.,0.));
#7372 = ( GEOMETRIC_REPRESENTATION_CONTEXT(2) 
PARAMETRIC_REPRESENTATION_CONTEXT() REPRESENTATION_CONTEXT('2D SPACE',''
  ) );
#7373 = PCURVE('',#7374,#7379);
#7374 = CYLINDRICAL_SURFACE('',#7375,0.21875000692);
#7375 = AXIS2_PLACEMENT_3D('',#7376,#7377,#7378);
#7376 = CARTESIAN_POINT('',(-1.122000017887,-1.000000004898,0.75));
#7377 = DIRECTION('',(0.,0.,1.));
#7378 = DIRECTION('',(1.,0.,-0.));
#7379 = DEFINITIONAL_REPRESENTATION('',(#7380),#7384);
#7380 = LINE('',#7381,#7382);
#7381 = CARTESIAN_POINT('',(0.,0.25));
#7382 = VECTOR('',#7383,1.);
#7383 = DIRECTION('',(1.,0.));
#7384 = ( GEOMETRIC_REPRESENTATION_CONTEXT(2) 
PARAMETRIC_REPRESENTATION_CONTEXT() REPRESENTATION_CONTEXT('2D SPACE',''
  ) );
#7385 = FACE_BOUND('',#7386,.T.);
#7386 = EDGE_LOOP('',(#7387));
#7387 = ORIENTED_EDGE('',*,*,#7388,.F.);
#7388 = EDGE_CURVE('',#7389,#7389,#7391,.T.);
#7389 = VERTEX_POINT('',#7390);
#7390 = CARTESIAN_POINT('',(0.221749995966,-1.000000004898,1.));
#7391 = SURFACE_CURVE('',#7392,(#7397,#7404),.PCURVE_S1.);
#7392 = CIRCLE('',#7393,0.218750000536);
#7393 = AXIS2_PLACEMENT_3D('',#7394,#7395,#7396);
#7394 = CARTESIAN_POINT('',(2.999995430055E-03,-1.000000004898,1.));
#7395 = DIRECTION('',(-1.437995786053E-15,1.044258469884E-15,1.));
#7396 = DIRECTION('',(1.,0.,1.437995786053E-15));
#7397 = PCURVE('',#5713,#7398);
#7398 = DEFINITIONAL_REPRESENTATION('',(#7399),#7403);
#7399 = CIRCLE('',#7400,0.218750000536);
#7400 = AXIS2_PLACEMENT_2D('',#7401,#7402);
#7401 = CARTESIAN_POINT('',(0.423183168614,-0.990415597681));
#7402 = DIRECTION('',(1.,0.));
#7403 = ( GEOMETRIC_REPRESENTATION_CONTEXT(2) 
PARAMETRIC_REPRESENTATION_CONTEXT() REPRESENTATION_CONTEXT('2D SPACE',''
  ) );
#7404 = PCURVE('',#7405,#7410);
#7405 = CYLINDRICAL_SURFACE('',#7406,0.218750000536);
#7406 = AXIS2_PLACEMENT_3D('',#7407,#7408,#7409);
#7407 = CARTESIAN_POINT('',(2.999995430055E-03,-1.000000004898,0.75));
#7408 = DIRECTION('',(-1.437995786053E-15,1.044258469884E-15,1.));
#7409 = DIRECTION('',(1.,0.,1.437995786053E-15));
#7410 = DEFINITIONAL_REPRESENTATION('',(#7411),#7415);
#7411 = LINE('',#7412,#7413);
#7412 = CARTESIAN_POINT('',(0.,0.25));
#7413 = VECTOR('',#7414,1.);
#7414 = DIRECTION('',(1.,0.));
#7415 = ( GEOMETRIC_REPRESENTATION_CONTEXT(2) 
PARAMETRIC_REPRESENTATION_CONTEXT() REPRESENTATION_CONTEXT('2D SPACE',''
  ) );
#7416 = FACE_BOUND('',#7417,.T.);
#7417 = EDGE_LOOP('',(#7418));
#7418 = ORIENTED_EDGE('',*,*,#7419,.F.);
#7419 = EDGE_CURVE('',#7420,#7420,#7422,.T.);
#7420 = VERTEX_POINT('',#7421);
#7421 = CARTESIAN_POINT('',(0.221749995966,1.000000004898,1.));
#7422 = SURFACE_CURVE('',#7423,(#7428,#7435),.PCURVE_S1.);
#7423 = CIRCLE('',#7424,0.218750000536);
#7424 = AXIS2_PLACEMENT_3D('',#7425,#7426,#7427);
#7425 = CARTESIAN_POINT('',(2.999995430055E-03,1.000000004898,1.));
#7426 = DIRECTION('',(-1.641232197626E-15,4.577899149205E-16,1.));
#7427 = DIRECTION('',(1.,0.,1.641232197626E-15));
#7428 = PCURVE('',#5713,#7429);
#7429 = DEFINITIONAL_REPRESENTATION('',(#7430),#7434);
#7430 = CIRCLE('',#7431,0.218750000536);
#7431 = AXIS2_PLACEMENT_2D('',#7432,#7433);
#7432 = CARTESIAN_POINT('',(0.423183168614,1.009584412114));
#7433 = DIRECTION('',(1.,0.));
#7434 = ( GEOMETRIC_REPRESENTATION_CONTEXT(2) 
PARAMETRIC_REPRESENTATION_CONTEXT() REPRESENTATION_CONTEXT('2D SPACE',''
  ) );
#7435 = PCURVE('',#7436,#7441);
#7436 = CYLINDRICAL_SURFACE('',#7437,0.218750000536);
#7437 = AXIS2_PLACEMENT_3D('',#7438,#7439,#7440);
#7438 = CARTESIAN_POINT('',(2.999995430055E-03,1.000000004898,0.75));
#7439 = DIRECTION('',(-1.641232197626E-15,4.577899149205E-16,1.));
#7440 = DIRECTION('',(1.,0.,1.641232197626E-15));
#7441 = DEFINITIONAL_REPRESENTATION('',(#7442),#7446);
#7442 = LINE('',#7443,#7444);
#7443 = CARTESIAN_POINT('',(0.,0.25));
#7444 = VECTOR('',#7445,1.);
#7445 = DIRECTION('',(1.,0.));
#7446 = ( GEOMETRIC_REPRESENTATION_CONTEXT(2) 
PARAMETRIC_REPRESENTATION_CONTEXT() REPRESENTATION_CONTEXT('2D SPACE',''
  ) );
#7447 = FACE_BOUND('',#7448,.T.);
#7448 = EDGE_LOOP('',(#7449));
#7449 = ORIENTED_EDGE('',*,*,#7450,.F.);
#7450 = EDGE_CURVE('',#7451,#7451,#7453,.T.);
#7451 = VERTEX_POINT('',#7452);
#7452 = CARTESIAN_POINT('',(1.346743632559,-1.000000003168,
    0.999999999885));
#7453 = SURFACE_CURVE('',#7454,(#7459,#7466),.PCURVE_S1.);
#7454 = CIRCLE('',#7455,0.218743454388);
#7455 = AXIS2_PLACEMENT_3D('',#7456,#7457,#7458);
#7456 = CARTESIAN_POINT('',(1.128000178171,-1.000000003168,1.));
#7457 = DIRECTION('',(5.245417511403E-10,4.580740164952E-10,1.));
#7458 = DIRECTION('',(1.,0.,-5.245417511403E-10));
#7459 = PCURVE('',#5713,#7460);
#7460 = DEFINITIONAL_REPRESENTATION('',(#7461),#7465);
#7461 = CIRCLE('',#7462,0.218743454388);
#7462 = AXIS2_PLACEMENT_2D('',#7463,#7464);
#7463 = CARTESIAN_POINT('',(1.548183351355,-0.990415595952));
#7464 = DIRECTION('',(1.,0.));
#7465 = ( GEOMETRIC_REPRESENTATION_CONTEXT(2) 
PARAMETRIC_REPRESENTATION_CONTEXT() REPRESENTATION_CONTEXT('2D SPACE',''
  ) );
#7466 = PCURVE('',#7467,#7472);
#7467 = CYLINDRICAL_SURFACE('',#7468,0.218743454388);
#7468 = AXIS2_PLACEMENT_3D('',#7469,#7470,#7471);
#7469 = CARTESIAN_POINT('',(1.12800017804,-1.000000003283,0.75));
#7470 = DIRECTION('',(5.245417511403E-10,4.580740164952E-10,1.));
#7471 = DIRECTION('',(1.,0.,-5.245417511403E-10));
#7472 = DEFINITIONAL_REPRESENTATION('',(#7473),#7477);
#7473 = LINE('',#7474,#7475);
#7474 = CARTESIAN_POINT('',(0.,0.25));
#7475 = VECTOR('',#7476,1.);
#7476 = DIRECTION('',(1.,0.));
#7477 = ( GEOMETRIC_REPRESENTATION_CONTEXT(2) 
PARAMETRIC_REPRESENTATION_CONTEXT() REPRESENTATION_CONTEXT('2D SPACE',''
  ) );
#7478 = FACE_BOUND('',#7479,.T.);
#7479 = EDGE_LOOP('',(#7480));
#7480 = ORIENTED_EDGE('',*,*,#7481,.T.);
#7481 = EDGE_CURVE('',#7482,#7482,#7484,.T.);
#7482 = VERTEX_POINT('',#7483);
#7483 = CARTESIAN_POINT('',(1.128000178089,0.781256548858,0.999999999871
    ));
#7484 = SURFACE_CURVE('',#7485,(#7490,#7501),.PCURVE_S1.);
#7485 = CIRCLE('',#7486,0.218743454402);
#7486 = AXIS2_PLACEMENT_3D('',#7487,#7488,#7489);
#7487 = CARTESIAN_POINT('',(1.128000178089,1.000000003261,1.));
#7488 = DIRECTION('',(-5.727847290677E-10,5.882726077576E-10,-1.));
#7489 = DIRECTION('',(-7.948605400881E-36,-1.,-5.882726077576E-10));
#7490 = PCURVE('',#5713,#7491);
#7491 = DEFINITIONAL_REPRESENTATION('',(#7492),#7500);
#7492 = ( BOUNDED_CURVE() B_SPLINE_CURVE(2,(#7493,#7494,#7495,#7496,
#7497,#7498,#7499),.UNSPECIFIED.,.T.,.F.) B_SPLINE_CURVE_WITH_KNOTS((1,2
    ,2,2,2,1),(-2.094395102393,0.,2.094395102393,4.188790204786,
6.28318530718,8.377580409573),.UNSPECIFIED.) CURVE() 
GEOMETRIC_REPRESENTATION_ITEM() RATIONAL_B_SPLINE_CURVE((1.,0.5,1.,0.5,
1.,0.5,1.)) REPRESENTATION_ITEM('') );
#7493 = CARTESIAN_POINT('',(1.548183351273,0.790840956075));
#7494 = CARTESIAN_POINT('',(1.169308574425,0.790840956075));
#7495 = CARTESIAN_POINT('',(1.358745962849,1.118956137679));
#7496 = CARTESIAN_POINT('',(1.548183351273,1.447071319282));
#7497 = CARTESIAN_POINT('',(1.737620739697,1.118956137679));
#7498 = CARTESIAN_POINT('',(1.927058128121,0.790840956075));
#7499 = CARTESIAN_POINT('',(1.548183351273,0.790840956075));
#7500 = ( GEOMETRIC_REPRESENTATION_CONTEXT(2) 
PARAMETRIC_REPRESENTATION_CONTEXT() REPRESENTATION_CONTEXT('2D SPACE',''
  ) );
#7501 = PCURVE('',#7502,#7507);
#7502 = CYLINDRICAL_SURFACE('',#7503,0.218743454402);
#7503 = AXIS2_PLACEMENT_3D('',#7504,#7505,#7506);
#7504 = CARTESIAN_POINT('',(1.128000178089,1.000000003261,1.));
#7505 = DIRECTION('',(-5.727847290677E-10,5.882726077576E-10,-1.));
#7506 = DIRECTION('',(0.,-1.,-5.882726077576E-10));
#7507 = DEFINITIONAL_REPRESENTATION('',(#7508),#7512);
#7508 = LINE('',#7509,#7510);
#7509 = CARTESIAN_POINT('',(0.,0.));
#7510 = VECTOR('',#7511,1.);
#7511 = DIRECTION('',(1.,0.));
#7512 = ( GEOMETRIC_REPRESENTATION_CONTEXT(2) 
PARAMETRIC_REPRESENTATION_CONTEXT() REPRESENTATION_CONTEXT('2D SPACE',''
  ) );
#7513 = ADVANCED_FACE('',(#7514),#7502,.F.);
#7514 = FACE_BOUND('',#7515,.F.);
#7515 = EDGE_LOOP('',(#7516,#7539,#7540,#7541));
#7516 = ORIENTED_EDGE('',*,*,#7517,.F.);
#7517 = EDGE_CURVE('',#7482,#7518,#7520,.T.);
#7518 = VERTEX_POINT('',#7519);
#7519 = CARTESIAN_POINT('',(1.128000177946,0.781256549006,0.749999999871
    ));
#7520 = SEAM_CURVE('',#7521,(#7525,#7532),.PCURVE_S1.);
#7521 = LINE('',#7522,#7523);
#7522 = CARTESIAN_POINT('',(1.128000178089,0.781256548858,0.999999999871
    ));
#7523 = VECTOR('',#7524,1.);
#7524 = DIRECTION('',(-5.727847290677E-10,5.882726077576E-10,-1.));
#7525 = PCURVE('',#7502,#7526);
#7526 = DEFINITIONAL_REPRESENTATION('',(#7527),#7531);
#7527 = LINE('',#7528,#7529);
#7528 = CARTESIAN_POINT('',(0.,0.));
#7529 = VECTOR('',#7530,1.);
#7530 = DIRECTION('',(0.,1.));
#7531 = ( GEOMETRIC_REPRESENTATION_CONTEXT(2) 
PARAMETRIC_REPRESENTATION_CONTEXT() REPRESENTATION_CONTEXT('2D SPACE',''
  ) );
#7532 = PCURVE('',#7502,#7533);
#7533 = DEFINITIONAL_REPRESENTATION('',(#7534),#7538);
#7534 = LINE('',#7535,#7536);
#7535 = CARTESIAN_POINT('',(6.28318530718,0.));
#7536 = VECTOR('',#7537,1.);
#7537 = DIRECTION('',(0.,1.));
#7538 = ( GEOMETRIC_REPRESENTATION_CONTEXT(2) 
PARAMETRIC_REPRESENTATION_CONTEXT() REPRESENTATION_CONTEXT('2D SPACE',''
  ) );
#7539 = ORIENTED_EDGE('',*,*,#7481,.T.);
#7540 = ORIENTED_EDGE('',*,*,#7517,.T.);
#7541 = ORIENTED_EDGE('',*,*,#7542,.F.);
#7542 = EDGE_CURVE('',#7518,#7518,#7543,.T.);
#7543 = SURFACE_CURVE('',#7544,(#7549,#7556),.PCURVE_S1.);
#7544 = CIRCLE('',#7545,0.218743454402);
#7545 = AXIS2_PLACEMENT_3D('',#7546,#7547,#7548);
#7546 = CARTESIAN_POINT('',(1.128000177946,1.000000003408,0.75));
#7547 = DIRECTION('',(-5.727847290677E-10,5.882726077576E-10,-1.));
#7548 = DIRECTION('',(-7.948605400881E-36,-1.,-5.882726077576E-10));
#7549 = PCURVE('',#7502,#7550);
#7550 = DEFINITIONAL_REPRESENTATION('',(#7551),#7555);
#7551 = LINE('',#7552,#7553);
#7552 = CARTESIAN_POINT('',(0.,0.25));
#7553 = VECTOR('',#7554,1.);
#7554 = DIRECTION('',(1.,0.));
#7555 = ( GEOMETRIC_REPRESENTATION_CONTEXT(2) 
PARAMETRIC_REPRESENTATION_CONTEXT() REPRESENTATION_CONTEXT('2D SPACE',''
  ) );
#7556 = PCURVE('',#7557,#7562);
#7557 = PLANE('',#7558);
#7558 = AXIS2_PLACEMENT_3D('',#7559,#7560,#7561);
#7559 = CARTESIAN_POINT('',(1.128000005252,1.000000007451,0.75));
#7560 = DIRECTION('',(0.,0.,1.));
#7561 = DIRECTION('',(1.,0.,-0.));
#7562 = DEFINITIONAL_REPRESENTATION('',(#7563),#7571);
#7563 = ( BOUNDED_CURVE() B_SPLINE_CURVE(2,(#7564,#7565,#7566,#7567,
#7568,#7569,#7570),.UNSPECIFIED.,.T.,.F.) B_SPLINE_CURVE_WITH_KNOTS((1,2
    ,2,2,2,1),(-2.094395102393,0.,2.094395102393,4.188790204786,
6.28318530718,8.377580409573),.UNSPECIFIED.) CURVE() 
GEOMETRIC_REPRESENTATION_ITEM() RATIONAL_B_SPLINE_CURVE((1.,0.5,1.,0.5,
1.,0.5,1.)) REPRESENTATION_ITEM('') );
#7564 = CARTESIAN_POINT('',(1.726940406233E-07,-0.218743458445));
#7565 = CARTESIAN_POINT('',(-0.378874604154,-0.218743458445));
#7566 = CARTESIAN_POINT('',(-0.18943721573,0.109371723159));
#7567 = CARTESIAN_POINT('',(1.726940405697E-07,0.437486904762));
#7568 = CARTESIAN_POINT('',(0.189437561118,0.109371723159));
#7569 = CARTESIAN_POINT('',(0.378874949542,-0.218743458445));
#7570 = CARTESIAN_POINT('',(1.726940406233E-07,-0.218743458445));
#7571 = ( GEOMETRIC_REPRESENTATION_CONTEXT(2) 
PARAMETRIC_REPRESENTATION_CONTEXT() REPRESENTATION_CONTEXT('2D SPACE',''
  ) );
#7572 = ADVANCED_FACE('',(#7573,#7576),#7557,.T.);
#7573 = FACE_BOUND('',#7574,.F.);
#7574 = EDGE_LOOP('',(#7575));
#7575 = ORIENTED_EDGE('',*,*,#7542,.T.);
#7576 = FACE_BOUND('',#7577,.T.);
#7577 = EDGE_LOOP('',(#7578));
#7578 = ORIENTED_EDGE('',*,*,#7579,.F.);
#7579 = EDGE_CURVE('',#7580,#7580,#7582,.T.);
#7580 = VERTEX_POINT('',#7581);
#7581 = CARTESIAN_POINT('',(1.261000019364,1.000000005579,0.75));
#7582 = SURFACE_CURVE('',#7583,(#7588,#7595),.PCURVE_S1.);
#7583 = CIRCLE('',#7584,0.132999998583);
#7584 = AXIS2_PLACEMENT_3D('',#7585,#7586,#7587);
#7585 = CARTESIAN_POINT('',(1.128000020781,1.000000005579,0.75));
#7586 = DIRECTION('',(0.,0.,1.));
#7587 = DIRECTION('',(1.,0.,-0.));
#7588 = PCURVE('',#7557,#7589);
#7589 = DEFINITIONAL_REPRESENTATION('',(#7590),#7594);
#7590 = CIRCLE('',#7591,0.132999998583);
#7591 = AXIS2_PLACEMENT_2D('',#7592,#7593);
#7592 = CARTESIAN_POINT('',(1.552930539717E-08,-1.871608645843E-09));
#7593 = DIRECTION('',(1.,0.));
#7594 = ( GEOMETRIC_REPRESENTATION_CONTEXT(2) 
PARAMETRIC_REPRESENTATION_CONTEXT() REPRESENTATION_CONTEXT('2D SPACE',''
  ) );
#7595 = PCURVE('',#7596,#7601);
#7596 = CYLINDRICAL_SURFACE('',#7597,0.132999998583);
#7597 = AXIS2_PLACEMENT_3D('',#7598,#7599,#7600);
#7598 = CARTESIAN_POINT('',(1.128000020781,1.000000005579,0.));
#7599 = DIRECTION('',(0.,0.,1.));
#7600 = DIRECTION('',(1.,0.,-0.));
#7601 = DEFINITIONAL_REPRESENTATION('',(#7602),#7606);
#7602 = LINE('',#7603,#7604);
#7603 = CARTESIAN_POINT('',(0.,0.75));
#7604 = VECTOR('',#7605,1.);
#7605 = DIRECTION('',(1.,0.));
#7606 = ( GEOMETRIC_REPRESENTATION_CONTEXT(2) 
PARAMETRIC_REPRESENTATION_CONTEXT() REPRESENTATION_CONTEXT('2D SPACE',''
  ) );
#7607 = ADVANCED_FACE('',(#7608),#7596,.F.);
#7608 = FACE_BOUND('',#7609,.F.);
#7609 = EDGE_LOOP('',(#7610,#7633,#7660,#7661));
#7610 = ORIENTED_EDGE('',*,*,#7611,.F.);
#7611 = EDGE_CURVE('',#7612,#7580,#7614,.T.);
#7612 = VERTEX_POINT('',#7613);
#7613 = CARTESIAN_POINT('',(1.261000019364,1.000000005579,0.));
#7614 = SEAM_CURVE('',#7615,(#7619,#7626),.PCURVE_S1.);
#7615 = LINE('',#7616,#7617);
#7616 = CARTESIAN_POINT('',(1.261000019364,1.000000005579,0.));
#7617 = VECTOR('',#7618,1.);
#7618 = DIRECTION('',(0.,0.,1.));
#7619 = PCURVE('',#7596,#7620);
#7620 = DEFINITIONAL_REPRESENTATION('',(#7621),#7625);
#7621 = LINE('',#7622,#7623);
#7622 = CARTESIAN_POINT('',(0.,0.));
#7623 = VECTOR('',#7624,1.);
#7624 = DIRECTION('',(0.,1.));
#7625 = ( GEOMETRIC_REPRESENTATION_CONTEXT(2) 
PARAMETRIC_REPRESENTATION_CONTEXT() REPRESENTATION_CONTEXT('2D SPACE',''
  ) );
#7626 = PCURVE('',#7596,#7627);
#7627 = DEFINITIONAL_REPRESENTATION('',(#7628),#7632);
#7628 = LINE('',#7629,#7630);
#7629 = CARTESIAN_POINT('',(6.28318530718,0.));
#7630 = VECTOR('',#7631,1.);
#7631 = DIRECTION('',(0.,1.));
#7632 = ( GEOMETRIC_REPRESENTATION_CONTEXT(2) 
PARAMETRIC_REPRESENTATION_CONTEXT() REPRESENTATION_CONTEXT('2D SPACE',''
  ) );
#7633 = ORIENTED_EDGE('',*,*,#7634,.T.);
#7634 = EDGE_CURVE('',#7612,#7612,#7635,.T.);
#7635 = SURFACE_CURVE('',#7636,(#7641,#7648),.PCURVE_S1.);
#7636 = CIRCLE('',#7637,0.132999998583);
#7637 = AXIS2_PLACEMENT_3D('',#7638,#7639,#7640);
#7638 = CARTESIAN_POINT('',(1.128000020781,1.000000005579,0.));
#7639 = DIRECTION('',(0.,0.,1.));
#7640 = DIRECTION('',(1.,0.,-0.));
#7641 = PCURVE('',#7596,#7642);
#7642 = DEFINITIONAL_REPRESENTATION('',(#7643),#7647);
#7643 = LINE('',#7644,#7645);
#7644 = CARTESIAN_POINT('',(0.,0.));
#7645 = VECTOR('',#7646,1.);
#7646 = DIRECTION('',(1.,0.));
#7647 = ( GEOMETRIC_REPRESENTATION_CONTEXT(2) 
PARAMETRIC_REPRESENTATION_CONTEXT() REPRESENTATION_CONTEXT('2D SPACE',''
  ) );
#7648 = PCURVE('',#7649,#7654);
#7649 = PLANE('',#7650);
#7650 = AXIS2_PLACEMENT_3D('',#7651,#7652,#7653);
#7651 = CARTESIAN_POINT('',(-0.523487186997,-2.291346284059E-02,0.));
#7652 = DIRECTION('',(0.,0.,1.));
#7653 = DIRECTION('',(1.,0.,-0.));
#7654 = DEFINITIONAL_REPRESENTATION('',(#7655),#7659);
#7655 = CIRCLE('',#7656,0.132999998583);
#7656 = AXIS2_PLACEMENT_2D('',#7657,#7658);
#7657 = CARTESIAN_POINT('',(1.651487207778,1.02291346842));
#7658 = DIRECTION('',(1.,0.));
#7659 = ( GEOMETRIC_REPRESENTATION_CONTEXT(2) 
PARAMETRIC_REPRESENTATION_CONTEXT() REPRESENTATION_CONTEXT('2D SPACE',''
  ) );
#7660 = ORIENTED_EDGE('',*,*,#7611,.T.);
#7661 = ORIENTED_EDGE('',*,*,#7579,.F.);
#7662 = ADVANCED_FACE('',(#7663,#7762,#7793,#7824,#7855,#7858,#7889,
    #7920,#7951),#7649,.F.);
#7663 = FACE_BOUND('',#7664,.T.);
#7664 = EDGE_LOOP('',(#7665,#7690,#7713,#7741));
#7665 = ORIENTED_EDGE('',*,*,#7666,.F.);
#7666 = EDGE_CURVE('',#7667,#7669,#7671,.T.);
#7667 = VERTEX_POINT('',#7668);
#7668 = CARTESIAN_POINT('',(-2.5,1.25,0.));
#7669 = VERTEX_POINT('',#7670);
#7670 = CARTESIAN_POINT('',(-2.5,-1.25,0.));
#7671 = SURFACE_CURVE('',#7672,(#7676,#7683),.PCURVE_S1.);
#7672 = LINE('',#7673,#7674);
#7673 = CARTESIAN_POINT('',(-2.5,1.25,0.));
#7674 = VECTOR('',#7675,1.);
#7675 = DIRECTION('',(0.,-1.,0.));
#7676 = PCURVE('',#7649,#7677);
#7677 = DEFINITIONAL_REPRESENTATION('',(#7678),#7682);
#7678 = LINE('',#7679,#7680);
#7679 = CARTESIAN_POINT('',(-1.976512813003,1.272913462841));
#7680 = VECTOR('',#7681,1.);
#7681 = DIRECTION('',(0.,-1.));
#7682 = ( GEOMETRIC_REPRESENTATION_CONTEXT(2) 
PARAMETRIC_REPRESENTATION_CONTEXT() REPRESENTATION_CONTEXT('2D SPACE',''
  ) );
#7683 = PCURVE('',#6102,#7684);
#7684 = DEFINITIONAL_REPRESENTATION('',(#7685),#7689);
#7685 = LINE('',#7686,#7687);
#7686 = CARTESIAN_POINT('',(-0.583333333333,-1.393562505643));
#7687 = VECTOR('',#7688,1.);
#7688 = DIRECTION('',(0.,1.));
#7689 = ( GEOMETRIC_REPRESENTATION_CONTEXT(2) 
PARAMETRIC_REPRESENTATION_CONTEXT() REPRESENTATION_CONTEXT('2D SPACE',''
  ) );
#7690 = ORIENTED_EDGE('',*,*,#7691,.F.);
#7691 = EDGE_CURVE('',#7692,#7667,#7694,.T.);
#7692 = VERTEX_POINT('',#7693);
#7693 = CARTESIAN_POINT('',(2.,1.25,0.));
#7694 = SURFACE_CURVE('',#7695,(#7699,#7706),.PCURVE_S1.);
#7695 = LINE('',#7696,#7697);
#7696 = CARTESIAN_POINT('',(2.,1.25,0.));
#7697 = VECTOR('',#7698,1.);
#7698 = DIRECTION('',(-1.,0.,0.));
#7699 = PCURVE('',#7649,#7700);
#7700 = DEFINITIONAL_REPRESENTATION('',(#7701),#7705);
#7701 = LINE('',#7702,#7703);
#7702 = CARTESIAN_POINT('',(2.523487186997,1.272913462841));
#7703 = VECTOR('',#7704,1.);
#7704 = DIRECTION('',(-1.,0.));
#7705 = ( GEOMETRIC_REPRESENTATION_CONTEXT(2) 
PARAMETRIC_REPRESENTATION_CONTEXT() REPRESENTATION_CONTEXT('2D SPACE',''
  ) );
#7706 = PCURVE('',#6074,#7707);
#7707 = DEFINITIONAL_REPRESENTATION('',(#7708),#7712);
#7708 = LINE('',#7709,#7710);
#7709 = CARTESIAN_POINT('',(0.509999998808,2.404869998097));
#7710 = VECTOR('',#7711,1.);
#7711 = DIRECTION('',(-0.,-1.));
#7712 = ( GEOMETRIC_REPRESENTATION_CONTEXT(2) 
PARAMETRIC_REPRESENTATION_CONTEXT() REPRESENTATION_CONTEXT('2D SPACE',''
  ) );
#7713 = ORIENTED_EDGE('',*,*,#7714,.T.);
#7714 = EDGE_CURVE('',#7692,#7715,#7717,.T.);
#7715 = VERTEX_POINT('',#7716);
#7716 = CARTESIAN_POINT('',(2.,-1.25,0.));
#7717 = SURFACE_CURVE('',#7718,(#7722,#7729),.PCURVE_S1.);
#7718 = LINE('',#7719,#7720);
#7719 = CARTESIAN_POINT('',(2.,1.25,0.));
#7720 = VECTOR('',#7721,1.);
#7721 = DIRECTION('',(0.,-1.,0.));
#7722 = PCURVE('',#7649,#7723);
#7723 = DEFINITIONAL_REPRESENTATION('',(#7724),#7728);
#7724 = LINE('',#7725,#7726);
#7725 = CARTESIAN_POINT('',(2.523487186997,1.272913462841));
#7726 = VECTOR('',#7727,1.);
#7727 = DIRECTION('',(0.,-1.));
#7728 = ( GEOMETRIC_REPRESENTATION_CONTEXT(2) 
PARAMETRIC_REPRESENTATION_CONTEXT() REPRESENTATION_CONTEXT('2D SPACE',''
  ) );
#7729 = PCURVE('',#7730,#7735);
#7730 = PLANE('',#7731);
#7731 = AXIS2_PLACEMENT_3D('',#7732,#7733,#7734);
#7732 = CARTESIAN_POINT('',(2.166666666667,-0.198583344618,
    0.166666666667));
#7733 = DIRECTION('',(-0.707106781187,0.,0.707106781187));
#7734 = DIRECTION('',(-0.707106781187,0.,-0.707106781187));
#7735 = DEFINITIONAL_REPRESENTATION('',(#7736),#7740);
#7736 = LINE('',#7737,#7738);
#7737 = CARTESIAN_POINT('',(0.235702260396,-1.448583344618));
#7738 = VECTOR('',#7739,1.);
#7739 = DIRECTION('',(-0.,1.));
#7740 = ( GEOMETRIC_REPRESENTATION_CONTEXT(2) 
PARAMETRIC_REPRESENTATION_CONTEXT() REPRESENTATION_CONTEXT('2D SPACE',''
  ) );
#7741 = ORIENTED_EDGE('',*,*,#7742,.F.);
#7742 = EDGE_CURVE('',#7669,#7715,#7743,.T.);
#7743 = SURFACE_CURVE('',#7744,(#7748,#7755),.PCURVE_S1.);
#7744 = LINE('',#7745,#7746);
#7745 = CARTESIAN_POINT('',(-2.5,-1.25,0.));
#7746 = VECTOR('',#7747,1.);
#7747 = DIRECTION('',(1.,0.,0.));
#7748 = PCURVE('',#7649,#7749);
#7749 = DEFINITIONAL_REPRESENTATION('',(#7750),#7754);
#7750 = LINE('',#7751,#7752);
#7751 = CARTESIAN_POINT('',(-1.976512813003,-1.227086537159));
#7752 = VECTOR('',#7753,1.);
#7753 = DIRECTION('',(1.,0.));
#7754 = ( GEOMETRIC_REPRESENTATION_CONTEXT(2) 
PARAMETRIC_REPRESENTATION_CONTEXT() REPRESENTATION_CONTEXT('2D SPACE',''
  ) );
#7755 = PCURVE('',#6741,#7756);
#7756 = DEFINITIONAL_REPRESENTATION('',(#7757),#7761);
#7757 = LINE('',#7758,#7759);
#7758 = CARTESIAN_POINT('',(0.509999998808,-2.095130001903));
#7759 = VECTOR('',#7760,1.);
#7760 = DIRECTION('',(0.,1.));
#7761 = ( GEOMETRIC_REPRESENTATION_CONTEXT(2) 
PARAMETRIC_REPRESENTATION_CONTEXT() REPRESENTATION_CONTEXT('2D SPACE',''
  ) );
#7762 = FACE_BOUND('',#7763,.F.);
#7763 = EDGE_LOOP('',(#7764));
#7764 = ORIENTED_EDGE('',*,*,#7765,.F.);
#7765 = EDGE_CURVE('',#7766,#7766,#7768,.T.);
#7766 = VERTEX_POINT('',#7767);
#7767 = CARTESIAN_POINT('',(-0.989000007678,1.000000005579,0.));
#7768 = SURFACE_CURVE('',#7769,(#7774,#7781),.PCURVE_S1.);
#7769 = CIRCLE('',#7770,0.133000006217);
#7770 = AXIS2_PLACEMENT_3D('',#7771,#7772,#7773);
#7771 = CARTESIAN_POINT('',(-1.122000013895,1.000000005579,0.));
#7772 = DIRECTION('',(0.,0.,1.));
#7773 = DIRECTION('',(1.,0.,-0.));
#7774 = PCURVE('',#7649,#7775);
#7775 = DEFINITIONAL_REPRESENTATION('',(#7776),#7780);
#7776 = CIRCLE('',#7777,0.133000006217);
#7777 = AXIS2_PLACEMENT_2D('',#7778,#7779);
#7778 = CARTESIAN_POINT('',(-0.598512826898,1.02291346842));
#7779 = DIRECTION('',(1.,0.));
#7780 = ( GEOMETRIC_REPRESENTATION_CONTEXT(2) 
PARAMETRIC_REPRESENTATION_CONTEXT() REPRESENTATION_CONTEXT('2D SPACE',''
  ) );
#7781 = PCURVE('',#7782,#7787);
#7782 = CYLINDRICAL_SURFACE('',#7783,0.133000006217);
#7783 = AXIS2_PLACEMENT_3D('',#7784,#7785,#7786);
#7784 = CARTESIAN_POINT('',(-1.122000013895,1.000000005579,0.));
#7785 = DIRECTION('',(0.,0.,1.));
#7786 = DIRECTION('',(1.,0.,-0.));
#7787 = DEFINITIONAL_REPRESENTATION('',(#7788),#7792);
#7788 = LINE('',#7789,#7790);
#7789 = CARTESIAN_POINT('',(0.,0.));
#7790 = VECTOR('',#7791,1.);
#7791 = DIRECTION('',(1.,0.));
#7792 = ( GEOMETRIC_REPRESENTATION_CONTEXT(2) 
PARAMETRIC_REPRESENTATION_CONTEXT() REPRESENTATION_CONTEXT('2D SPACE',''
  ) );
#7793 = FACE_BOUND('',#7794,.F.);
#7794 = EDGE_LOOP('',(#7795));
#7795 = ORIENTED_EDGE('',*,*,#7796,.F.);
#7796 = EDGE_CURVE('',#7797,#7797,#7799,.T.);
#7797 = VERTEX_POINT('',#7798);
#7798 = CARTESIAN_POINT('',(-0.989000007678,-1.000000005579,0.));
#7799 = SURFACE_CURVE('',#7800,(#7805,#7812),.PCURVE_S1.);
#7800 = CIRCLE('',#7801,0.133000006217);
#7801 = AXIS2_PLACEMENT_3D('',#7802,#7803,#7804);
#7802 = CARTESIAN_POINT('',(-1.122000013895,-1.000000005579,0.));
#7803 = DIRECTION('',(0.,0.,1.));
#7804 = DIRECTION('',(1.,0.,-0.));
#7805 = PCURVE('',#7649,#7806);
#7806 = DEFINITIONAL_REPRESENTATION('',(#7807),#7811);
#7807 = CIRCLE('',#7808,0.133000006217);
#7808 = AXIS2_PLACEMENT_2D('',#7809,#7810);
#7809 = CARTESIAN_POINT('',(-0.598512826898,-0.977086542738));
#7810 = DIRECTION('',(1.,0.));
#7811 = ( GEOMETRIC_REPRESENTATION_CONTEXT(2) 
PARAMETRIC_REPRESENTATION_CONTEXT() REPRESENTATION_CONTEXT('2D SPACE',''
  ) );
#7812 = PCURVE('',#7813,#7818);
#7813 = CYLINDRICAL_SURFACE('',#7814,0.133000006217);
#7814 = AXIS2_PLACEMENT_3D('',#7815,#7816,#7817);
#7815 = CARTESIAN_POINT('',(-1.122000013895,-1.000000005579,0.));
#7816 = DIRECTION('',(0.,0.,1.));
#7817 = DIRECTION('',(1.,0.,-0.));
#7818 = DEFINITIONAL_REPRESENTATION('',(#7819),#7823);
#7819 = LINE('',#7820,#7821);
#7820 = CARTESIAN_POINT('',(0.,0.));
#7821 = VECTOR('',#7822,1.);
#7822 = DIRECTION('',(1.,0.));
#7823 = ( GEOMETRIC_REPRESENTATION_CONTEXT(2) 
PARAMETRIC_REPRESENTATION_CONTEXT() REPRESENTATION_CONTEXT('2D SPACE',''
  ) );
#7824 = FACE_BOUND('',#7825,.F.);
#7825 = EDGE_LOOP('',(#7826));
#7826 = ORIENTED_EDGE('',*,*,#7827,.F.);
#7827 = EDGE_CURVE('',#7828,#7828,#7830,.T.);
#7828 = VERTEX_POINT('',#7829);
#7829 = CARTESIAN_POINT('',(1.128000020781,-0.867000006996,
    2.466582027986E-17));
#7830 = SURFACE_CURVE('',#7831,(#7836,#7843),.PCURVE_S1.);
#7831 = CIRCLE('',#7832,0.132999998583);
#7832 = AXIS2_PLACEMENT_3D('',#7833,#7834,#7835);
#7833 = CARTESIAN_POINT('',(1.128000020781,-1.000000005579,0.));
#7834 = DIRECTION('',(1.164210576391E-16,-1.854572973132E-16,1.));
#7835 = DIRECTION('',(4.928115843782E-49,1.,1.854572973132E-16));
#7836 = PCURVE('',#7649,#7837);
#7837 = DEFINITIONAL_REPRESENTATION('',(#7838),#7842);
#7838 = CIRCLE('',#7839,0.132999998583);
#7839 = AXIS2_PLACEMENT_2D('',#7840,#7841);
#7840 = CARTESIAN_POINT('',(1.651487207778,-0.977086542738));
#7841 = DIRECTION('',(4.928115843782E-49,1.));
#7842 = ( GEOMETRIC_REPRESENTATION_CONTEXT(2) 
PARAMETRIC_REPRESENTATION_CONTEXT() REPRESENTATION_CONTEXT('2D SPACE',''
  ) );
#7843 = PCURVE('',#7844,#7849);
#7844 = CYLINDRICAL_SURFACE('',#7845,0.132999998583);
#7845 = AXIS2_PLACEMENT_3D('',#7846,#7847,#7848);
#7846 = CARTESIAN_POINT('',(1.128000020781,-1.000000005579,0.));
#7847 = DIRECTION('',(1.164210576391E-16,-1.854572973132E-16,1.));
#7848 = DIRECTION('',(0.,1.,1.854572973132E-16));
#7849 = DEFINITIONAL_REPRESENTATION('',(#7850),#7854);
#7850 = LINE('',#7851,#7852);
#7851 = CARTESIAN_POINT('',(0.,0.));
#7852 = VECTOR('',#7853,1.);
#7853 = DIRECTION('',(1.,0.));
#7854 = ( GEOMETRIC_REPRESENTATION_CONTEXT(2) 
PARAMETRIC_REPRESENTATION_CONTEXT() REPRESENTATION_CONTEXT('2D SPACE',''
  ) );
#7855 = FACE_BOUND('',#7856,.F.);
#7856 = EDGE_LOOP('',(#7857));
#7857 = ORIENTED_EDGE('',*,*,#7634,.F.);
#7858 = FACE_BOUND('',#7859,.F.);
#7859 = EDGE_LOOP('',(#7860));
#7860 = ORIENTED_EDGE('',*,*,#7861,.F.);
#7861 = EDGE_CURVE('',#7862,#7862,#7864,.T.);
#7862 = VERTEX_POINT('',#7863);
#7863 = CARTESIAN_POINT('',(3.000002148224E-03,-0.867000009981,
    4.411303346261E-18));
#7864 = SURFACE_CURVE('',#7865,(#7870,#7877),.PCURVE_S1.);
#7865 = CIRCLE('',#7866,0.132999995598);
#7866 = AXIS2_PLACEMENT_3D('',#7867,#7868,#7869);
#7867 = CARTESIAN_POINT('',(3.000002148224E-03,-1.000000005579,0.));
#7868 = DIRECTION('',(2.614964666886E-18,-3.316769543047E-17,1.));
#7869 = DIRECTION('',(4.86073332707E-51,1.,3.316769543047E-17));
#7870 = PCURVE('',#7649,#7871);
#7871 = DEFINITIONAL_REPRESENTATION('',(#7872),#7876);
#7872 = CIRCLE('',#7873,0.132999995598);
#7873 = AXIS2_PLACEMENT_2D('',#7874,#7875);
#7874 = CARTESIAN_POINT('',(0.526487189145,-0.977086542738));
#7875 = DIRECTION('',(4.86073332707E-51,1.));
#7876 = ( GEOMETRIC_REPRESENTATION_CONTEXT(2) 
PARAMETRIC_REPRESENTATION_CONTEXT() REPRESENTATION_CONTEXT('2D SPACE',''
  ) );
#7877 = PCURVE('',#7878,#7883);
#7878 = CYLINDRICAL_SURFACE('',#7879,0.132999995598);
#7879 = AXIS2_PLACEMENT_3D('',#7880,#7881,#7882);
#7880 = CARTESIAN_POINT('',(3.000002148224E-03,-1.000000005579,0.));
#7881 = DIRECTION('',(2.614964666886E-18,-3.316769543047E-17,1.));
#7882 = DIRECTION('',(0.,1.,3.316769543047E-17));
#7883 = DEFINITIONAL_REPRESENTATION('',(#7884),#7888);
#7884 = LINE('',#7885,#7886);
#7885 = CARTESIAN_POINT('',(0.,0.));
#7886 = VECTOR('',#7887,1.);
#7887 = DIRECTION('',(1.,0.));
#7888 = ( GEOMETRIC_REPRESENTATION_CONTEXT(2) 
PARAMETRIC_REPRESENTATION_CONTEXT() REPRESENTATION_CONTEXT('2D SPACE',''
  ) );
#7889 = FACE_BOUND('',#7890,.F.);
#7890 = EDGE_LOOP('',(#7891));
#7891 = ORIENTED_EDGE('',*,*,#7892,.F.);
#7892 = EDGE_CURVE('',#7893,#7893,#7895,.T.);
#7893 = VERTEX_POINT('',#7894);
#7894 = CARTESIAN_POINT('',(0.135999997747,1.000000005579,0.));
#7895 = SURFACE_CURVE('',#7896,(#7901,#7908),.PCURVE_S1.);
#7896 = CIRCLE('',#7897,0.132999995598);
#7897 = AXIS2_PLACEMENT_3D('',#7898,#7899,#7900);
#7898 = CARTESIAN_POINT('',(3.000002148224E-03,1.000000005579,0.));
#7899 = DIRECTION('',(0.,0.,1.));
#7900 = DIRECTION('',(1.,0.,-0.));
#7901 = PCURVE('',#7649,#7902);
#7902 = DEFINITIONAL_REPRESENTATION('',(#7903),#7907);
#7903 = CIRCLE('',#7904,0.132999995598);
#7904 = AXIS2_PLACEMENT_2D('',#7905,#7906);
#7905 = CARTESIAN_POINT('',(0.526487189145,1.02291346842));
#7906 = DIRECTION('',(1.,0.));
#7907 = ( GEOMETRIC_REPRESENTATION_CONTEXT(2) 
PARAMETRIC_REPRESENTATION_CONTEXT() REPRESENTATION_CONTEXT('2D SPACE',''
  ) );
#7908 = PCURVE('',#7909,#7914);
#7909 = CYLINDRICAL_SURFACE('',#7910,0.132999995598);
#7910 = AXIS2_PLACEMENT_3D('',#7911,#7912,#7913);
#7911 = CARTESIAN_POINT('',(3.000002148224E-03,1.000000005579,0.));
#7912 = DIRECTION('',(0.,0.,1.));
#7913 = DIRECTION('',(1.,0.,-0.));
#7914 = DEFINITIONAL_REPRESENTATION('',(#7915),#7919);
#7915 = LINE('',#7916,#7917);
#7916 = CARTESIAN_POINT('',(0.,0.));
#7917 = VECTOR('',#7918,1.);
#7918 = DIRECTION('',(1.,0.));
#7919 = ( GEOMETRIC_REPRESENTATION_CONTEXT(2) 
PARAMETRIC_REPRESENTATION_CONTEXT() REPRESENTATION_CONTEXT('2D SPACE',''
  ) );
#7920 = FACE_BOUND('',#7921,.F.);
#7921 = EDGE_LOOP('',(#7922));
#7922 = ORIENTED_EDGE('',*,*,#7923,.F.);
#7923 = EDGE_CURVE('',#7924,#7924,#7926,.T.);
#7924 = VERTEX_POINT('',#7925);
#7925 = CARTESIAN_POINT('',(-2.247000049569,-0.867000026188,
    -1.604959436978E-16));
#7926 = SURFACE_CURVE('',#7927,(#7932,#7939),.PCURVE_S1.);
#7927 = CIRCLE('',#7928,0.132999979391);
#7928 = AXIS2_PLACEMENT_3D('',#7929,#7930,#7931);
#7929 = CARTESIAN_POINT('',(-2.247000049569,-1.000000005579,0.));
#7930 = DIRECTION('',(-9.696929846461E-16,1.20673660577E-15,1.));
#7931 = DIRECTION('',(-7.307822780653E-47,1.,-1.20673660577E-15));
#7932 = PCURVE('',#7649,#7933);
#7933 = DEFINITIONAL_REPRESENTATION('',(#7934),#7938);
#7934 = CIRCLE('',#7935,0.132999979391);
#7935 = AXIS2_PLACEMENT_2D('',#7936,#7937);
#7936 = CARTESIAN_POINT('',(-1.723512862573,-0.977086542738));
#7937 = DIRECTION('',(-7.307822780653E-47,1.));
#7938 = ( GEOMETRIC_REPRESENTATION_CONTEXT(2) 
PARAMETRIC_REPRESENTATION_CONTEXT() REPRESENTATION_CONTEXT('2D SPACE',''
  ) );
#7939 = PCURVE('',#7940,#7945);
#7940 = CYLINDRICAL_SURFACE('',#7941,0.132999979391);
#7941 = AXIS2_PLACEMENT_3D('',#7942,#7943,#7944);
#7942 = CARTESIAN_POINT('',(-2.247000049569,-1.000000005579,0.));
#7943 = DIRECTION('',(-9.696929846461E-16,1.20673660577E-15,1.));
#7944 = DIRECTION('',(0.,1.,-1.20673660577E-15));
#7945 = DEFINITIONAL_REPRESENTATION('',(#7946),#7950);
#7946 = LINE('',#7947,#7948);
#7947 = CARTESIAN_POINT('',(0.,0.));
#7948 = VECTOR('',#7949,1.);
#7949 = DIRECTION('',(1.,0.));
#7950 = ( GEOMETRIC_REPRESENTATION_CONTEXT(2) 
PARAMETRIC_REPRESENTATION_CONTEXT() REPRESENTATION_CONTEXT('2D SPACE',''
  ) );
#7951 = FACE_BOUND('',#7952,.F.);
#7952 = EDGE_LOOP('',(#7953));
#7953 = ORIENTED_EDGE('',*,*,#7954,.F.);
#7954 = EDGE_CURVE('',#7955,#7955,#7957,.T.);
#7955 = VERTEX_POINT('',#7956);
#7956 = CARTESIAN_POINT('',(-2.114000070178,1.000000005579,0.));
#7957 = SURFACE_CURVE('',#7958,(#7963,#7970),.PCURVE_S1.);
#7958 = CIRCLE('',#7959,0.132999979391);
#7959 = AXIS2_PLACEMENT_3D('',#7960,#7961,#7962);
#7960 = CARTESIAN_POINT('',(-2.247000049569,1.000000005579,0.));
#7961 = DIRECTION('',(0.,0.,1.));
#7962 = DIRECTION('',(1.,0.,-0.));
#7963 = PCURVE('',#7649,#7964);
#7964 = DEFINITIONAL_REPRESENTATION('',(#7965),#7969);
#7965 = CIRCLE('',#7966,0.132999979391);
#7966 = AXIS2_PLACEMENT_2D('',#7967,#7968);
#7967 = CARTESIAN_POINT('',(-1.723512862573,1.02291346842));
#7968 = DIRECTION('',(1.,0.));
#7969 = ( GEOMETRIC_REPRESENTATION_CONTEXT(2) 
PARAMETRIC_REPRESENTATION_CONTEXT() REPRESENTATION_CONTEXT('2D SPACE',''
  ) );
#7970 = PCURVE('',#7971,#7976);
#7971 = CYLINDRICAL_SURFACE('',#7972,0.132999979391);
#7972 = AXIS2_PLACEMENT_3D('',#7973,#7974,#7975);
#7973 = CARTESIAN_POINT('',(-2.247000049569,1.000000005579,0.));
#7974 = DIRECTION('',(0.,0.,1.));
#7975 = DIRECTION('',(1.,0.,-0.));
#7976 = DEFINITIONAL_REPRESENTATION('',(#7977),#7981);
#7977 = LINE('',#7978,#7979);
#7978 = CARTESIAN_POINT('',(0.,0.));
#7979 = VECTOR('',#7980,1.);
#7980 = DIRECTION('',(1.,0.));
#7981 = ( GEOMETRIC_REPRESENTATION_CONTEXT(2) 
PARAMETRIC_REPRESENTATION_CONTEXT() REPRESENTATION_CONTEXT('2D SPACE',''
  ) );
#7982 = ADVANCED_FACE('',(#7983),#7971,.F.);
#7983 = FACE_BOUND('',#7984,.F.);
#7984 = EDGE_LOOP('',(#7985,#8008,#8009,#8010));
#7985 = ORIENTED_EDGE('',*,*,#7986,.F.);
#7986 = EDGE_CURVE('',#7955,#7987,#7989,.T.);
#7987 = VERTEX_POINT('',#7988);
#7988 = CARTESIAN_POINT('',(-2.114000070178,1.000000005579,0.75));
#7989 = SEAM_CURVE('',#7990,(#7994,#8001),.PCURVE_S1.);
#7990 = LINE('',#7991,#7992);
#7991 = CARTESIAN_POINT('',(-2.114000070178,1.000000005579,0.));
#7992 = VECTOR('',#7993,1.);
#7993 = DIRECTION('',(0.,0.,1.));
#7994 = PCURVE('',#7971,#7995);
#7995 = DEFINITIONAL_REPRESENTATION('',(#7996),#8000);
#7996 = LINE('',#7997,#7998);
#7997 = CARTESIAN_POINT('',(0.,0.));
#7998 = VECTOR('',#7999,1.);
#7999 = DIRECTION('',(0.,1.));
#8000 = ( GEOMETRIC_REPRESENTATION_CONTEXT(2) 
PARAMETRIC_REPRESENTATION_CONTEXT() REPRESENTATION_CONTEXT('2D SPACE',''
  ) );
#8001 = PCURVE('',#7971,#8002);
#8002 = DEFINITIONAL_REPRESENTATION('',(#8003),#8007);
#8003 = LINE('',#8004,#8005);
#8004 = CARTESIAN_POINT('',(6.28318530718,0.));
#8005 = VECTOR('',#8006,1.);
#8006 = DIRECTION('',(0.,1.));
#8007 = ( GEOMETRIC_REPRESENTATION_CONTEXT(2) 
PARAMETRIC_REPRESENTATION_CONTEXT() REPRESENTATION_CONTEXT('2D SPACE',''
  ) );
#8008 = ORIENTED_EDGE('',*,*,#7954,.T.);
#8009 = ORIENTED_EDGE('',*,*,#7986,.T.);
#8010 = ORIENTED_EDGE('',*,*,#8011,.F.);
#8011 = EDGE_CURVE('',#7987,#7987,#8012,.T.);
#8012 = SURFACE_CURVE('',#8013,(#8018,#8025),.PCURVE_S1.);
#8013 = CIRCLE('',#8014,0.132999979391);
#8014 = AXIS2_PLACEMENT_3D('',#8015,#8016,#8017);
#8015 = CARTESIAN_POINT('',(-2.247000049569,1.000000005579,0.75));
#8016 = DIRECTION('',(0.,0.,1.));
#8017 = DIRECTION('',(1.,0.,-0.));
#8018 = PCURVE('',#7971,#8019);
#8019 = DEFINITIONAL_REPRESENTATION('',(#8020),#8024);
#8020 = LINE('',#8021,#8022);
#8021 = CARTESIAN_POINT('',(0.,0.75));
#8022 = VECTOR('',#8023,1.);
#8023 = DIRECTION('',(1.,0.));
#8024 = ( GEOMETRIC_REPRESENTATION_CONTEXT(2) 
PARAMETRIC_REPRESENTATION_CONTEXT() REPRESENTATION_CONTEXT('2D SPACE',''
  ) );
#8025 = PCURVE('',#8026,#8031);
#8026 = PLANE('',#8027);
#8027 = AXIS2_PLACEMENT_3D('',#8028,#8029,#8030);
#8028 = CARTESIAN_POINT('',(-2.247000018756,1.000000007451,0.75));
#8029 = DIRECTION('',(0.,0.,1.));
#8030 = DIRECTION('',(1.,0.,-0.));
#8031 = DEFINITIONAL_REPRESENTATION('',(#8032),#8036);
#8032 = CIRCLE('',#8033,0.132999979391);
#8033 = AXIS2_PLACEMENT_2D('',#8034,#8035);
#8034 = CARTESIAN_POINT('',(-3.081374977398E-08,-1.871595101122E-09));
#8035 = DIRECTION('',(1.,0.));
#8036 = ( GEOMETRIC_REPRESENTATION_CONTEXT(2) 
PARAMETRIC_REPRESENTATION_CONTEXT() REPRESENTATION_CONTEXT('2D SPACE',''
  ) );
#8037 = ADVANCED_FACE('',(#8038,#8064),#8026,.T.);
#8038 = FACE_BOUND('',#8039,.T.);
#8039 = EDGE_LOOP('',(#8040));
#8040 = ORIENTED_EDGE('',*,*,#8041,.T.);
#8041 = EDGE_CURVE('',#8042,#8042,#8044,.T.);
#8042 = VERTEX_POINT('',#8043);
#8043 = CARTESIAN_POINT('',(-2.028249969856,1.000000004898,0.75));
#8044 = SURFACE_CURVE('',#8045,(#8050,#8057),.PCURVE_S1.);
#8045 = CIRCLE('',#8046,0.218750020109);
#8046 = AXIS2_PLACEMENT_3D('',#8047,#8048,#8049);
#8047 = CARTESIAN_POINT('',(-2.246999989965,1.000000004898,0.75));
#8048 = DIRECTION('',(0.,0.,1.));
#8049 = DIRECTION('',(1.,0.,-0.));
#8050 = PCURVE('',#8026,#8051);
#8051 = DEFINITIONAL_REPRESENTATION('',(#8052),#8056);
#8052 = CIRCLE('',#8053,0.218750020109);
#8053 = AXIS2_PLACEMENT_2D('',#8054,#8055);
#8054 = CARTESIAN_POINT('',(2.879099536557E-08,-2.552875022488E-09));
#8055 = DIRECTION('',(1.,0.));
#8056 = ( GEOMETRIC_REPRESENTATION_CONTEXT(2) 
PARAMETRIC_REPRESENTATION_CONTEXT() REPRESENTATION_CONTEXT('2D SPACE',''
  ) );
#8057 = PCURVE('',#7312,#8058);
#8058 = DEFINITIONAL_REPRESENTATION('',(#8059),#8063);
#8059 = LINE('',#8060,#8061);
#8060 = CARTESIAN_POINT('',(0.,0.));
#8061 = VECTOR('',#8062,1.);
#8062 = DIRECTION('',(1.,0.));
#8063 = ( GEOMETRIC_REPRESENTATION_CONTEXT(2) 
PARAMETRIC_REPRESENTATION_CONTEXT() REPRESENTATION_CONTEXT('2D SPACE',''
  ) );
#8064 = FACE_BOUND('',#8065,.T.);
#8065 = EDGE_LOOP('',(#8066));
#8066 = ORIENTED_EDGE('',*,*,#8011,.F.);
#8067 = ADVANCED_FACE('',(#8068),#7940,.F.);
#8068 = FACE_BOUND('',#8069,.F.);
#8069 = EDGE_LOOP('',(#8070,#8093,#8094,#8095));
#8070 = ORIENTED_EDGE('',*,*,#8071,.F.);
#8071 = EDGE_CURVE('',#7924,#8072,#8074,.T.);
#8072 = VERTEX_POINT('',#8073);
#8073 = CARTESIAN_POINT('',(-2.247000049569,-0.867000026188,0.75));
#8074 = SEAM_CURVE('',#8075,(#8079,#8086),.PCURVE_S1.);
#8075 = LINE('',#8076,#8077);
#8076 = CARTESIAN_POINT('',(-2.247000049569,-0.867000026188,
    -1.604959436978E-16));
#8077 = VECTOR('',#8078,1.);
#8078 = DIRECTION('',(-9.696929846461E-16,1.20673660577E-15,1.));
#8079 = PCURVE('',#7940,#8080);
#8080 = DEFINITIONAL_REPRESENTATION('',(#8081),#8085);
#8081 = LINE('',#8082,#8083);
#8082 = CARTESIAN_POINT('',(0.,0.));
#8083 = VECTOR('',#8084,1.);
#8084 = DIRECTION('',(0.,1.));
#8085 = ( GEOMETRIC_REPRESENTATION_CONTEXT(2) 
PARAMETRIC_REPRESENTATION_CONTEXT() REPRESENTATION_CONTEXT('2D SPACE',''
  ) );
#8086 = PCURVE('',#7940,#8087);
#8087 = DEFINITIONAL_REPRESENTATION('',(#8088),#8092);
#8088 = LINE('',#8089,#8090);
#8089 = CARTESIAN_POINT('',(6.28318530718,0.));
#8090 = VECTOR('',#8091,1.);
#8091 = DIRECTION('',(0.,1.));
#8092 = ( GEOMETRIC_REPRESENTATION_CONTEXT(2) 
PARAMETRIC_REPRESENTATION_CONTEXT() REPRESENTATION_CONTEXT('2D SPACE',''
  ) );
#8093 = ORIENTED_EDGE('',*,*,#7923,.T.);
#8094 = ORIENTED_EDGE('',*,*,#8071,.T.);
#8095 = ORIENTED_EDGE('',*,*,#8096,.F.);
#8096 = EDGE_CURVE('',#8072,#8072,#8097,.T.);
#8097 = SURFACE_CURVE('',#8098,(#8103,#8110),.PCURVE_S1.);
#8098 = CIRCLE('',#8099,0.132999979391);
#8099 = AXIS2_PLACEMENT_3D('',#8100,#8101,#8102);
#8100 = CARTESIAN_POINT('',(-2.247000049569,-1.000000005579,0.75));
#8101 = DIRECTION('',(-9.696929846461E-16,1.20673660577E-15,1.));
#8102 = DIRECTION('',(-7.307822780653E-47,1.,-1.20673660577E-15));
#8103 = PCURVE('',#7940,#8104);
#8104 = DEFINITIONAL_REPRESENTATION('',(#8105),#8109);
#8105 = LINE('',#8106,#8107);
#8106 = CARTESIAN_POINT('',(0.,0.75));
#8107 = VECTOR('',#8108,1.);
#8108 = DIRECTION('',(1.,0.));
#8109 = ( GEOMETRIC_REPRESENTATION_CONTEXT(2) 
PARAMETRIC_REPRESENTATION_CONTEXT() REPRESENTATION_CONTEXT('2D SPACE',''
  ) );
#8110 = PCURVE('',#8111,#8116);
#8111 = PLANE('',#8112);
#8112 = AXIS2_PLACEMENT_3D('',#8113,#8114,#8115);
#8113 = CARTESIAN_POINT('',(-2.247000018756,-1.000000007451,0.75));
#8114 = DIRECTION('',(0.,0.,1.));
#8115 = DIRECTION('',(1.,0.,-0.));
#8116 = DEFINITIONAL_REPRESENTATION('',(#8117),#8121);
#8117 = CIRCLE('',#8118,0.132999979391);
#8118 = AXIS2_PLACEMENT_2D('',#8119,#8120);
#8119 = CARTESIAN_POINT('',(-3.081366983793E-08,1.871597987702E-09));
#8120 = DIRECTION('',(-7.307822780653E-47,1.));
#8121 = ( GEOMETRIC_REPRESENTATION_CONTEXT(2) 
PARAMETRIC_REPRESENTATION_CONTEXT() REPRESENTATION_CONTEXT('2D SPACE',''
  ) );
#8122 = ADVANCED_FACE('',(#8123,#8149),#8111,.T.);
#8123 = FACE_BOUND('',#8124,.T.);
#8124 = EDGE_LOOP('',(#8125));
#8125 = ORIENTED_EDGE('',*,*,#8126,.T.);
#8126 = EDGE_CURVE('',#8127,#8127,#8129,.T.);
#8127 = VERTEX_POINT('',#8128);
#8128 = CARTESIAN_POINT('',(-2.028249969856,-1.000000004898,0.75));
#8129 = SURFACE_CURVE('',#8130,(#8135,#8142),.PCURVE_S1.);
#8130 = CIRCLE('',#8131,0.218750020109);
#8131 = AXIS2_PLACEMENT_3D('',#8132,#8133,#8134);
#8132 = CARTESIAN_POINT('',(-2.246999989965,-1.000000004898,0.75));
#8133 = DIRECTION('',(0.,0.,1.));
#8134 = DIRECTION('',(1.,0.,-0.));
#8135 = PCURVE('',#8111,#8136);
#8136 = DEFINITIONAL_REPRESENTATION('',(#8137),#8141);
#8137 = CIRCLE('',#8138,0.218750020109);
#8138 = AXIS2_PLACEMENT_2D('',#8139,#8140);
#8139 = CARTESIAN_POINT('',(2.879099536557E-08,2.552875022488E-09));
#8140 = DIRECTION('',(1.,0.));
#8141 = ( GEOMETRIC_REPRESENTATION_CONTEXT(2) 
PARAMETRIC_REPRESENTATION_CONTEXT() REPRESENTATION_CONTEXT('2D SPACE',''
  ) );
#8142 = PCURVE('',#7281,#8143);
#8143 = DEFINITIONAL_REPRESENTATION('',(#8144),#8148);
#8144 = LINE('',#8145,#8146);
#8145 = CARTESIAN_POINT('',(0.,0.));
#8146 = VECTOR('',#8147,1.);
#8147 = DIRECTION('',(1.,0.));
#8148 = ( GEOMETRIC_REPRESENTATION_CONTEXT(2) 
PARAMETRIC_REPRESENTATION_CONTEXT() REPRESENTATION_CONTEXT('2D SPACE',''
  ) );
#8149 = FACE_BOUND('',#8150,.T.);
#8150 = EDGE_LOOP('',(#8151));
#8151 = ORIENTED_EDGE('',*,*,#8096,.F.);
#8152 = ADVANCED_FACE('',(#8153),#7909,.F.);
#8153 = FACE_BOUND('',#8154,.F.);
#8154 = EDGE_LOOP('',(#8155,#8178,#8179,#8180));
#8155 = ORIENTED_EDGE('',*,*,#8156,.F.);
#8156 = EDGE_CURVE('',#7893,#8157,#8159,.T.);
#8157 = VERTEX_POINT('',#8158);
#8158 = CARTESIAN_POINT('',(0.135999997747,1.000000005579,0.75));
#8159 = SEAM_CURVE('',#8160,(#8164,#8171),.PCURVE_S1.);
#8160 = LINE('',#8161,#8162);
#8161 = CARTESIAN_POINT('',(0.135999997747,1.000000005579,0.));
#8162 = VECTOR('',#8163,1.);
#8163 = DIRECTION('',(0.,0.,1.));
#8164 = PCURVE('',#7909,#8165);
#8165 = DEFINITIONAL_REPRESENTATION('',(#8166),#8170);
#8166 = LINE('',#8167,#8168);
#8167 = CARTESIAN_POINT('',(0.,0.));
#8168 = VECTOR('',#8169,1.);
#8169 = DIRECTION('',(0.,1.));
#8170 = ( GEOMETRIC_REPRESENTATION_CONTEXT(2) 
PARAMETRIC_REPRESENTATION_CONTEXT() REPRESENTATION_CONTEXT('2D SPACE',''
  ) );
#8171 = PCURVE('',#7909,#8172);
#8172 = DEFINITIONAL_REPRESENTATION('',(#8173),#8177);
#8173 = LINE('',#8174,#8175);
#8174 = CARTESIAN_POINT('',(6.28318530718,0.));
#8175 = VECTOR('',#8176,1.);
#8176 = DIRECTION('',(0.,1.));
#8177 = ( GEOMETRIC_REPRESENTATION_CONTEXT(2) 
PARAMETRIC_REPRESENTATION_CONTEXT() REPRESENTATION_CONTEXT('2D SPACE',''
  ) );
#8178 = ORIENTED_EDGE('',*,*,#7892,.T.);
#8179 = ORIENTED_EDGE('',*,*,#8156,.T.);
#8180 = ORIENTED_EDGE('',*,*,#8181,.F.);
#8181 = EDGE_CURVE('',#8157,#8157,#8182,.T.);
#8182 = SURFACE_CURVE('',#8183,(#8188,#8195),.PCURVE_S1.);
#8183 = CIRCLE('',#8184,0.132999995598);
#8184 = AXIS2_PLACEMENT_3D('',#8185,#8186,#8187);
#8185 = CARTESIAN_POINT('',(3.000002148224E-03,1.000000005579,0.75));
#8186 = DIRECTION('',(0.,0.,1.));
#8187 = DIRECTION('',(1.,0.,-0.));
#8188 = PCURVE('',#7909,#8189);
#8189 = DEFINITIONAL_REPRESENTATION('',(#8190),#8194);
#8190 = LINE('',#8191,#8192);
#8191 = CARTESIAN_POINT('',(0.,0.75));
#8192 = VECTOR('',#8193,1.);
#8193 = DIRECTION('',(1.,0.));
#8194 = ( GEOMETRIC_REPRESENTATION_CONTEXT(2) 
PARAMETRIC_REPRESENTATION_CONTEXT() REPRESENTATION_CONTEXT('2D SPACE',''
  ) );
#8195 = PCURVE('',#8196,#8201);
#8196 = PLANE('',#8197);
#8197 = AXIS2_PLACEMENT_3D('',#8198,#8199,#8200);
#8198 = CARTESIAN_POINT('',(2.999999327585E-03,1.000000007451,0.75));
#8199 = DIRECTION('',(0.,0.,1.));
#8200 = DIRECTION('',(1.,0.,-0.));
#8201 = DEFINITIONAL_REPRESENTATION('',(#8202),#8206);
#8202 = CIRCLE('',#8203,0.132999995598);
#8203 = AXIS2_PLACEMENT_2D('',#8204,#8205);
#8204 = CARTESIAN_POINT('',(2.820638816264E-09,-1.87160464904E-09));
#8205 = DIRECTION('',(1.,0.));
#8206 = ( GEOMETRIC_REPRESENTATION_CONTEXT(2) 
PARAMETRIC_REPRESENTATION_CONTEXT() REPRESENTATION_CONTEXT('2D SPACE',''
  ) );
#8207 = ADVANCED_FACE('',(#8208,#8234),#8196,.T.);
#8208 = FACE_BOUND('',#8209,.T.);
#8209 = EDGE_LOOP('',(#8210));
#8210 = ORIENTED_EDGE('',*,*,#8211,.T.);
#8211 = EDGE_CURVE('',#8212,#8212,#8214,.T.);
#8212 = VERTEX_POINT('',#8213);
#8213 = CARTESIAN_POINT('',(0.221749995966,1.000000004898,0.75));
#8214 = SURFACE_CURVE('',#8215,(#8220,#8227),.PCURVE_S1.);
#8215 = CIRCLE('',#8216,0.218750000536);
#8216 = AXIS2_PLACEMENT_3D('',#8217,#8218,#8219);
#8217 = CARTESIAN_POINT('',(2.999995430055E-03,1.000000004898,0.75));
#8218 = DIRECTION('',(-1.641232197626E-15,4.577899149205E-16,1.));
#8219 = DIRECTION('',(1.,0.,1.641232197626E-15));
#8220 = PCURVE('',#8196,#8221);
#8221 = DEFINITIONAL_REPRESENTATION('',(#8222),#8226);
#8222 = CIRCLE('',#8223,0.218750000536);
#8223 = AXIS2_PLACEMENT_2D('',#8224,#8225);
#8224 = CARTESIAN_POINT('',(-3.897529824923E-09,-2.552878797246E-09));
#8225 = DIRECTION('',(1.,0.));
#8226 = ( GEOMETRIC_REPRESENTATION_CONTEXT(2) 
PARAMETRIC_REPRESENTATION_CONTEXT() REPRESENTATION_CONTEXT('2D SPACE',''
  ) );
#8227 = PCURVE('',#7436,#8228);
#8228 = DEFINITIONAL_REPRESENTATION('',(#8229),#8233);
#8229 = LINE('',#8230,#8231);
#8230 = CARTESIAN_POINT('',(0.,0.));
#8231 = VECTOR('',#8232,1.);
#8232 = DIRECTION('',(1.,0.));
#8233 = ( GEOMETRIC_REPRESENTATION_CONTEXT(2) 
PARAMETRIC_REPRESENTATION_CONTEXT() REPRESENTATION_CONTEXT('2D SPACE',''
  ) );
#8234 = FACE_BOUND('',#8235,.T.);
#8235 = EDGE_LOOP('',(#8236));
#8236 = ORIENTED_EDGE('',*,*,#8181,.F.);
#8237 = ADVANCED_FACE('',(#8238),#7878,.F.);
#8238 = FACE_BOUND('',#8239,.F.);
#8239 = EDGE_LOOP('',(#8240,#8263,#8264,#8265));
#8240 = ORIENTED_EDGE('',*,*,#8241,.F.);
#8241 = EDGE_CURVE('',#7862,#8242,#8244,.T.);
#8242 = VERTEX_POINT('',#8243);
#8243 = CARTESIAN_POINT('',(3.000002148224E-03,-0.867000009981,0.75));
#8244 = SEAM_CURVE('',#8245,(#8249,#8256),.PCURVE_S1.);
#8245 = LINE('',#8246,#8247);
#8246 = CARTESIAN_POINT('',(3.000002148224E-03,-0.867000009981,
    4.411303346261E-18));
#8247 = VECTOR('',#8248,1.);
#8248 = DIRECTION('',(2.614964666886E-18,-3.316769543047E-17,1.));
#8249 = PCURVE('',#7878,#8250);
#8250 = DEFINITIONAL_REPRESENTATION('',(#8251),#8255);
#8251 = LINE('',#8252,#8253);
#8252 = CARTESIAN_POINT('',(0.,0.));
#8253 = VECTOR('',#8254,1.);
#8254 = DIRECTION('',(0.,1.));
#8255 = ( GEOMETRIC_REPRESENTATION_CONTEXT(2) 
PARAMETRIC_REPRESENTATION_CONTEXT() REPRESENTATION_CONTEXT('2D SPACE',''
  ) );
#8256 = PCURVE('',#7878,#8257);
#8257 = DEFINITIONAL_REPRESENTATION('',(#8258),#8262);
#8258 = LINE('',#8259,#8260);
#8259 = CARTESIAN_POINT('',(6.28318530718,0.));
#8260 = VECTOR('',#8261,1.);
#8261 = DIRECTION('',(0.,1.));
#8262 = ( GEOMETRIC_REPRESENTATION_CONTEXT(2) 
PARAMETRIC_REPRESENTATION_CONTEXT() REPRESENTATION_CONTEXT('2D SPACE',''
  ) );
#8263 = ORIENTED_EDGE('',*,*,#7861,.T.);
#8264 = ORIENTED_EDGE('',*,*,#8241,.T.);
#8265 = ORIENTED_EDGE('',*,*,#8266,.F.);
#8266 = EDGE_CURVE('',#8242,#8242,#8267,.T.);
#8267 = SURFACE_CURVE('',#8268,(#8273,#8280),.PCURVE_S1.);
#8268 = CIRCLE('',#8269,0.132999995598);
#8269 = AXIS2_PLACEMENT_3D('',#8270,#8271,#8272);
#8270 = CARTESIAN_POINT('',(3.000002148224E-03,-1.000000005579,0.75));
#8271 = DIRECTION('',(2.614964666886E-18,-3.316769543047E-17,1.));
#8272 = DIRECTION('',(4.86073332707E-51,1.,3.316769543047E-17));
#8273 = PCURVE('',#7878,#8274);
#8274 = DEFINITIONAL_REPRESENTATION('',(#8275),#8279);
#8275 = LINE('',#8276,#8277);
#8276 = CARTESIAN_POINT('',(0.,0.75));
#8277 = VECTOR('',#8278,1.);
#8278 = DIRECTION('',(1.,0.));
#8279 = ( GEOMETRIC_REPRESENTATION_CONTEXT(2) 
PARAMETRIC_REPRESENTATION_CONTEXT() REPRESENTATION_CONTEXT('2D SPACE',''
  ) );
#8280 = PCURVE('',#8281,#8286);
#8281 = PLANE('',#8282);
#8282 = AXIS2_PLACEMENT_3D('',#8283,#8284,#8285);
#8283 = CARTESIAN_POINT('',(2.999999327585E-03,-1.000000007451,0.75));
#8284 = DIRECTION('',(0.,0.,1.));
#8285 = DIRECTION('',(1.,0.,-0.));
#8286 = DEFINITIONAL_REPRESENTATION('',(#8287),#8291);
#8287 = CIRCLE('',#8288,0.132999995598);
#8288 = AXIS2_PLACEMENT_2D('',#8289,#8290);
#8289 = CARTESIAN_POINT('',(2.820638987568E-09,1.871603982906E-09));
#8290 = DIRECTION('',(4.86073332707E-51,1.));
#8291 = ( GEOMETRIC_REPRESENTATION_CONTEXT(2) 
PARAMETRIC_REPRESENTATION_CONTEXT() REPRESENTATION_CONTEXT('2D SPACE',''
  ) );
#8292 = ADVANCED_FACE('',(#8293,#8319),#8281,.T.);
#8293 = FACE_BOUND('',#8294,.T.);
#8294 = EDGE_LOOP('',(#8295));
#8295 = ORIENTED_EDGE('',*,*,#8296,.T.);
#8296 = EDGE_CURVE('',#8297,#8297,#8299,.T.);
#8297 = VERTEX_POINT('',#8298);
#8298 = CARTESIAN_POINT('',(0.221749995966,-1.000000004898,0.75));
#8299 = SURFACE_CURVE('',#8300,(#8305,#8312),.PCURVE_S1.);
#8300 = CIRCLE('',#8301,0.218750000536);
#8301 = AXIS2_PLACEMENT_3D('',#8302,#8303,#8304);
#8302 = CARTESIAN_POINT('',(2.999995430055E-03,-1.000000004898,0.75));
#8303 = DIRECTION('',(-1.437995786053E-15,1.044258469884E-15,1.));
#8304 = DIRECTION('',(1.,0.,1.437995786053E-15));
#8305 = PCURVE('',#8281,#8306);
#8306 = DEFINITIONAL_REPRESENTATION('',(#8307),#8311);
#8307 = CIRCLE('',#8308,0.218750000536);
#8308 = AXIS2_PLACEMENT_2D('',#8309,#8310);
#8309 = CARTESIAN_POINT('',(-3.897529846173E-09,2.552878575202E-09));
#8310 = DIRECTION('',(1.,0.));
#8311 = ( GEOMETRIC_REPRESENTATION_CONTEXT(2) 
PARAMETRIC_REPRESENTATION_CONTEXT() REPRESENTATION_CONTEXT('2D SPACE',''
  ) );
#8312 = PCURVE('',#7405,#8313);
#8313 = DEFINITIONAL_REPRESENTATION('',(#8314),#8318);
#8314 = LINE('',#8315,#8316);
#8315 = CARTESIAN_POINT('',(0.,0.));
#8316 = VECTOR('',#8317,1.);
#8317 = DIRECTION('',(1.,0.));
#8318 = ( GEOMETRIC_REPRESENTATION_CONTEXT(2) 
PARAMETRIC_REPRESENTATION_CONTEXT() REPRESENTATION_CONTEXT('2D SPACE',''
  ) );
#8319 = FACE_BOUND('',#8320,.T.);
#8320 = EDGE_LOOP('',(#8321));
#8321 = ORIENTED_EDGE('',*,*,#8266,.F.);
#8322 = ADVANCED_FACE('',(#8323),#7844,.F.);
#8323 = FACE_BOUND('',#8324,.F.);
#8324 = EDGE_LOOP('',(#8325,#8348,#8349,#8350));
#8325 = ORIENTED_EDGE('',*,*,#8326,.F.);
#8326 = EDGE_CURVE('',#7828,#8327,#8329,.T.);
#8327 = VERTEX_POINT('',#8328);
#8328 = CARTESIAN_POINT('',(1.128000020781,-0.867000006996,0.75));
#8329 = SEAM_CURVE('',#8330,(#8334,#8341),.PCURVE_S1.);
#8330 = LINE('',#8331,#8332);
#8331 = CARTESIAN_POINT('',(1.128000020781,-0.867000006996,
    2.466582027986E-17));
#8332 = VECTOR('',#8333,1.);
#8333 = DIRECTION('',(1.164210576391E-16,-1.854572973132E-16,1.));
#8334 = PCURVE('',#7844,#8335);
#8335 = DEFINITIONAL_REPRESENTATION('',(#8336),#8340);
#8336 = LINE('',#8337,#8338);
#8337 = CARTESIAN_POINT('',(0.,0.));
#8338 = VECTOR('',#8339,1.);
#8339 = DIRECTION('',(0.,1.));
#8340 = ( GEOMETRIC_REPRESENTATION_CONTEXT(2) 
PARAMETRIC_REPRESENTATION_CONTEXT() REPRESENTATION_CONTEXT('2D SPACE',''
  ) );
#8341 = PCURVE('',#7844,#8342);
#8342 = DEFINITIONAL_REPRESENTATION('',(#8343),#8347);
#8343 = LINE('',#8344,#8345);
#8344 = CARTESIAN_POINT('',(6.28318530718,0.));
#8345 = VECTOR('',#8346,1.);
#8346 = DIRECTION('',(0.,1.));
#8347 = ( GEOMETRIC_REPRESENTATION_CONTEXT(2) 
PARAMETRIC_REPRESENTATION_CONTEXT() REPRESENTATION_CONTEXT('2D SPACE',''
  ) );
#8348 = ORIENTED_EDGE('',*,*,#7827,.T.);
#8349 = ORIENTED_EDGE('',*,*,#8326,.T.);
#8350 = ORIENTED_EDGE('',*,*,#8351,.F.);
#8351 = EDGE_CURVE('',#8327,#8327,#8352,.T.);
#8352 = SURFACE_CURVE('',#8353,(#8358,#8365),.PCURVE_S1.);
#8353 = CIRCLE('',#8354,0.132999998583);
#8354 = AXIS2_PLACEMENT_3D('',#8355,#8356,#8357);
#8355 = CARTESIAN_POINT('',(1.128000020781,-1.000000005579,0.75));
#8356 = DIRECTION('',(1.164210576391E-16,-1.854572973132E-16,1.));
#8357 = DIRECTION('',(4.928115843782E-49,1.,1.854572973132E-16));
#8358 = PCURVE('',#7844,#8359);
#8359 = DEFINITIONAL_REPRESENTATION('',(#8360),#8364);
#8360 = LINE('',#8361,#8362);
#8361 = CARTESIAN_POINT('',(0.,0.75));
#8362 = VECTOR('',#8363,1.);
#8363 = DIRECTION('',(1.,0.));
#8364 = ( GEOMETRIC_REPRESENTATION_CONTEXT(2) 
PARAMETRIC_REPRESENTATION_CONTEXT() REPRESENTATION_CONTEXT('2D SPACE',''
  ) );
#8365 = PCURVE('',#8366,#8371);
#8366 = PLANE('',#8367);
#8367 = AXIS2_PLACEMENT_3D('',#8368,#8369,#8370);
#8368 = CARTESIAN_POINT('',(1.128000005252,-1.000000007451,0.75));
#8369 = DIRECTION('',(0.,0.,1.));
#8370 = DIRECTION('',(1.,0.,-0.));
#8371 = DEFINITIONAL_REPRESENTATION('',(#8372),#8376);
#8372 = CIRCLE('',#8373,0.132999998583);
#8373 = AXIS2_PLACEMENT_2D('',#8374,#8375);
#8374 = CARTESIAN_POINT('',(1.552930362081E-08,1.871603094727E-09));
#8375 = DIRECTION('',(4.928115843782E-49,1.));
#8376 = ( GEOMETRIC_REPRESENTATION_CONTEXT(2) 
PARAMETRIC_REPRESENTATION_CONTEXT() REPRESENTATION_CONTEXT('2D SPACE',''
  ) );
#8377 = ADVANCED_FACE('',(#8378,#8404),#8366,.T.);
#8378 = FACE_BOUND('',#8379,.T.);
#8379 = EDGE_LOOP('',(#8380));
#8380 = ORIENTED_EDGE('',*,*,#8381,.T.);
#8381 = EDGE_CURVE('',#8382,#8382,#8384,.T.);
#8382 = VERTEX_POINT('',#8383);
#8383 = CARTESIAN_POINT('',(1.346743632428,-1.000000003283,
    0.749999999885));
#8384 = SURFACE_CURVE('',#8385,(#8390,#8397),.PCURVE_S1.);
#8385 = CIRCLE('',#8386,0.218743454388);
#8386 = AXIS2_PLACEMENT_3D('',#8387,#8388,#8389);
#8387 = CARTESIAN_POINT('',(1.12800017804,-1.000000003283,0.75));
#8388 = DIRECTION('',(5.245417511403E-10,4.580740164952E-10,1.));
#8389 = DIRECTION('',(1.,0.,-5.245417511403E-10));
#8390 = PCURVE('',#8366,#8391);
#8391 = DEFINITIONAL_REPRESENTATION('',(#8392),#8396);
#8392 = CIRCLE('',#8393,0.218743454388);
#8393 = AXIS2_PLACEMENT_2D('',#8394,#8395);
#8394 = CARTESIAN_POINT('',(1.72788218844E-07,4.16788026314E-09));
#8395 = DIRECTION('',(1.,0.));
#8396 = ( GEOMETRIC_REPRESENTATION_CONTEXT(2) 
PARAMETRIC_REPRESENTATION_CONTEXT() REPRESENTATION_CONTEXT('2D SPACE',''
  ) );
#8397 = PCURVE('',#7467,#8398);
#8398 = DEFINITIONAL_REPRESENTATION('',(#8399),#8403);
#8399 = LINE('',#8400,#8401);
#8400 = CARTESIAN_POINT('',(0.,0.));
#8401 = VECTOR('',#8402,1.);
#8402 = DIRECTION('',(1.,0.));
#8403 = ( GEOMETRIC_REPRESENTATION_CONTEXT(2) 
PARAMETRIC_REPRESENTATION_CONTEXT() REPRESENTATION_CONTEXT('2D SPACE',''
  ) );
#8404 = FACE_BOUND('',#8405,.T.);
#8405 = EDGE_LOOP('',(#8406));
#8406 = ORIENTED_EDGE('',*,*,#8351,.F.);
#8407 = ADVANCED_FACE('',(#8408),#7813,.F.);
#8408 = FACE_BOUND('',#8409,.F.);
#8409 = EDGE_LOOP('',(#8410,#8433,#8434,#8435));
#8410 = ORIENTED_EDGE('',*,*,#8411,.F.);
#8411 = EDGE_CURVE('',#7797,#8412,#8414,.T.);
#8412 = VERTEX_POINT('',#8413);
#8413 = CARTESIAN_POINT('',(-0.989000007678,-1.000000005579,0.75));
#8414 = SEAM_CURVE('',#8415,(#8419,#8426),.PCURVE_S1.);
#8415 = LINE('',#8416,#8417);
#8416 = CARTESIAN_POINT('',(-0.989000007678,-1.000000005579,0.));
#8417 = VECTOR('',#8418,1.);
#8418 = DIRECTION('',(0.,0.,1.));
#8419 = PCURVE('',#7813,#8420);
#8420 = DEFINITIONAL_REPRESENTATION('',(#8421),#8425);
#8421 = LINE('',#8422,#8423);
#8422 = CARTESIAN_POINT('',(0.,0.));
#8423 = VECTOR('',#8424,1.);
#8424 = DIRECTION('',(0.,1.));
#8425 = ( GEOMETRIC_REPRESENTATION_CONTEXT(2) 
PARAMETRIC_REPRESENTATION_CONTEXT() REPRESENTATION_CONTEXT('2D SPACE',''
  ) );
#8426 = PCURVE('',#7813,#8427);
#8427 = DEFINITIONAL_REPRESENTATION('',(#8428),#8432);
#8428 = LINE('',#8429,#8430);
#8429 = CARTESIAN_POINT('',(6.28318530718,0.));
#8430 = VECTOR('',#8431,1.);
#8431 = DIRECTION('',(0.,1.));
#8432 = ( GEOMETRIC_REPRESENTATION_CONTEXT(2) 
PARAMETRIC_REPRESENTATION_CONTEXT() REPRESENTATION_CONTEXT('2D SPACE',''
  ) );
#8433 = ORIENTED_EDGE('',*,*,#7796,.T.);
#8434 = ORIENTED_EDGE('',*,*,#8411,.T.);
#8435 = ORIENTED_EDGE('',*,*,#8436,.F.);
#8436 = EDGE_CURVE('',#8412,#8412,#8437,.T.);
#8437 = SURFACE_CURVE('',#8438,(#8443,#8450),.PCURVE_S1.);
#8438 = CIRCLE('',#8439,0.133000006217);
#8439 = AXIS2_PLACEMENT_3D('',#8440,#8441,#8442);
#8440 = CARTESIAN_POINT('',(-1.122000013895,-1.000000005579,0.75));
#8441 = DIRECTION('',(0.,0.,1.));
#8442 = DIRECTION('',(1.,0.,-0.));
#8443 = PCURVE('',#7813,#8444);
#8444 = DEFINITIONAL_REPRESENTATION('',(#8445),#8449);
#8445 = LINE('',#8446,#8447);
#8446 = CARTESIAN_POINT('',(0.,0.75));
#8447 = VECTOR('',#8448,1.);
#8448 = DIRECTION('',(1.,0.));
#8449 = ( GEOMETRIC_REPRESENTATION_CONTEXT(2) 
PARAMETRIC_REPRESENTATION_CONTEXT() REPRESENTATION_CONTEXT('2D SPACE',''
  ) );
#8450 = PCURVE('',#8451,#8456);
#8451 = PLANE('',#8452);
#8452 = AXIS2_PLACEMENT_3D('',#8453,#8454,#8455);
#8453 = CARTESIAN_POINT('',(-1.122000006338,-1.000000007451,0.75));
#8454 = DIRECTION('',(0.,0.,1.));
#8455 = DIRECTION('',(1.,0.,-0.));
#8456 = DEFINITIONAL_REPRESENTATION('',(#8457),#8461);
#8457 = CIRCLE('',#8458,0.133000006217);
#8458 = AXIS2_PLACEMENT_2D('',#8459,#8460);
#8459 = CARTESIAN_POINT('',(-7.556856473911E-09,1.871603094727E-09));
#8460 = DIRECTION('',(1.,0.));
#8461 = ( GEOMETRIC_REPRESENTATION_CONTEXT(2) 
PARAMETRIC_REPRESENTATION_CONTEXT() REPRESENTATION_CONTEXT('2D SPACE',''
  ) );
#8462 = ADVANCED_FACE('',(#8463,#8489),#8451,.T.);
#8463 = FACE_BOUND('',#8464,.T.);
#8464 = EDGE_LOOP('',(#8465));
#8465 = ORIENTED_EDGE('',*,*,#8466,.T.);
#8466 = EDGE_CURVE('',#8467,#8467,#8469,.T.);
#8467 = VERTEX_POINT('',#8468);
#8468 = CARTESIAN_POINT('',(-0.903250010967,-1.000000004898,0.75));
#8469 = SURFACE_CURVE('',#8470,(#8475,#8482),.PCURVE_S1.);
#8470 = CIRCLE('',#8471,0.21875000692);
#8471 = AXIS2_PLACEMENT_3D('',#8472,#8473,#8474);
#8472 = CARTESIAN_POINT('',(-1.122000017887,-1.000000004898,0.75));
#8473 = DIRECTION('',(0.,0.,1.));
#8474 = DIRECTION('',(1.,0.,-0.));
#8475 = PCURVE('',#8451,#8476);
#8476 = DEFINITIONAL_REPRESENTATION('',(#8477),#8481);
#8477 = CIRCLE('',#8478,0.21875000692);
#8478 = AXIS2_PLACEMENT_2D('',#8479,#8480);
#8479 = CARTESIAN_POINT('',(-1.15494864783E-08,2.552878131112E-09));
#8480 = DIRECTION('',(1.,0.));
#8481 = ( GEOMETRIC_REPRESENTATION_CONTEXT(2) 
PARAMETRIC_REPRESENTATION_CONTEXT() REPRESENTATION_CONTEXT('2D SPACE',''
  ) );
#8482 = PCURVE('',#7374,#8483);
#8483 = DEFINITIONAL_REPRESENTATION('',(#8484),#8488);
#8484 = LINE('',#8485,#8486);
#8485 = CARTESIAN_POINT('',(0.,0.));
#8486 = VECTOR('',#8487,1.);
#8487 = DIRECTION('',(1.,0.));
#8488 = ( GEOMETRIC_REPRESENTATION_CONTEXT(2) 
PARAMETRIC_REPRESENTATION_CONTEXT() REPRESENTATION_CONTEXT('2D SPACE',''
  ) );
#8489 = FACE_BOUND('',#8490,.T.);
#8490 = EDGE_LOOP('',(#8491));
#8491 = ORIENTED_EDGE('',*,*,#8436,.F.);
#8492 = ADVANCED_FACE('',(#8493),#7782,.F.);
#8493 = FACE_BOUND('',#8494,.F.);
#8494 = EDGE_LOOP('',(#8495,#8518,#8519,#8520));
#8495 = ORIENTED_EDGE('',*,*,#8496,.F.);
#8496 = EDGE_CURVE('',#7766,#8497,#8499,.T.);
#8497 = VERTEX_POINT('',#8498);
#8498 = CARTESIAN_POINT('',(-0.989000007678,1.000000005579,0.75));
#8499 = SEAM_CURVE('',#8500,(#8504,#8511),.PCURVE_S1.);
#8500 = LINE('',#8501,#8502);
#8501 = CARTESIAN_POINT('',(-0.989000007678,1.000000005579,0.));
#8502 = VECTOR('',#8503,1.);
#8503 = DIRECTION('',(0.,0.,1.));
#8504 = PCURVE('',#7782,#8505);
#8505 = DEFINITIONAL_REPRESENTATION('',(#8506),#8510);
#8506 = LINE('',#8507,#8508);
#8507 = CARTESIAN_POINT('',(0.,0.));
#8508 = VECTOR('',#8509,1.);
#8509 = DIRECTION('',(0.,1.));
#8510 = ( GEOMETRIC_REPRESENTATION_CONTEXT(2) 
PARAMETRIC_REPRESENTATION_CONTEXT() REPRESENTATION_CONTEXT('2D SPACE',''
  ) );
#8511 = PCURVE('',#7782,#8512);
#8512 = DEFINITIONAL_REPRESENTATION('',(#8513),#8517);
#8513 = LINE('',#8514,#8515);
#8514 = CARTESIAN_POINT('',(6.28318530718,0.));
#8515 = VECTOR('',#8516,1.);
#8516 = DIRECTION('',(0.,1.));
#8517 = ( GEOMETRIC_REPRESENTATION_CONTEXT(2) 
PARAMETRIC_REPRESENTATION_CONTEXT() REPRESENTATION_CONTEXT('2D SPACE',''
  ) );
#8518 = ORIENTED_EDGE('',*,*,#7765,.T.);
#8519 = ORIENTED_EDGE('',*,*,#8496,.T.);
#8520 = ORIENTED_EDGE('',*,*,#8521,.F.);
#8521 = EDGE_CURVE('',#8497,#8497,#8522,.T.);
#8522 = SURFACE_CURVE('',#8523,(#8528,#8535),.PCURVE_S1.);
#8523 = CIRCLE('',#8524,0.133000006217);
#8524 = AXIS2_PLACEMENT_3D('',#8525,#8526,#8527);
#8525 = CARTESIAN_POINT('',(-1.122000013895,1.000000005579,0.75));
#8526 = DIRECTION('',(0.,0.,1.));
#8527 = DIRECTION('',(1.,0.,-0.));
#8528 = PCURVE('',#7782,#8529);
#8529 = DEFINITIONAL_REPRESENTATION('',(#8530),#8534);
#8530 = LINE('',#8531,#8532);
#8531 = CARTESIAN_POINT('',(0.,0.75));
#8532 = VECTOR('',#8533,1.);
#8533 = DIRECTION('',(1.,0.));
#8534 = ( GEOMETRIC_REPRESENTATION_CONTEXT(2) 
PARAMETRIC_REPRESENTATION_CONTEXT() REPRESENTATION_CONTEXT('2D SPACE',''
  ) );
#8535 = PCURVE('',#8536,#8541);
#8536 = PLANE('',#8537);
#8537 = AXIS2_PLACEMENT_3D('',#8538,#8539,#8540);
#8538 = CARTESIAN_POINT('',(-1.122000006338,1.000000007451,0.75));
#8539 = DIRECTION('',(0.,0.,1.));
#8540 = DIRECTION('',(1.,0.,-0.));
#8541 = DEFINITIONAL_REPRESENTATION('',(#8542),#8546);
#8542 = CIRCLE('',#8543,0.133000006217);
#8543 = AXIS2_PLACEMENT_2D('',#8544,#8545);
#8544 = CARTESIAN_POINT('',(-7.556856473911E-09,-1.871603094727E-09));
#8545 = DIRECTION('',(1.,0.));
#8546 = ( GEOMETRIC_REPRESENTATION_CONTEXT(2) 
PARAMETRIC_REPRESENTATION_CONTEXT() REPRESENTATION_CONTEXT('2D SPACE',''
  ) );
#8547 = ADVANCED_FACE('',(#8548,#8574),#8536,.T.);
#8548 = FACE_BOUND('',#8549,.T.);
#8549 = EDGE_LOOP('',(#8550));
#8550 = ORIENTED_EDGE('',*,*,#8551,.T.);
#8551 = EDGE_CURVE('',#8552,#8552,#8554,.T.);
#8552 = VERTEX_POINT('',#8553);
#8553 = CARTESIAN_POINT('',(-0.903250010967,1.000000004898,0.75));
#8554 = SURFACE_CURVE('',#8555,(#8560,#8567),.PCURVE_S1.);
#8555 = CIRCLE('',#8556,0.21875000692);
#8556 = AXIS2_PLACEMENT_3D('',#8557,#8558,#8559);
#8557 = CARTESIAN_POINT('',(-1.122000017887,1.000000004898,0.75));
#8558 = DIRECTION('',(0.,0.,1.));
#8559 = DIRECTION('',(1.,0.,-0.));
#8560 = PCURVE('',#8536,#8561);
#8561 = DEFINITIONAL_REPRESENTATION('',(#8562),#8566);
#8562 = CIRCLE('',#8563,0.21875000692);
#8563 = AXIS2_PLACEMENT_2D('',#8564,#8565);
#8564 = CARTESIAN_POINT('',(-1.15494864783E-08,-2.552878131112E-09));
#8565 = DIRECTION('',(1.,0.));
#8566 = ( GEOMETRIC_REPRESENTATION_CONTEXT(2) 
PARAMETRIC_REPRESENTATION_CONTEXT() REPRESENTATION_CONTEXT('2D SPACE',''
  ) );
#8567 = PCURVE('',#7343,#8568);
#8568 = DEFINITIONAL_REPRESENTATION('',(#8569),#8573);
#8569 = LINE('',#8570,#8571);
#8570 = CARTESIAN_POINT('',(0.,0.));
#8571 = VECTOR('',#8572,1.);
#8572 = DIRECTION('',(1.,0.));
#8573 = ( GEOMETRIC_REPRESENTATION_CONTEXT(2) 
PARAMETRIC_REPRESENTATION_CONTEXT() REPRESENTATION_CONTEXT('2D SPACE',''
  ) );
#8574 = FACE_BOUND('',#8575,.T.);
#8575 = EDGE_LOOP('',(#8576));
#8576 = ORIENTED_EDGE('',*,*,#8521,.F.);
#8577 = ADVANCED_FACE('',(#8578),#7730,.F.);
#8578 = FACE_BOUND('',#8579,.T.);
#8579 = EDGE_LOOP('',(#8580,#8581,#8603,#8625));
#8580 = ORIENTED_EDGE('',*,*,#7714,.F.);
#8581 = ORIENTED_EDGE('',*,*,#8582,.F.);
#8582 = EDGE_CURVE('',#8583,#7692,#8585,.T.);
#8583 = VERTEX_POINT('',#8584);
#8584 = CARTESIAN_POINT('',(2.5,1.25,0.5));
#8585 = SURFACE_CURVE('',#8586,(#8590,#8596),.PCURVE_S1.);
#8586 = LINE('',#8587,#8588);
#8587 = CARTESIAN_POINT('',(2.5,1.25,0.5));
#8588 = VECTOR('',#8589,1.);
#8589 = DIRECTION('',(-0.707106781187,0.,-0.707106781187));
#8590 = PCURVE('',#7730,#8591);
#8591 = DEFINITIONAL_REPRESENTATION('',(#8592),#8595);
#8592 = B_SPLINE_CURVE_WITH_KNOTS('',1,(#8593,#8594),.UNSPECIFIED.,.F.,
  .F.,(2,2),(0.,0.707106781187),.PIECEWISE_BEZIER_KNOTS.);
#8593 = CARTESIAN_POINT('',(-0.471404520791,-1.448583344618));
#8594 = CARTESIAN_POINT('',(0.235702260396,-1.448583344618));
#8595 = ( GEOMETRIC_REPRESENTATION_CONTEXT(2) 
PARAMETRIC_REPRESENTATION_CONTEXT() REPRESENTATION_CONTEXT('2D SPACE',''
  ) );
#8596 = PCURVE('',#6074,#8597);
#8597 = DEFINITIONAL_REPRESENTATION('',(#8598),#8602);
#8598 = LINE('',#8599,#8600);
#8599 = CARTESIAN_POINT('',(9.999998807907E-03,2.904869998097));
#8600 = VECTOR('',#8601,1.);
#8601 = DIRECTION('',(0.707106781187,-0.707106781187));
#8602 = ( GEOMETRIC_REPRESENTATION_CONTEXT(2) 
PARAMETRIC_REPRESENTATION_CONTEXT() REPRESENTATION_CONTEXT('2D SPACE',''
  ) );
#8603 = ORIENTED_EDGE('',*,*,#8604,.F.);
#8604 = EDGE_CURVE('',#8605,#8583,#8607,.T.);
#8605 = VERTEX_POINT('',#8606);
#8606 = CARTESIAN_POINT('',(2.5,-1.25,0.5));
#8607 = SURFACE_CURVE('',#8608,(#8612,#8618),.PCURVE_S1.);
#8608 = LINE('',#8609,#8610);
#8609 = CARTESIAN_POINT('',(2.5,-1.25,0.5));
#8610 = VECTOR('',#8611,1.);
#8611 = DIRECTION('',(0.,1.,0.));
#8612 = PCURVE('',#7730,#8613);
#8613 = DEFINITIONAL_REPRESENTATION('',(#8614),#8617);
#8614 = B_SPLINE_CURVE_WITH_KNOTS('',1,(#8615,#8616),.UNSPECIFIED.,.F.,
  .F.,(2,2),(0.,2.5),.PIECEWISE_BEZIER_KNOTS.);
#8615 = CARTESIAN_POINT('',(-0.471404520791,1.051416655382));
#8616 = CARTESIAN_POINT('',(-0.471404520791,-1.448583344618));
#8617 = ( GEOMETRIC_REPRESENTATION_CONTEXT(2) 
PARAMETRIC_REPRESENTATION_CONTEXT() REPRESENTATION_CONTEXT('2D SPACE',''
  ) );
#8618 = PCURVE('',#6046,#8619);
#8619 = DEFINITIONAL_REPRESENTATION('',(#8620),#8624);
#8620 = LINE('',#8621,#8622);
#8621 = CARTESIAN_POINT('',(-0.321428571429,1.21787629383));
#8622 = VECTOR('',#8623,1.);
#8623 = DIRECTION('',(0.,-1.));
#8624 = ( GEOMETRIC_REPRESENTATION_CONTEXT(2) 
PARAMETRIC_REPRESENTATION_CONTEXT() REPRESENTATION_CONTEXT('2D SPACE',''
  ) );
#8625 = ORIENTED_EDGE('',*,*,#8626,.F.);
#8626 = EDGE_CURVE('',#7715,#8605,#8627,.T.);
#8627 = SURFACE_CURVE('',#8628,(#8632,#8638),.PCURVE_S1.);
#8628 = LINE('',#8629,#8630);
#8629 = CARTESIAN_POINT('',(2.,-1.25,0.));
#8630 = VECTOR('',#8631,1.);
#8631 = DIRECTION('',(0.707106781187,0.,0.707106781187));
#8632 = PCURVE('',#7730,#8633);
#8633 = DEFINITIONAL_REPRESENTATION('',(#8634),#8637);
#8634 = B_SPLINE_CURVE_WITH_KNOTS('',1,(#8635,#8636),.UNSPECIFIED.,.F.,
  .F.,(2,2),(0.,0.707106781187),.PIECEWISE_BEZIER_KNOTS.);
#8635 = CARTESIAN_POINT('',(0.235702260396,1.051416655382));
#8636 = CARTESIAN_POINT('',(-0.471404520791,1.051416655382));
#8637 = ( GEOMETRIC_REPRESENTATION_CONTEXT(2) 
PARAMETRIC_REPRESENTATION_CONTEXT() REPRESENTATION_CONTEXT('2D SPACE',''
  ) );
#8638 = PCURVE('',#6741,#8639);
#8639 = DEFINITIONAL_REPRESENTATION('',(#8640),#8644);
#8640 = LINE('',#8641,#8642);
#8641 = CARTESIAN_POINT('',(0.509999998808,2.404869998097));
#8642 = VECTOR('',#8643,1.);
#8643 = DIRECTION('',(-0.707106781187,0.707106781187));
#8644 = ( GEOMETRIC_REPRESENTATION_CONTEXT(2) 
PARAMETRIC_REPRESENTATION_CONTEXT() REPRESENTATION_CONTEXT('2D SPACE',''
  ) );
#8645 = ADVANCED_FACE('',(#8646),#7467,.F.);
#8646 = FACE_BOUND('',#8647,.F.);
#8647 = EDGE_LOOP('',(#8648,#8669,#8670,#8671));
#8648 = ORIENTED_EDGE('',*,*,#8649,.F.);
#8649 = EDGE_CURVE('',#8382,#7451,#8650,.T.);
#8650 = SEAM_CURVE('',#8651,(#8655,#8662),.PCURVE_S1.);
#8651 = LINE('',#8652,#8653);
#8652 = CARTESIAN_POINT('',(1.346743632428,-1.000000003283,
    0.749999999885));
#8653 = VECTOR('',#8654,1.);
#8654 = DIRECTION('',(5.245417511403E-10,4.580740164952E-10,1.));
#8655 = PCURVE('',#7467,#8656);
#8656 = DEFINITIONAL_REPRESENTATION('',(#8657),#8661);
#8657 = LINE('',#8658,#8659);
#8658 = CARTESIAN_POINT('',(0.,0.));
#8659 = VECTOR('',#8660,1.);
#8660 = DIRECTION('',(0.,1.));
#8661 = ( GEOMETRIC_REPRESENTATION_CONTEXT(2) 
PARAMETRIC_REPRESENTATION_CONTEXT() REPRESENTATION_CONTEXT('2D SPACE',''
  ) );
#8662 = PCURVE('',#7467,#8663);
#8663 = DEFINITIONAL_REPRESENTATION('',(#8664),#8668);
#8664 = LINE('',#8665,#8666);
#8665 = CARTESIAN_POINT('',(6.28318530718,0.));
#8666 = VECTOR('',#8667,1.);
#8667 = DIRECTION('',(0.,1.));
#8668 = ( GEOMETRIC_REPRESENTATION_CONTEXT(2) 
PARAMETRIC_REPRESENTATION_CONTEXT() REPRESENTATION_CONTEXT('2D SPACE',''
  ) );
#8669 = ORIENTED_EDGE('',*,*,#8381,.T.);
#8670 = ORIENTED_EDGE('',*,*,#8649,.T.);
#8671 = ORIENTED_EDGE('',*,*,#7450,.F.);
#8672 = ADVANCED_FACE('',(#8673),#7436,.F.);
#8673 = FACE_BOUND('',#8674,.F.);
#8674 = EDGE_LOOP('',(#8675,#8696,#8697,#8698));
#8675 = ORIENTED_EDGE('',*,*,#8676,.F.);
#8676 = EDGE_CURVE('',#8212,#7420,#8677,.T.);
#8677 = SEAM_CURVE('',#8678,(#8682,#8689),.PCURVE_S1.);
#8678 = LINE('',#8679,#8680);
#8679 = CARTESIAN_POINT('',(0.221749995966,1.000000004898,0.75));
#8680 = VECTOR('',#8681,1.);
#8681 = DIRECTION('',(-1.641232197626E-15,4.577899149205E-16,1.));
#8682 = PCURVE('',#7436,#8683);
#8683 = DEFINITIONAL_REPRESENTATION('',(#8684),#8688);
#8684 = LINE('',#8685,#8686);
#8685 = CARTESIAN_POINT('',(0.,0.));
#8686 = VECTOR('',#8687,1.);
#8687 = DIRECTION('',(0.,1.));
#8688 = ( GEOMETRIC_REPRESENTATION_CONTEXT(2) 
PARAMETRIC_REPRESENTATION_CONTEXT() REPRESENTATION_CONTEXT('2D SPACE',''
  ) );
#8689 = PCURVE('',#7436,#8690);
#8690 = DEFINITIONAL_REPRESENTATION('',(#8691),#8695);
#8691 = LINE('',#8692,#8693);
#8692 = CARTESIAN_POINT('',(6.28318530718,0.));
#8693 = VECTOR('',#8694,1.);
#8694 = DIRECTION('',(0.,1.));
#8695 = ( GEOMETRIC_REPRESENTATION_CONTEXT(2) 
PARAMETRIC_REPRESENTATION_CONTEXT() REPRESENTATION_CONTEXT('2D SPACE',''
  ) );
#8696 = ORIENTED_EDGE('',*,*,#8211,.T.);
#8697 = ORIENTED_EDGE('',*,*,#8676,.T.);
#8698 = ORIENTED_EDGE('',*,*,#7419,.F.);
#8699 = ADVANCED_FACE('',(#8700),#7405,.F.);
#8700 = FACE_BOUND('',#8701,.F.);
#8701 = EDGE_LOOP('',(#8702,#8723,#8724,#8725));
#8702 = ORIENTED_EDGE('',*,*,#8703,.F.);
#8703 = EDGE_CURVE('',#8297,#7389,#8704,.T.);
#8704 = SEAM_CURVE('',#8705,(#8709,#8716),.PCURVE_S1.);
#8705 = LINE('',#8706,#8707);
#8706 = CARTESIAN_POINT('',(0.221749995966,-1.000000004898,0.75));
#8707 = VECTOR('',#8708,1.);
#8708 = DIRECTION('',(-1.437995786053E-15,1.044258469884E-15,1.));
#8709 = PCURVE('',#7405,#8710);
#8710 = DEFINITIONAL_REPRESENTATION('',(#8711),#8715);
#8711 = LINE('',#8712,#8713);
#8712 = CARTESIAN_POINT('',(0.,0.));
#8713 = VECTOR('',#8714,1.);
#8714 = DIRECTION('',(0.,1.));
#8715 = ( GEOMETRIC_REPRESENTATION_CONTEXT(2) 
PARAMETRIC_REPRESENTATION_CONTEXT() REPRESENTATION_CONTEXT('2D SPACE',''
  ) );
#8716 = PCURVE('',#7405,#8717);
#8717 = DEFINITIONAL_REPRESENTATION('',(#8718),#8722);
#8718 = LINE('',#8719,#8720);
#8719 = CARTESIAN_POINT('',(6.28318530718,0.));
#8720 = VECTOR('',#8721,1.);
#8721 = DIRECTION('',(0.,1.));
#8722 = ( GEOMETRIC_REPRESENTATION_CONTEXT(2) 
PARAMETRIC_REPRESENTATION_CONTEXT() REPRESENTATION_CONTEXT('2D SPACE',''
  ) );
#8723 = ORIENTED_EDGE('',*,*,#8296,.T.);
#8724 = ORIENTED_EDGE('',*,*,#8703,.T.);
#8725 = ORIENTED_EDGE('',*,*,#7388,.F.);
#8726 = ADVANCED_FACE('',(#8727),#7374,.F.);
#8727 = FACE_BOUND('',#8728,.F.);
#8728 = EDGE_LOOP('',(#8729,#8750,#8751,#8752));
#8729 = ORIENTED_EDGE('',*,*,#8730,.F.);
#8730 = EDGE_CURVE('',#8467,#7358,#8731,.T.);
#8731 = SEAM_CURVE('',#8732,(#8736,#8743),.PCURVE_S1.);
#8732 = LINE('',#8733,#8734);
#8733 = CARTESIAN_POINT('',(-0.903250010967,-1.000000004898,0.75));
#8734 = VECTOR('',#8735,1.);
#8735 = DIRECTION('',(0.,0.,1.));
#8736 = PCURVE('',#7374,#8737);
#8737 = DEFINITIONAL_REPRESENTATION('',(#8738),#8742);
#8738 = LINE('',#8739,#8740);
#8739 = CARTESIAN_POINT('',(0.,0.));
#8740 = VECTOR('',#8741,1.);
#8741 = DIRECTION('',(0.,1.));
#8742 = ( GEOMETRIC_REPRESENTATION_CONTEXT(2) 
PARAMETRIC_REPRESENTATION_CONTEXT() REPRESENTATION_CONTEXT('2D SPACE',''
  ) );
#8743 = PCURVE('',#7374,#8744);
#8744 = DEFINITIONAL_REPRESENTATION('',(#8745),#8749);
#8745 = LINE('',#8746,#8747);
#8746 = CARTESIAN_POINT('',(6.28318530718,0.));
#8747 = VECTOR('',#8748,1.);
#8748 = DIRECTION('',(0.,1.));
#8749 = ( GEOMETRIC_REPRESENTATION_CONTEXT(2) 
PARAMETRIC_REPRESENTATION_CONTEXT() REPRESENTATION_CONTEXT('2D SPACE',''
  ) );
#8750 = ORIENTED_EDGE('',*,*,#8466,.T.);
#8751 = ORIENTED_EDGE('',*,*,#8730,.T.);
#8752 = ORIENTED_EDGE('',*,*,#7357,.F.);
#8753 = ADVANCED_FACE('',(#8754),#7343,.F.);
#8754 = FACE_BOUND('',#8755,.F.);
#8755 = EDGE_LOOP('',(#8756,#8777,#8778,#8779));
#8756 = ORIENTED_EDGE('',*,*,#8757,.F.);
#8757 = EDGE_CURVE('',#8552,#7327,#8758,.T.);
#8758 = SEAM_CURVE('',#8759,(#8763,#8770),.PCURVE_S1.);
#8759 = LINE('',#8760,#8761);
#8760 = CARTESIAN_POINT('',(-0.903250010967,1.000000004898,0.75));
#8761 = VECTOR('',#8762,1.);
#8762 = DIRECTION('',(0.,0.,1.));
#8763 = PCURVE('',#7343,#8764);
#8764 = DEFINITIONAL_REPRESENTATION('',(#8765),#8769);
#8765 = LINE('',#8766,#8767);
#8766 = CARTESIAN_POINT('',(0.,0.));
#8767 = VECTOR('',#8768,1.);
#8768 = DIRECTION('',(0.,1.));
#8769 = ( GEOMETRIC_REPRESENTATION_CONTEXT(2) 
PARAMETRIC_REPRESENTATION_CONTEXT() REPRESENTATION_CONTEXT('2D SPACE',''
  ) );
#8770 = PCURVE('',#7343,#8771);
#8771 = DEFINITIONAL_REPRESENTATION('',(#8772),#8776);
#8772 = LINE('',#8773,#8774);
#8773 = CARTESIAN_POINT('',(6.28318530718,0.));
#8774 = VECTOR('',#8775,1.);
#8775 = DIRECTION('',(0.,1.));
#8776 = ( GEOMETRIC_REPRESENTATION_CONTEXT(2) 
PARAMETRIC_REPRESENTATION_CONTEXT() REPRESENTATION_CONTEXT('2D SPACE',''
  ) );
#8777 = ORIENTED_EDGE('',*,*,#8551,.T.);
#8778 = ORIENTED_EDGE('',*,*,#8757,.T.);
#8779 = ORIENTED_EDGE('',*,*,#7326,.F.);
#8780 = ADVANCED_FACE('',(#8781),#7312,.F.);
#8781 = FACE_BOUND('',#8782,.F.);
#8782 = EDGE_LOOP('',(#8783,#8804,#8805,#8806));
#8783 = ORIENTED_EDGE('',*,*,#8784,.F.);
#8784 = EDGE_CURVE('',#8042,#7296,#8785,.T.);
#8785 = SEAM_CURVE('',#8786,(#8790,#8797),.PCURVE_S1.);
#8786 = LINE('',#8787,#8788);
#8787 = CARTESIAN_POINT('',(-2.028249969856,1.000000004898,0.75));
#8788 = VECTOR('',#8789,1.);
#8789 = DIRECTION('',(0.,0.,1.));
#8790 = PCURVE('',#7312,#8791);
#8791 = DEFINITIONAL_REPRESENTATION('',(#8792),#8796);
#8792 = LINE('',#8793,#8794);
#8793 = CARTESIAN_POINT('',(0.,0.));
#8794 = VECTOR('',#8795,1.);
#8795 = DIRECTION('',(0.,1.));
#8796 = ( GEOMETRIC_REPRESENTATION_CONTEXT(2) 
PARAMETRIC_REPRESENTATION_CONTEXT() REPRESENTATION_CONTEXT('2D SPACE',''
  ) );
#8797 = PCURVE('',#7312,#8798);
#8798 = DEFINITIONAL_REPRESENTATION('',(#8799),#8803);
#8799 = LINE('',#8800,#8801);
#8800 = CARTESIAN_POINT('',(6.28318530718,0.));
#8801 = VECTOR('',#8802,1.);
#8802 = DIRECTION('',(0.,1.));
#8803 = ( GEOMETRIC_REPRESENTATION_CONTEXT(2) 
PARAMETRIC_REPRESENTATION_CONTEXT() REPRESENTATION_CONTEXT('2D SPACE',''
  ) );
#8804 = ORIENTED_EDGE('',*,*,#8041,.T.);
#8805 = ORIENTED_EDGE('',*,*,#8784,.T.);
#8806 = ORIENTED_EDGE('',*,*,#7295,.F.);
#8807 = ADVANCED_FACE('',(#8808),#7281,.F.);
#8808 = FACE_BOUND('',#8809,.F.);
#8809 = EDGE_LOOP('',(#8810,#8831,#8832,#8833));
#8810 = ORIENTED_EDGE('',*,*,#8811,.F.);
#8811 = EDGE_CURVE('',#8127,#7265,#8812,.T.);
#8812 = SEAM_CURVE('',#8813,(#8817,#8824),.PCURVE_S1.);
#8813 = LINE('',#8814,#8815);
#8814 = CARTESIAN_POINT('',(-2.028249969856,-1.000000004898,0.75));
#8815 = VECTOR('',#8816,1.);
#8816 = DIRECTION('',(0.,0.,1.));
#8817 = PCURVE('',#7281,#8818);
#8818 = DEFINITIONAL_REPRESENTATION('',(#8819),#8823);
#8819 = LINE('',#8820,#8821);
#8820 = CARTESIAN_POINT('',(0.,0.));
#8821 = VECTOR('',#8822,1.);
#8822 = DIRECTION('',(0.,1.));
#8823 = ( GEOMETRIC_REPRESENTATION_CONTEXT(2) 
PARAMETRIC_REPRESENTATION_CONTEXT() REPRESENTATION_CONTEXT('2D SPACE',''
  ) );
#8824 = PCURVE('',#7281,#8825);
#8825 = DEFINITIONAL_REPRESENTATION('',(#8826),#8830);
#8826 = LINE('',#8827,#8828);
#8827 = CARTESIAN_POINT('',(6.28318530718,0.));
#8828 = VECTOR('',#8829,1.);
#8829 = DIRECTION('',(0.,1.));
#8830 = ( GEOMETRIC_REPRESENTATION_CONTEXT(2) 
PARAMETRIC_REPRESENTATION_CONTEXT() REPRESENTATION_CONTEXT('2D SPACE',''
  ) );
#8831 = ORIENTED_EDGE('',*,*,#8126,.T.);
#8832 = ORIENTED_EDGE('',*,*,#8811,.T.);
#8833 = ORIENTED_EDGE('',*,*,#7264,.F.);
#8834 = ADVANCED_FACE('',(#8835),#7251,.F.);
#8835 = FACE_BOUND('',#8836,.T.);
#8836 = EDGE_LOOP('',(#8837,#8866,#8886,#8887));
#8837 = ORIENTED_EDGE('',*,*,#8838,.T.);
#8838 = EDGE_CURVE('',#8839,#8841,#8843,.T.);
#8839 = VERTEX_POINT('',#8840);
#8840 = CARTESIAN_POINT('',(1.75,-0.25,0.875));
#8841 = VERTEX_POINT('',#8842);
#8842 = CARTESIAN_POINT('',(1.25,-0.25,0.875));
#8843 = SURFACE_CURVE('',#8844,(#8848,#8855),.PCURVE_S1.);
#8844 = LINE('',#8845,#8846);
#8845 = CARTESIAN_POINT('',(1.75,-0.25,0.875));
#8846 = VECTOR('',#8847,1.);
#8847 = DIRECTION('',(-1.,0.,0.));
#8848 = PCURVE('',#7251,#8849);
#8849 = DEFINITIONAL_REPRESENTATION('',(#8850),#8854);
#8850 = LINE('',#8851,#8852);
#8851 = CARTESIAN_POINT('',(6.25E-02,0.25));
#8852 = VECTOR('',#8853,1.);
#8853 = DIRECTION('',(-0.,-1.));
#8854 = ( GEOMETRIC_REPRESENTATION_CONTEXT(2) 
PARAMETRIC_REPRESENTATION_CONTEXT() REPRESENTATION_CONTEXT('2D SPACE',''
  ) );
#8855 = PCURVE('',#8856,#8861);
#8856 = PLANE('',#8857);
#8857 = AXIS2_PLACEMENT_3D('',#8858,#8859,#8860);
#8858 = CARTESIAN_POINT('',(1.5,0.,0.875));
#8859 = DIRECTION('',(0.,0.,1.));
#8860 = DIRECTION('',(1.,0.,-0.));
#8861 = DEFINITIONAL_REPRESENTATION('',(#8862),#8865);
#8862 = B_SPLINE_CURVE_WITH_KNOTS('',1,(#8863,#8864),.UNSPECIFIED.,.F.,
  .F.,(2,2),(0.,0.5),.PIECEWISE_BEZIER_KNOTS.);
#8863 = CARTESIAN_POINT('',(0.25,-0.25));
#8864 = CARTESIAN_POINT('',(-0.25,-0.25));
#8865 = ( GEOMETRIC_REPRESENTATION_CONTEXT(2) 
PARAMETRIC_REPRESENTATION_CONTEXT() REPRESENTATION_CONTEXT('2D SPACE',''
  ) );
#8866 = ORIENTED_EDGE('',*,*,#8867,.F.);
#8867 = EDGE_CURVE('',#7155,#8841,#8868,.T.);
#8868 = SURFACE_CURVE('',#8869,(#8873,#8879),.PCURVE_S1.);
#8869 = LINE('',#8870,#8871);
#8870 = CARTESIAN_POINT('',(1.25,-0.25,1.));
#8871 = VECTOR('',#8872,1.);
#8872 = DIRECTION('',(0.,0.,-1.));
#8873 = PCURVE('',#7251,#8874);
#8874 = DEFINITIONAL_REPRESENTATION('',(#8875),#8878);
#8875 = B_SPLINE_CURVE_WITH_KNOTS('',1,(#8876,#8877),.UNSPECIFIED.,.F.,
  .F.,(2,2),(0.,0.125),.PIECEWISE_BEZIER_KNOTS.);
#8876 = CARTESIAN_POINT('',(-6.25E-02,-0.25));
#8877 = CARTESIAN_POINT('',(6.25E-02,-0.25));
#8878 = ( GEOMETRIC_REPRESENTATION_CONTEXT(2) 
PARAMETRIC_REPRESENTATION_CONTEXT() REPRESENTATION_CONTEXT('2D SPACE',''
  ) );
#8879 = PCURVE('',#7172,#8880);
#8880 = DEFINITIONAL_REPRESENTATION('',(#8881),#8885);
#8881 = LINE('',#8882,#8883);
#8882 = CARTESIAN_POINT('',(6.25E-02,0.25));
#8883 = VECTOR('',#8884,1.);
#8884 = DIRECTION('',(-1.,0.));
#8885 = ( GEOMETRIC_REPRESENTATION_CONTEXT(2) 
PARAMETRIC_REPRESENTATION_CONTEXT() REPRESENTATION_CONTEXT('2D SPACE',''
  ) );
#8886 = ORIENTED_EDGE('',*,*,#7237,.F.);
#8887 = ORIENTED_EDGE('',*,*,#8888,.F.);
#8888 = EDGE_CURVE('',#8839,#7211,#8889,.T.);
#8889 = SURFACE_CURVE('',#8890,(#8894,#8900),.PCURVE_S1.);
#8890 = LINE('',#8891,#8892);
#8891 = CARTESIAN_POINT('',(1.75,-0.25,0.875));
#8892 = VECTOR('',#8893,1.);
#8893 = DIRECTION('',(0.,0.,1.));
#8894 = PCURVE('',#7251,#8895);
#8895 = DEFINITIONAL_REPRESENTATION('',(#8896),#8899);
#8896 = B_SPLINE_CURVE_WITH_KNOTS('',1,(#8897,#8898),.UNSPECIFIED.,.F.,
  .F.,(2,2),(0.,0.125),.PIECEWISE_BEZIER_KNOTS.);
#8897 = CARTESIAN_POINT('',(6.25E-02,0.25));
#8898 = CARTESIAN_POINT('',(-6.25E-02,0.25));
#8899 = ( GEOMETRIC_REPRESENTATION_CONTEXT(2) 
PARAMETRIC_REPRESENTATION_CONTEXT() REPRESENTATION_CONTEXT('2D SPACE',''
  ) );
#8900 = PCURVE('',#7226,#8901);
#8901 = DEFINITIONAL_REPRESENTATION('',(#8902),#8906);
#8902 = LINE('',#8903,#8904);
#8903 = CARTESIAN_POINT('',(-6.25E-02,0.25));
#8904 = VECTOR('',#8905,1.);
#8905 = DIRECTION('',(1.,0.));
#8906 = ( GEOMETRIC_REPRESENTATION_CONTEXT(2) 
PARAMETRIC_REPRESENTATION_CONTEXT() REPRESENTATION_CONTEXT('2D SPACE',''
  ) );
#8907 = ADVANCED_FACE('',(#8908),#8856,.T.);
#8908 = FACE_BOUND('',#8909,.T.);
#8909 = EDGE_LOOP('',(#8910,#8932,#8954,#8974));
#8910 = ORIENTED_EDGE('',*,*,#8911,.F.);
#8911 = EDGE_CURVE('',#8912,#8839,#8914,.T.);
#8912 = VERTEX_POINT('',#8913);
#8913 = CARTESIAN_POINT('',(1.75,0.25,0.875));
#8914 = SURFACE_CURVE('',#8915,(#8919,#8925),.PCURVE_S1.);
#8915 = LINE('',#8916,#8917);
#8916 = CARTESIAN_POINT('',(1.75,0.25,0.875));
#8917 = VECTOR('',#8918,1.);
#8918 = DIRECTION('',(0.,-1.,0.));
#8919 = PCURVE('',#8856,#8920);
#8920 = DEFINITIONAL_REPRESENTATION('',(#8921),#8924);
#8921 = B_SPLINE_CURVE_WITH_KNOTS('',1,(#8922,#8923),.UNSPECIFIED.,.F.,
  .F.,(2,2),(0.,0.5),.PIECEWISE_BEZIER_KNOTS.);
#8922 = CARTESIAN_POINT('',(0.25,0.25));
#8923 = CARTESIAN_POINT('',(0.25,-0.25));
#8924 = ( GEOMETRIC_REPRESENTATION_CONTEXT(2) 
PARAMETRIC_REPRESENTATION_CONTEXT() REPRESENTATION_CONTEXT('2D SPACE',''
  ) );
#8925 = PCURVE('',#7226,#8926);
#8926 = DEFINITIONAL_REPRESENTATION('',(#8927),#8931);
#8927 = LINE('',#8928,#8929);
#8928 = CARTESIAN_POINT('',(-6.25E-02,-0.25));
#8929 = VECTOR('',#8930,1.);
#8930 = DIRECTION('',(0.,1.));
#8931 = ( GEOMETRIC_REPRESENTATION_CONTEXT(2) 
PARAMETRIC_REPRESENTATION_CONTEXT() REPRESENTATION_CONTEXT('2D SPACE',''
  ) );
#8932 = ORIENTED_EDGE('',*,*,#8933,.F.);
#8933 = EDGE_CURVE('',#8934,#8912,#8936,.T.);
#8934 = VERTEX_POINT('',#8935);
#8935 = CARTESIAN_POINT('',(1.25,0.25,0.875));
#8936 = SURFACE_CURVE('',#8937,(#8941,#8947),.PCURVE_S1.);
#8937 = LINE('',#8938,#8939);
#8938 = CARTESIAN_POINT('',(1.25,0.25,0.875));
#8939 = VECTOR('',#8940,1.);
#8940 = DIRECTION('',(1.,0.,0.));
#8941 = PCURVE('',#8856,#8942);
#8942 = DEFINITIONAL_REPRESENTATION('',(#8943),#8946);
#8943 = B_SPLINE_CURVE_WITH_KNOTS('',1,(#8944,#8945),.UNSPECIFIED.,.F.,
  .F.,(2,2),(0.,0.5),.PIECEWISE_BEZIER_KNOTS.);
#8944 = CARTESIAN_POINT('',(-0.25,0.25));
#8945 = CARTESIAN_POINT('',(0.25,0.25));
#8946 = ( GEOMETRIC_REPRESENTATION_CONTEXT(2) 
PARAMETRIC_REPRESENTATION_CONTEXT() REPRESENTATION_CONTEXT('2D SPACE',''
  ) );
#8947 = PCURVE('',#7199,#8948);
#8948 = DEFINITIONAL_REPRESENTATION('',(#8949),#8953);
#8949 = LINE('',#8950,#8951);
#8950 = CARTESIAN_POINT('',(-6.25E-02,-0.25));
#8951 = VECTOR('',#8952,1.);
#8952 = DIRECTION('',(0.,1.));
#8953 = ( GEOMETRIC_REPRESENTATION_CONTEXT(2) 
PARAMETRIC_REPRESENTATION_CONTEXT() REPRESENTATION_CONTEXT('2D SPACE',''
  ) );
#8954 = ORIENTED_EDGE('',*,*,#8955,.F.);
#8955 = EDGE_CURVE('',#8841,#8934,#8956,.T.);
#8956 = SURFACE_CURVE('',#8957,(#8961,#8967),.PCURVE_S1.);
#8957 = LINE('',#8958,#8959);
#8958 = CARTESIAN_POINT('',(1.25,-0.25,0.875));
#8959 = VECTOR('',#8960,1.);
#8960 = DIRECTION('',(0.,1.,0.));
#8961 = PCURVE('',#8856,#8962);
#8962 = DEFINITIONAL_REPRESENTATION('',(#8963),#8966);
#8963 = B_SPLINE_CURVE_WITH_KNOTS('',1,(#8964,#8965),.UNSPECIFIED.,.F.,
  .F.,(2,2),(0.,0.5),.PIECEWISE_BEZIER_KNOTS.);
#8964 = CARTESIAN_POINT('',(-0.25,-0.25));
#8965 = CARTESIAN_POINT('',(-0.25,0.25));
#8966 = ( GEOMETRIC_REPRESENTATION_CONTEXT(2) 
PARAMETRIC_REPRESENTATION_CONTEXT() REPRESENTATION_CONTEXT('2D SPACE',''
  ) );
#8967 = PCURVE('',#7172,#8968);
#8968 = DEFINITIONAL_REPRESENTATION('',(#8969),#8973);
#8969 = LINE('',#8970,#8971);
#8970 = CARTESIAN_POINT('',(-6.25E-02,0.25));
#8971 = VECTOR('',#8972,1.);
#8972 = DIRECTION('',(0.,-1.));
#8973 = ( GEOMETRIC_REPRESENTATION_CONTEXT(2) 
PARAMETRIC_REPRESENTATION_CONTEXT() REPRESENTATION_CONTEXT('2D SPACE',''
  ) );
#8974 = ORIENTED_EDGE('',*,*,#8838,.F.);
#8975 = ADVANCED_FACE('',(#8976),#7226,.F.);
#8976 = FACE_BOUND('',#8977,.T.);
#8977 = EDGE_LOOP('',(#8978,#8979,#8980,#8981));
#8978 = ORIENTED_EDGE('',*,*,#8911,.T.);
#8979 = ORIENTED_EDGE('',*,*,#8888,.T.);
#8980 = ORIENTED_EDGE('',*,*,#7210,.F.);
#8981 = ORIENTED_EDGE('',*,*,#8982,.F.);
#8982 = EDGE_CURVE('',#8912,#7184,#8983,.T.);
#8983 = SURFACE_CURVE('',#8984,(#8988,#8994),.PCURVE_S1.);
#8984 = LINE('',#8985,#8986);
#8985 = CARTESIAN_POINT('',(1.75,0.25,0.875));
#8986 = VECTOR('',#8987,1.);
#8987 = DIRECTION('',(0.,0.,1.));
#8988 = PCURVE('',#7226,#8989);
#8989 = DEFINITIONAL_REPRESENTATION('',(#8990),#8993);
#8990 = B_SPLINE_CURVE_WITH_KNOTS('',1,(#8991,#8992),.UNSPECIFIED.,.F.,
  .F.,(2,2),(0.,0.125),.PIECEWISE_BEZIER_KNOTS.);
#8991 = CARTESIAN_POINT('',(-6.25E-02,-0.25));
#8992 = CARTESIAN_POINT('',(6.25E-02,-0.25));
#8993 = ( GEOMETRIC_REPRESENTATION_CONTEXT(2) 
PARAMETRIC_REPRESENTATION_CONTEXT() REPRESENTATION_CONTEXT('2D SPACE',''
  ) );
#8994 = PCURVE('',#7199,#8995);
#8995 = DEFINITIONAL_REPRESENTATION('',(#8996),#9000);
#8996 = LINE('',#8997,#8998);
#8997 = CARTESIAN_POINT('',(-6.25E-02,0.25));
#8998 = VECTOR('',#8999,1.);
#8999 = DIRECTION('',(1.,0.));
#9000 = ( GEOMETRIC_REPRESENTATION_CONTEXT(2) 
PARAMETRIC_REPRESENTATION_CONTEXT() REPRESENTATION_CONTEXT('2D SPACE',''
  ) );
#9001 = ADVANCED_FACE('',(#9002),#7199,.F.);
#9002 = FACE_BOUND('',#9003,.T.);
#9003 = EDGE_LOOP('',(#9004,#9005,#9006,#9007));
#9004 = ORIENTED_EDGE('',*,*,#8933,.T.);
#9005 = ORIENTED_EDGE('',*,*,#8982,.T.);
#9006 = ORIENTED_EDGE('',*,*,#7183,.F.);
#9007 = ORIENTED_EDGE('',*,*,#9008,.F.);
#9008 = EDGE_CURVE('',#8934,#7157,#9009,.T.);
#9009 = SURFACE_CURVE('',#9010,(#9014,#9020),.PCURVE_S1.);
#9010 = LINE('',#9011,#9012);
#9011 = CARTESIAN_POINT('',(1.25,0.25,0.875));
#9012 = VECTOR('',#9013,1.);
#9013 = DIRECTION('',(0.,0.,1.));
#9014 = PCURVE('',#7199,#9015);
#9015 = DEFINITIONAL_REPRESENTATION('',(#9016),#9019);
#9016 = B_SPLINE_CURVE_WITH_KNOTS('',1,(#9017,#9018),.UNSPECIFIED.,.F.,
  .F.,(2,2),(0.,0.125),.PIECEWISE_BEZIER_KNOTS.);
#9017 = CARTESIAN_POINT('',(-6.25E-02,-0.25));
#9018 = CARTESIAN_POINT('',(6.25E-02,-0.25));
#9019 = ( GEOMETRIC_REPRESENTATION_CONTEXT(2) 
PARAMETRIC_REPRESENTATION_CONTEXT() REPRESENTATION_CONTEXT('2D SPACE',''
  ) );
#9020 = PCURVE('',#7172,#9021);
#9021 = DEFINITIONAL_REPRESENTATION('',(#9022),#9026);
#9022 = LINE('',#9023,#9024);
#9023 = CARTESIAN_POINT('',(-6.25E-02,-0.25));
#9024 = VECTOR('',#9025,1.);
#9025 = DIRECTION('',(1.,0.));
#9026 = ( GEOMETRIC_REPRESENTATION_CONTEXT(2) 
PARAMETRIC_REPRESENTATION_CONTEXT() REPRESENTATION_CONTEXT('2D SPACE',''
  ) );
#9027 = ADVANCED_FACE('',(#9028),#7172,.T.);
#9028 = FACE_BOUND('',#9029,.T.);
#9029 = EDGE_LOOP('',(#9030,#9031,#9032,#9033));
#9030 = ORIENTED_EDGE('',*,*,#8955,.T.);
#9031 = ORIENTED_EDGE('',*,*,#9008,.T.);
#9032 = ORIENTED_EDGE('',*,*,#7154,.F.);
#9033 = ORIENTED_EDGE('',*,*,#8867,.T.);
#9034 = ADVANCED_FACE('',(#9035),#7070,.T.);
#9035 = FACE_BOUND('',#9036,.T.);
#9036 = EDGE_LOOP('',(#9037,#9060,#9061,#9084));
#9037 = ORIENTED_EDGE('',*,*,#9038,.F.);
#9038 = EDGE_CURVE('',#5749,#9039,#9041,.T.);
#9039 = VERTEX_POINT('',#9040);
#9040 = CARTESIAN_POINT('',(1.893314123154,0.5625,0.8125));
#9041 = SURFACE_CURVE('',#9042,(#9046,#9053),.PCURVE_S1.);
#9042 = LINE('',#9043,#9044);
#9043 = CARTESIAN_POINT('',(1.893314123154,0.5625,1.));
#9044 = VECTOR('',#9045,1.);
#9045 = DIRECTION('',(0.,0.,-1.));
#9046 = PCURVE('',#7070,#9047);
#9047 = DEFINITIONAL_REPRESENTATION('',(#9048),#9052);
#9048 = LINE('',#9049,#9050);
#9049 = CARTESIAN_POINT('',(7.196173867912E-02,-4.071173867912E-02));
#9050 = VECTOR('',#9051,1.);
#9051 = DIRECTION('',(-1.,0.));
#9052 = ( GEOMETRIC_REPRESENTATION_CONTEXT(2) 
PARAMETRIC_REPRESENTATION_CONTEXT() REPRESENTATION_CONTEXT('2D SPACE',''
  ) );
#9053 = PCURVE('',#5766,#9054);
#9054 = DEFINITIONAL_REPRESENTATION('',(#9055),#9059);
#9055 = LINE('',#9056,#9057);
#9056 = CARTESIAN_POINT('',(-1.602627245287E-02,8.861820540878E-02));
#9057 = VECTOR('',#9058,1.);
#9058 = DIRECTION('',(0.,-1.));
#9059 = ( GEOMETRIC_REPRESENTATION_CONTEXT(2) 
PARAMETRIC_REPRESENTATION_CONTEXT() REPRESENTATION_CONTEXT('2D SPACE',''
  ) );
#9060 = ORIENTED_EDGE('',*,*,#7056,.F.);
#9061 = ORIENTED_EDGE('',*,*,#9062,.F.);
#9062 = EDGE_CURVE('',#9063,#7029,#9065,.T.);
#9063 = VERTEX_POINT('',#9064);
#9064 = CARTESIAN_POINT('',(1.893314123154,-0.5625,0.8125));
#9065 = SURFACE_CURVE('',#9066,(#9070,#9077),.PCURVE_S1.);
#9066 = LINE('',#9067,#9068);
#9067 = CARTESIAN_POINT('',(1.893314123154,-0.5625,0.8125));
#9068 = VECTOR('',#9069,1.);
#9069 = DIRECTION('',(0.,0.,1.));
#9070 = PCURVE('',#7070,#9071);
#9071 = DEFINITIONAL_REPRESENTATION('',(#9072),#9076);
#9072 = LINE('',#9073,#9074);
#9073 = CARTESIAN_POINT('',(-0.115538261321,1.084288261321));
#9074 = VECTOR('',#9075,1.);
#9075 = DIRECTION('',(1.,0.));
#9076 = ( GEOMETRIC_REPRESENTATION_CONTEXT(2) 
PARAMETRIC_REPRESENTATION_CONTEXT() REPRESENTATION_CONTEXT('2D SPACE',''
  ) );
#9077 = PCURVE('',#7044,#9078);
#9078 = DEFINITIONAL_REPRESENTATION('',(#9079),#9083);
#9079 = LINE('',#9080,#9081);
#9080 = CARTESIAN_POINT('',(5.762683270431E-03,-9.888179459122E-02));
#9081 = VECTOR('',#9082,1.);
#9082 = DIRECTION('',(0.,1.));
#9083 = ( GEOMETRIC_REPRESENTATION_CONTEXT(2) 
PARAMETRIC_REPRESENTATION_CONTEXT() REPRESENTATION_CONTEXT('2D SPACE',''
  ) );
#9084 = ORIENTED_EDGE('',*,*,#9085,.F.);
#9085 = EDGE_CURVE('',#9039,#9063,#9086,.T.);
#9086 = SURFACE_CURVE('',#9087,(#9091,#9098),.PCURVE_S1.);
#9087 = LINE('',#9088,#9089);
#9088 = CARTESIAN_POINT('',(1.893314123154,0.5625,0.8125));
#9089 = VECTOR('',#9090,1.);
#9090 = DIRECTION('',(0.,-1.,0.));
#9091 = PCURVE('',#7070,#9092);
#9092 = DEFINITIONAL_REPRESENTATION('',(#9093),#9097);
#9093 = LINE('',#9094,#9095);
#9094 = CARTESIAN_POINT('',(-0.115538261321,-4.071173867912E-02));
#9095 = VECTOR('',#9096,1.);
#9096 = DIRECTION('',(0.,1.));
#9097 = ( GEOMETRIC_REPRESENTATION_CONTEXT(2) 
PARAMETRIC_REPRESENTATION_CONTEXT() REPRESENTATION_CONTEXT('2D SPACE',''
  ) );
#9098 = PCURVE('',#9099,#9104);
#9099 = PLANE('',#9100);
#9100 = AXIS2_PLACEMENT_3D('',#9101,#9102,#9103);
#9101 = CARTESIAN_POINT('',(2.149815688328,1.736030939548E-02,0.8125));
#9102 = DIRECTION('',(0.,0.,1.));
#9103 = DIRECTION('',(1.,0.,-0.));
#9104 = DEFINITIONAL_REPRESENTATION('',(#9105),#9109);
#9105 = LINE('',#9106,#9107);
#9106 = CARTESIAN_POINT('',(-0.256501565174,0.545139690605));
#9107 = VECTOR('',#9108,1.);
#9108 = DIRECTION('',(0.,-1.));
#9109 = ( GEOMETRIC_REPRESENTATION_CONTEXT(2) 
PARAMETRIC_REPRESENTATION_CONTEXT() REPRESENTATION_CONTEXT('2D SPACE',''
  ) );
#9110 = ADVANCED_FACE('',(#9111),#9099,.T.);
#9111 = FACE_BOUND('',#9112,.T.);
#9112 = EDGE_LOOP('',(#9113,#9143,#9165,#9188,#9211,#9234,#9257,#9280,
    #9303,#9326,#9349,#9372,#9393,#9394,#9417,#9440,#9463,#9486,#9509,
    #9532,#9555,#9578,#9601,#9624,#9646,#9674,#9702,#9730,#9758,#9786,
    #9814,#9842,#9870,#9898,#9926,#9954,#9982,#10010,#10038,#10066,
    #10094,#10122,#10150,#10178,#10206,#10234,#10262,#10290,#10318,
    #10346,#10374,#10402,#10430,#10458,#10486,#10514,#10542,#10570,
    #10598,#10626,#10654,#10682,#10710,#10738,#10766,#10794,#10822,
    #10850,#10878,#10906,#10934,#10962,#10990,#11018,#11046,#11074,
    #11102,#11130,#11158,#11186,#11214,#11242,#11270,#11298,#11326,
    #11354,#11382,#11410,#11438,#11466,#11494,#11522,#11550,#11578,
    #11606,#11634,#11662,#11690));
#9113 = ORIENTED_EDGE('',*,*,#9114,.T.);
#9114 = EDGE_CURVE('',#9115,#9117,#9119,.T.);
#9115 = VERTEX_POINT('',#9116);
#9116 = CARTESIAN_POINT('',(2.417679071426,0.454540520906,0.8125));
#9117 = VERTEX_POINT('',#9118);
#9118 = CARTESIAN_POINT('',(2.5,0.437550336123,0.8125));
#9119 = SURFACE_CURVE('',#9120,(#9124,#9131),.PCURVE_S1.);
#9120 = LINE('',#9121,#9122);
#9121 = CARTESIAN_POINT('',(2.417679071426,0.454540520906,0.8125));
#9122 = VECTOR('',#9123,1.);
#9123 = DIRECTION('',(0.97935880575,-0.202129487213,0.));
#9124 = PCURVE('',#9099,#9125);
#9125 = DEFINITIONAL_REPRESENTATION('',(#9126),#9130);
#9126 = LINE('',#9127,#9128);
#9127 = CARTESIAN_POINT('',(0.267863383099,0.437180211511));
#9128 = VECTOR('',#9129,1.);
#9129 = DIRECTION('',(0.97935880575,-0.202129487213));
#9130 = ( GEOMETRIC_REPRESENTATION_CONTEXT(2) 
PARAMETRIC_REPRESENTATION_CONTEXT() REPRESENTATION_CONTEXT('2D SPACE',''
  ) );
#9131 = PCURVE('',#9132,#9137);
#9132 = PLANE('',#9133);
#9133 = AXIS2_PLACEMENT_3D('',#9134,#9135,#9136);
#9134 = CARTESIAN_POINT('',(2.475017775669,0.442706407793,0.735269216308
    ));
#9135 = DIRECTION('',(-0.202129487213,-0.97935880575,-0.));
#9136 = DIRECTION('',(-0.97935880575,0.202129487213,0.));
#9137 = DEFINITIONAL_REPRESENTATION('',(#9138),#9142);
#9138 = LINE('',#9139,#9140);
#9139 = CARTESIAN_POINT('',(5.854718812549E-02,-7.723078369154E-02));
#9140 = VECTOR('',#9141,1.);
#9141 = DIRECTION('',(-1.,0.));
#9142 = ( GEOMETRIC_REPRESENTATION_CONTEXT(2) 
PARAMETRIC_REPRESENTATION_CONTEXT() REPRESENTATION_CONTEXT('2D SPACE',''
  ) );
#9143 = ORIENTED_EDGE('',*,*,#9144,.F.);
#9144 = EDGE_CURVE('',#9145,#9117,#9147,.T.);
#9145 = VERTEX_POINT('',#9146);
#9146 = CARTESIAN_POINT('',(2.5,0.6875,0.8125));
#9147 = SURFACE_CURVE('',#9148,(#9152,#9158),.PCURVE_S1.);
#9148 = LINE('',#9149,#9150);
#9149 = CARTESIAN_POINT('',(2.5,0.6875,0.8125));
#9150 = VECTOR('',#9151,1.);
#9151 = DIRECTION('',(0.,-1.,0.));
#9152 = PCURVE('',#9099,#9153);
#9153 = DEFINITIONAL_REPRESENTATION('',(#9154),#9157);
#9154 = B_SPLINE_CURVE_WITH_KNOTS('',1,(#9155,#9156),.UNSPECIFIED.,.F.,
  .F.,(2,2),(0.,0.249949663877),.PIECEWISE_BEZIER_KNOTS.);
#9155 = CARTESIAN_POINT('',(0.350184311672,0.670139690605));
#9156 = CARTESIAN_POINT('',(0.350184311672,0.420190026727));
#9157 = ( GEOMETRIC_REPRESENTATION_CONTEXT(2) 
PARAMETRIC_REPRESENTATION_CONTEXT() REPRESENTATION_CONTEXT('2D SPACE',''
  ) );
#9158 = PCURVE('',#6046,#9159);
#9159 = DEFINITIONAL_REPRESENTATION('',(#9160),#9164);
#9160 = LINE('',#9161,#9162);
#9161 = CARTESIAN_POINT('',(-8.928571428571E-03,-0.71962370617));
#9162 = VECTOR('',#9163,1.);
#9163 = DIRECTION('',(0.,1.));
#9164 = ( GEOMETRIC_REPRESENTATION_CONTEXT(2) 
PARAMETRIC_REPRESENTATION_CONTEXT() REPRESENTATION_CONTEXT('2D SPACE',''
  ) );
#9165 = ORIENTED_EDGE('',*,*,#9166,.T.);
#9166 = EDGE_CURVE('',#9145,#9167,#9169,.T.);
#9167 = VERTEX_POINT('',#9168);
#9168 = CARTESIAN_POINT('',(2.018314123154,0.6875,0.8125));
#9169 = SURFACE_CURVE('',#9170,(#9174,#9181),.PCURVE_S1.);
#9170 = LINE('',#9171,#9172);
#9171 = CARTESIAN_POINT('',(2.5,0.6875,0.8125));
#9172 = VECTOR('',#9173,1.);
#9173 = DIRECTION('',(-1.,0.,0.));
#9174 = PCURVE('',#9099,#9175);
#9175 = DEFINITIONAL_REPRESENTATION('',(#9176),#9180);
#9176 = LINE('',#9177,#9178);
#9177 = CARTESIAN_POINT('',(0.350184311672,0.670139690605));
#9178 = VECTOR('',#9179,1.);
#9179 = DIRECTION('',(-1.,0.));
#9180 = ( GEOMETRIC_REPRESENTATION_CONTEXT(2) 
PARAMETRIC_REPRESENTATION_CONTEXT() REPRESENTATION_CONTEXT('2D SPACE',''
  ) );
#9181 = PCURVE('',#6018,#9182);
#9182 = DEFINITIONAL_REPRESENTATION('',(#9183),#9187);
#9183 = LINE('',#9184,#9185);
#9184 = CARTESIAN_POINT('',(0.131823422227,0.202769516197));
#9185 = VECTOR('',#9186,1.);
#9186 = DIRECTION('',(0.,-1.));
#9187 = ( GEOMETRIC_REPRESENTATION_CONTEXT(2) 
PARAMETRIC_REPRESENTATION_CONTEXT() REPRESENTATION_CONTEXT('2D SPACE',''
  ) );
#9188 = ORIENTED_EDGE('',*,*,#9189,.T.);
#9189 = EDGE_CURVE('',#9167,#9190,#9192,.T.);
#9190 = VERTEX_POINT('',#9191);
#9191 = CARTESIAN_POINT('',(1.996608018875,0.685600936413,0.8125));
#9192 = SURFACE_CURVE('',#9193,(#9197,#9204),.PCURVE_S1.);
#9193 = LINE('',#9194,#9195);
#9194 = CARTESIAN_POINT('',(2.018314123154,0.6875,0.8125));
#9195 = VECTOR('',#9196,1.);
#9196 = DIRECTION('',(-0.996194596346,-8.715690569787E-02,0.));
#9197 = PCURVE('',#9099,#9198);
#9198 = DEFINITIONAL_REPRESENTATION('',(#9199),#9203);
#9199 = LINE('',#9200,#9201);
#9200 = CARTESIAN_POINT('',(-0.131501565174,0.670139690605));
#9201 = VECTOR('',#9202,1.);
#9202 = DIRECTION('',(-0.996194596346,-8.715690569787E-02));
#9203 = ( GEOMETRIC_REPRESENTATION_CONTEXT(2) 
PARAMETRIC_REPRESENTATION_CONTEXT() REPRESENTATION_CONTEXT('2D SPACE',''
  ) );
#9204 = PCURVE('',#5990,#9205);
#9205 = DEFINITIONAL_REPRESENTATION('',(#9206),#9210);
#9206 = LINE('',#9207,#9208);
#9207 = CARTESIAN_POINT('',(-5.762701277036E-03,9.888180887097E-02));
#9208 = VECTOR('',#9209,1.);
#9209 = DIRECTION('',(1.,0.));
#9210 = ( GEOMETRIC_REPRESENTATION_CONTEXT(2) 
PARAMETRIC_REPRESENTATION_CONTEXT() REPRESENTATION_CONTEXT('2D SPACE',''
  ) );
#9211 = ORIENTED_EDGE('',*,*,#9212,.T.);
#9212 = EDGE_CURVE('',#9190,#9213,#9215,.T.);
#9213 = VERTEX_POINT('',#9214);
#9214 = CARTESIAN_POINT('',(1.975561499596,0.679961562157,0.8125));
#9215 = SURFACE_CURVE('',#9216,(#9220,#9227),.PCURVE_S1.);
#9216 = LINE('',#9217,#9218);
#9217 = CARTESIAN_POINT('',(1.996608018875,0.685600936413,0.8125));
#9218 = VECTOR('',#9219,1.);
#9219 = DIRECTION('',(-0.965926096934,-0.258818035041,0.));
#9220 = PCURVE('',#9099,#9221);
#9221 = DEFINITIONAL_REPRESENTATION('',(#9222),#9226);
#9222 = LINE('',#9223,#9224);
#9223 = CARTESIAN_POINT('',(-0.153207669453,0.668240627017));
#9224 = VECTOR('',#9225,1.);
#9225 = DIRECTION('',(-0.965926096934,-0.258818035041));
#9226 = ( GEOMETRIC_REPRESENTATION_CONTEXT(2) 
PARAMETRIC_REPRESENTATION_CONTEXT() REPRESENTATION_CONTEXT('2D SPACE',''
  ) );
#9227 = PCURVE('',#5962,#9228);
#9228 = DEFINITIONAL_REPRESENTATION('',(#9229),#9233);
#9229 = LINE('',#9230,#9231);
#9230 = CARTESIAN_POINT('',(-1.602627119967E-02,8.861820579308E-02));
#9231 = VECTOR('',#9232,1.);
#9232 = DIRECTION('',(1.,0.));
#9233 = ( GEOMETRIC_REPRESENTATION_CONTEXT(2) 
PARAMETRIC_REPRESENTATION_CONTEXT() REPRESENTATION_CONTEXT('2D SPACE',''
  ) );
#9234 = ORIENTED_EDGE('',*,*,#9235,.T.);
#9235 = EDGE_CURVE('',#9213,#9236,#9238,.T.);
#9236 = VERTEX_POINT('',#9237);
#9237 = CARTESIAN_POINT('',(1.955814123154,0.670753180981,0.8125));
#9238 = SURFACE_CURVE('',#9239,(#9243,#9250),.PCURVE_S1.);
#9239 = LINE('',#9240,#9241);
#9240 = CARTESIAN_POINT('',(1.975561499596,0.679961562157,0.8125));
#9241 = VECTOR('',#9242,1.);
#9242 = DIRECTION('',(-0.906307289333,-0.422619329068,0.));
#9243 = PCURVE('',#9099,#9244);
#9244 = DEFINITIONAL_REPRESENTATION('',(#9245),#9249);
#9245 = LINE('',#9246,#9247);
#9246 = CARTESIAN_POINT('',(-0.174254188732,0.662601252761));
#9247 = VECTOR('',#9248,1.);
#9248 = DIRECTION('',(-0.906307289333,-0.422619329068));
#9249 = ( GEOMETRIC_REPRESENTATION_CONTEXT(2) 
PARAMETRIC_REPRESENTATION_CONTEXT() REPRESENTATION_CONTEXT('2D SPACE',''
  ) );
#9250 = PCURVE('',#5934,#9251);
#9251 = DEFINITIONAL_REPRESENTATION('',(#9252),#9256);
#9252 = LINE('',#9253,#9254);
#9253 = CARTESIAN_POINT('',(-1.602618257376E-02,8.861823297071E-02));
#9254 = VECTOR('',#9255,1.);
#9255 = DIRECTION('',(1.,0.));
#9256 = ( GEOMETRIC_REPRESENTATION_CONTEXT(2) 
PARAMETRIC_REPRESENTATION_CONTEXT() REPRESENTATION_CONTEXT('2D SPACE',''
  ) );
#9257 = ORIENTED_EDGE('',*,*,#9258,.T.);
#9258 = EDGE_CURVE('',#9236,#9259,#9261,.T.);
#9259 = VERTEX_POINT('',#9260);
#9260 = CARTESIAN_POINT('',(1.937965512276,0.658255577087,0.8125));
#9261 = SURFACE_CURVE('',#9262,(#9266,#9273),.PCURVE_S1.);
#9262 = LINE('',#9263,#9264);
#9263 = CARTESIAN_POINT('',(1.955814123154,0.670753180981,0.8125));
#9264 = VECTOR('',#9265,1.);
#9265 = DIRECTION('',(-0.819154804181,-0.573572494796,0.));
#9266 = PCURVE('',#9099,#9267);
#9267 = DEFINITIONAL_REPRESENTATION('',(#9268),#9272);
#9268 = LINE('',#9269,#9270);
#9269 = CARTESIAN_POINT('',(-0.194001565174,0.653392871585));
#9270 = VECTOR('',#9271,1.);
#9271 = DIRECTION('',(-0.819154804181,-0.573572494796));
#9272 = ( GEOMETRIC_REPRESENTATION_CONTEXT(2) 
PARAMETRIC_REPRESENTATION_CONTEXT() REPRESENTATION_CONTEXT('2D SPACE',''
  ) );
#9273 = PCURVE('',#5906,#9274);
#9274 = DEFINITIONAL_REPRESENTATION('',(#9275),#9279);
#9275 = LINE('',#9276,#9277);
#9276 = CARTESIAN_POINT('',(-5.762711565969E-03,9.888181703039E-02));
#9277 = VECTOR('',#9278,1.);
#9278 = DIRECTION('',(1.,0.));
#9279 = ( GEOMETRIC_REPRESENTATION_CONTEXT(2) 
PARAMETRIC_REPRESENTATION_CONTEXT() REPRESENTATION_CONTEXT('2D SPACE',''
  ) );
#9280 = ORIENTED_EDGE('',*,*,#9281,.T.);
#9281 = EDGE_CURVE('',#9259,#9282,#9284,.T.);
#9282 = VERTEX_POINT('',#9283);
#9283 = CARTESIAN_POINT('',(1.922558546066,0.642848491669,0.8125));
#9284 = SURFACE_CURVE('',#9285,(#9289,#9296),.PCURVE_S1.);
#9285 = LINE('',#9286,#9287);
#9286 = CARTESIAN_POINT('',(1.937965512276,0.658255577087,0.8125));
#9287 = VECTOR('',#9288,1.);
#9288 = DIRECTION('',(-0.707104045621,-0.707109516742,0.));
#9289 = PCURVE('',#9099,#9290);
#9290 = DEFINITIONAL_REPRESENTATION('',(#9291),#9295);
#9291 = LINE('',#9292,#9293);
#9292 = CARTESIAN_POINT('',(-0.211850176052,0.640895267692));
#9293 = VECTOR('',#9294,1.);
#9294 = DIRECTION('',(-0.707104045621,-0.707109516742));
#9295 = ( GEOMETRIC_REPRESENTATION_CONTEXT(2) 
PARAMETRIC_REPRESENTATION_CONTEXT() REPRESENTATION_CONTEXT('2D SPACE',''
  ) );
#9296 = PCURVE('',#5878,#9297);
#9297 = DEFINITIONAL_REPRESENTATION('',(#9298),#9302);
#9298 = LINE('',#9299,#9300);
#9299 = CARTESIAN_POINT('',(5.762646778821E-03,-9.88817656523E-02));
#9300 = VECTOR('',#9301,1.);
#9301 = DIRECTION('',(-1.,0.));
#9302 = ( GEOMETRIC_REPRESENTATION_CONTEXT(2) 
PARAMETRIC_REPRESENTATION_CONTEXT() REPRESENTATION_CONTEXT('2D SPACE',''
  ) );
#9303 = ORIENTED_EDGE('',*,*,#9304,.T.);
#9304 = EDGE_CURVE('',#9282,#9305,#9307,.T.);
#9305 = VERTEX_POINT('',#9306);
#9306 = CARTESIAN_POINT('',(1.910060882568,0.625,0.8125));
#9307 = SURFACE_CURVE('',#9308,(#9312,#9319),.PCURVE_S1.);
#9308 = LINE('',#9309,#9310);
#9309 = CARTESIAN_POINT('',(1.922558546066,0.642848491669,0.8125));
#9310 = VECTOR('',#9311,1.);
#9311 = DIRECTION('',(-0.573576900931,-0.819151718986,0.));
#9312 = PCURVE('',#9099,#9313);
#9313 = DEFINITIONAL_REPRESENTATION('',(#9314),#9318);
#9314 = LINE('',#9315,#9316);
#9315 = CARTESIAN_POINT('',(-0.227257142262,0.625488182273));
#9316 = VECTOR('',#9317,1.);
#9317 = DIRECTION('',(-0.573576900931,-0.819151718986));
#9318 = ( GEOMETRIC_REPRESENTATION_CONTEXT(2) 
PARAMETRIC_REPRESENTATION_CONTEXT() REPRESENTATION_CONTEXT('2D SPACE',''
  ) );
#9319 = PCURVE('',#5850,#9320);
#9320 = DEFINITIONAL_REPRESENTATION('',(#9321),#9325);
#9321 = LINE('',#9322,#9323);
#9322 = CARTESIAN_POINT('',(5.762693868825E-03,-9.888180299605E-02));
#9323 = VECTOR('',#9324,1.);
#9324 = DIRECTION('',(-1.,0.));
#9325 = ( GEOMETRIC_REPRESENTATION_CONTEXT(2) 
PARAMETRIC_REPRESENTATION_CONTEXT() REPRESENTATION_CONTEXT('2D SPACE',''
  ) );
#9326 = ORIENTED_EDGE('',*,*,#9327,.T.);
#9327 = EDGE_CURVE('',#9305,#9328,#9330,.T.);
#9328 = VERTEX_POINT('',#9329);
#9329 = CARTESIAN_POINT('',(1.900852560997,0.605252563953,0.8125));
#9330 = SURFACE_CURVE('',#9331,(#9335,#9342),.PCURVE_S1.);
#9331 = LINE('',#9332,#9333);
#9332 = CARTESIAN_POINT('',(1.910060882568,0.625,0.8125));
#9333 = VECTOR('',#9334,1.);
#9334 = DIRECTION('',(-0.422616034319,-0.906308825697,0.));
#9335 = PCURVE('',#9099,#9336);
#9336 = DEFINITIONAL_REPRESENTATION('',(#9337),#9341);
#9337 = LINE('',#9338,#9339);
#9338 = CARTESIAN_POINT('',(-0.23975480576,0.607639690605));
#9339 = VECTOR('',#9340,1.);
#9340 = DIRECTION('',(-0.422616034319,-0.906308825697));
#9341 = ( GEOMETRIC_REPRESENTATION_CONTEXT(2) 
PARAMETRIC_REPRESENTATION_CONTEXT() REPRESENTATION_CONTEXT('2D SPACE',''
  ) );
#9342 = PCURVE('',#5822,#9343);
#9343 = DEFINITIONAL_REPRESENTATION('',(#9344),#9348);
#9344 = LINE('',#9345,#9346);
#9345 = CARTESIAN_POINT('',(1.602620336444E-02,-8.861822659514E-02));
#9346 = VECTOR('',#9347,1.);
#9347 = DIRECTION('',(-1.,0.));
#9348 = ( GEOMETRIC_REPRESENTATION_CONTEXT(2) 
PARAMETRIC_REPRESENTATION_CONTEXT() REPRESENTATION_CONTEXT('2D SPACE',''
  ) );
#9349 = ORIENTED_EDGE('',*,*,#9350,.T.);
#9350 = EDGE_CURVE('',#9328,#9351,#9353,.T.);
#9351 = VERTEX_POINT('',#9352);
#9352 = CARTESIAN_POINT('',(1.895213127136,0.584206044674,0.8125));
#9353 = SURFACE_CURVE('',#9354,(#9358,#9365),.PCURVE_S1.);
#9354 = LINE('',#9355,#9356);
#9355 = CARTESIAN_POINT('',(1.900852560997,0.605252563953,0.8125));
#9356 = VECTOR('',#9357,1.);
#9357 = DIRECTION('',(-0.258820587337,-0.965925413047,0.));
#9358 = PCURVE('',#9099,#9359);
#9359 = DEFINITIONAL_REPRESENTATION('',(#9360),#9364);
#9360 = LINE('',#9361,#9362);
#9361 = CARTESIAN_POINT('',(-0.248963127331,0.587892254558));
#9362 = VECTOR('',#9363,1.);
#9363 = DIRECTION('',(-0.258820587337,-0.965925413047));
#9364 = ( GEOMETRIC_REPRESENTATION_CONTEXT(2) 
PARAMETRIC_REPRESENTATION_CONTEXT() REPRESENTATION_CONTEXT('2D SPACE',''
  ) );
#9365 = PCURVE('',#5794,#9366);
#9366 = DEFINITIONAL_REPRESENTATION('',(#9367),#9371);
#9367 = LINE('',#9368,#9369);
#9368 = CARTESIAN_POINT('',(1.602628232461E-02,-8.861820238156E-02));
#9369 = VECTOR('',#9370,1.);
#9370 = DIRECTION('',(-1.,0.));
#9371 = ( GEOMETRIC_REPRESENTATION_CONTEXT(2) 
PARAMETRIC_REPRESENTATION_CONTEXT() REPRESENTATION_CONTEXT('2D SPACE',''
  ) );
#9372 = ORIENTED_EDGE('',*,*,#9373,.T.);
#9373 = EDGE_CURVE('',#9351,#9039,#9374,.T.);
#9374 = SURFACE_CURVE('',#9375,(#9379,#9386),.PCURVE_S1.);
#9375 = LINE('',#9376,#9377);
#9376 = CARTESIAN_POINT('',(1.895213127136,0.584206044674,0.8125));
#9377 = VECTOR('',#9378,1.);
#9378 = DIRECTION('',(-8.715442844805E-02,-0.996194813077,0.));
#9379 = PCURVE('',#9099,#9380);
#9380 = DEFINITIONAL_REPRESENTATION('',(#9381),#9385);
#9381 = LINE('',#9382,#9383);
#9382 = CARTESIAN_POINT('',(-0.254602561192,0.566845735278));
#9383 = VECTOR('',#9384,1.);
#9384 = DIRECTION('',(-8.715442844805E-02,-0.996194813077));
#9385 = ( GEOMETRIC_REPRESENTATION_CONTEXT(2) 
PARAMETRIC_REPRESENTATION_CONTEXT() REPRESENTATION_CONTEXT('2D SPACE',''
  ) );
#9386 = PCURVE('',#5766,#9387);
#9387 = DEFINITIONAL_REPRESENTATION('',(#9388),#9392);
#9388 = LINE('',#9389,#9390);
#9389 = CARTESIAN_POINT('',(5.762683270431E-03,-9.888179459122E-02));
#9390 = VECTOR('',#9391,1.);
#9391 = DIRECTION('',(-1.,0.));
#9392 = ( GEOMETRIC_REPRESENTATION_CONTEXT(2) 
PARAMETRIC_REPRESENTATION_CONTEXT() REPRESENTATION_CONTEXT('2D SPACE',''
  ) );
#9393 = ORIENTED_EDGE('',*,*,#9085,.T.);
#9394 = ORIENTED_EDGE('',*,*,#9395,.T.);
#9395 = EDGE_CURVE('',#9063,#9396,#9398,.T.);
#9396 = VERTEX_POINT('',#9397);
#9397 = CARTESIAN_POINT('',(1.895213127136,-0.584206044674,0.8125));
#9398 = SURFACE_CURVE('',#9399,(#9403,#9410),.PCURVE_S1.);
#9399 = LINE('',#9400,#9401);
#9400 = CARTESIAN_POINT('',(1.893314123154,-0.5625,0.8125));
#9401 = VECTOR('',#9402,1.);
#9402 = DIRECTION('',(8.715442844805E-02,-0.996194813077,0.));
#9403 = PCURVE('',#9099,#9404);
#9404 = DEFINITIONAL_REPRESENTATION('',(#9405),#9409);
#9405 = LINE('',#9406,#9407);
#9406 = CARTESIAN_POINT('',(-0.256501565174,-0.579860309395));
#9407 = VECTOR('',#9408,1.);
#9408 = DIRECTION('',(8.715442844805E-02,-0.996194813077));
#9409 = ( GEOMETRIC_REPRESENTATION_CONTEXT(2) 
PARAMETRIC_REPRESENTATION_CONTEXT() REPRESENTATION_CONTEXT('2D SPACE',''
  ) );
#9410 = PCURVE('',#7044,#9411);
#9411 = DEFINITIONAL_REPRESENTATION('',(#9412),#9416);
#9412 = LINE('',#9413,#9414);
#9413 = CARTESIAN_POINT('',(5.762683270431E-03,-9.888179459122E-02));
#9414 = VECTOR('',#9415,1.);
#9415 = DIRECTION('',(-1.,0.));
#9416 = ( GEOMETRIC_REPRESENTATION_CONTEXT(2) 
PARAMETRIC_REPRESENTATION_CONTEXT() REPRESENTATION_CONTEXT('2D SPACE',''
  ) );
#9417 = ORIENTED_EDGE('',*,*,#9418,.T.);
#9418 = EDGE_CURVE('',#9396,#9419,#9421,.T.);
#9419 = VERTEX_POINT('',#9420);
#9420 = CARTESIAN_POINT('',(1.900852560997,-0.605252563953,0.8125));
#9421 = SURFACE_CURVE('',#9422,(#9426,#9433),.PCURVE_S1.);
#9422 = LINE('',#9423,#9424);
#9423 = CARTESIAN_POINT('',(1.895213127136,-0.584206044674,0.8125));
#9424 = VECTOR('',#9425,1.);
#9425 = DIRECTION('',(0.258820587337,-0.965925413047,0.));
#9426 = PCURVE('',#9099,#9427);
#9427 = DEFINITIONAL_REPRESENTATION('',(#9428),#9432);
#9428 = LINE('',#9429,#9430);
#9429 = CARTESIAN_POINT('',(-0.254602561192,-0.601566354069));
#9430 = VECTOR('',#9431,1.);
#9431 = DIRECTION('',(0.258820587337,-0.965925413047));
#9432 = ( GEOMETRIC_REPRESENTATION_CONTEXT(2) 
PARAMETRIC_REPRESENTATION_CONTEXT() REPRESENTATION_CONTEXT('2D SPACE',''
  ) );
#9433 = PCURVE('',#7016,#9434);
#9434 = DEFINITIONAL_REPRESENTATION('',(#9435),#9439);
#9435 = LINE('',#9436,#9437);
#9436 = CARTESIAN_POINT('',(5.762687087725E-03,-9.888179761844E-02));
#9437 = VECTOR('',#9438,1.);
#9438 = DIRECTION('',(-1.,0.));
#9439 = ( GEOMETRIC_REPRESENTATION_CONTEXT(2) 
PARAMETRIC_REPRESENTATION_CONTEXT() REPRESENTATION_CONTEXT('2D SPACE',''
  ) );
#9440 = ORIENTED_EDGE('',*,*,#9441,.T.);
#9441 = EDGE_CURVE('',#9419,#9442,#9444,.T.);
#9442 = VERTEX_POINT('',#9443);
#9443 = CARTESIAN_POINT('',(1.910060882568,-0.625,0.8125));
#9444 = SURFACE_CURVE('',#9445,(#9449,#9456),.PCURVE_S1.);
#9445 = LINE('',#9446,#9447);
#9446 = CARTESIAN_POINT('',(1.900852560997,-0.605252563953,0.8125));
#9447 = VECTOR('',#9448,1.);
#9448 = DIRECTION('',(0.422616034319,-0.906308825697,0.));
#9449 = PCURVE('',#9099,#9450);
#9450 = DEFINITIONAL_REPRESENTATION('',(#9451),#9455);
#9451 = LINE('',#9452,#9453);
#9452 = CARTESIAN_POINT('',(-0.248963127331,-0.622612873349));
#9453 = VECTOR('',#9454,1.);
#9454 = DIRECTION('',(0.422616034319,-0.906308825697));
#9455 = ( GEOMETRIC_REPRESENTATION_CONTEXT(2) 
PARAMETRIC_REPRESENTATION_CONTEXT() REPRESENTATION_CONTEXT('2D SPACE',''
  ) );
#9456 = PCURVE('',#6988,#9457);
#9457 = DEFINITIONAL_REPRESENTATION('',(#9458),#9462);
#9458 = LINE('',#9459,#9460);
#9459 = CARTESIAN_POINT('',(1.602620336444E-02,-8.861822659514E-02));
#9460 = VECTOR('',#9461,1.);
#9461 = DIRECTION('',(-1.,0.));
#9462 = ( GEOMETRIC_REPRESENTATION_CONTEXT(2) 
PARAMETRIC_REPRESENTATION_CONTEXT() REPRESENTATION_CONTEXT('2D SPACE',''
  ) );
#9463 = ORIENTED_EDGE('',*,*,#9464,.T.);
#9464 = EDGE_CURVE('',#9442,#9465,#9467,.T.);
#9465 = VERTEX_POINT('',#9466);
#9466 = CARTESIAN_POINT('',(1.922558546066,-0.642848491669,0.8125));
#9467 = SURFACE_CURVE('',#9468,(#9472,#9479),.PCURVE_S1.);
#9468 = LINE('',#9469,#9470);
#9469 = CARTESIAN_POINT('',(1.910060882568,-0.625,0.8125));
#9470 = VECTOR('',#9471,1.);
#9471 = DIRECTION('',(0.573576900931,-0.819151718986,0.));
#9472 = PCURVE('',#9099,#9473);
#9473 = DEFINITIONAL_REPRESENTATION('',(#9474),#9478);
#9474 = LINE('',#9475,#9476);
#9475 = CARTESIAN_POINT('',(-0.23975480576,-0.642360309395));
#9476 = VECTOR('',#9477,1.);
#9477 = DIRECTION('',(0.573576900931,-0.819151718986));
#9478 = ( GEOMETRIC_REPRESENTATION_CONTEXT(2) 
PARAMETRIC_REPRESENTATION_CONTEXT() REPRESENTATION_CONTEXT('2D SPACE',''
  ) );
#9479 = PCURVE('',#6960,#9480);
#9480 = DEFINITIONAL_REPRESENTATION('',(#9481),#9485);
#9481 = LINE('',#9482,#9483);
#9482 = CARTESIAN_POINT('',(5.762693868825E-03,-9.888180299605E-02));
#9483 = VECTOR('',#9484,1.);
#9484 = DIRECTION('',(-1.,0.));
#9485 = ( GEOMETRIC_REPRESENTATION_CONTEXT(2) 
PARAMETRIC_REPRESENTATION_CONTEXT() REPRESENTATION_CONTEXT('2D SPACE',''
  ) );
#9486 = ORIENTED_EDGE('',*,*,#9487,.T.);
#9487 = EDGE_CURVE('',#9465,#9488,#9490,.T.);
#9488 = VERTEX_POINT('',#9489);
#9489 = CARTESIAN_POINT('',(1.937965512276,-0.658255577087,0.8125));
#9490 = SURFACE_CURVE('',#9491,(#9495,#9502),.PCURVE_S1.);
#9491 = LINE('',#9492,#9493);
#9492 = CARTESIAN_POINT('',(1.922558546066,-0.642848491669,0.8125));
#9493 = VECTOR('',#9494,1.);
#9494 = DIRECTION('',(0.707104045621,-0.707109516742,0.));
#9495 = PCURVE('',#9099,#9496);
#9496 = DEFINITIONAL_REPRESENTATION('',(#9497),#9501);
#9497 = LINE('',#9498,#9499);
#9498 = CARTESIAN_POINT('',(-0.227257142262,-0.660208801064));
#9499 = VECTOR('',#9500,1.);
#9500 = DIRECTION('',(0.707104045621,-0.707109516742));
#9501 = ( GEOMETRIC_REPRESENTATION_CONTEXT(2) 
PARAMETRIC_REPRESENTATION_CONTEXT() REPRESENTATION_CONTEXT('2D SPACE',''
  ) );
#9502 = PCURVE('',#6932,#9503);
#9503 = DEFINITIONAL_REPRESENTATION('',(#9504),#9508);
#9504 = LINE('',#9505,#9506);
#9505 = CARTESIAN_POINT('',(5.762646778821E-03,-9.88817656523E-02));
#9506 = VECTOR('',#9507,1.);
#9507 = DIRECTION('',(-1.,0.));
#9508 = ( GEOMETRIC_REPRESENTATION_CONTEXT(2) 
PARAMETRIC_REPRESENTATION_CONTEXT() REPRESENTATION_CONTEXT('2D SPACE',''
  ) );
#9509 = ORIENTED_EDGE('',*,*,#9510,.T.);
#9510 = EDGE_CURVE('',#9488,#9511,#9513,.T.);
#9511 = VERTEX_POINT('',#9512);
#9512 = CARTESIAN_POINT('',(1.955814123154,-0.670753180981,0.8125));
#9513 = SURFACE_CURVE('',#9514,(#9518,#9525),.PCURVE_S1.);
#9514 = LINE('',#9515,#9516);
#9515 = CARTESIAN_POINT('',(1.937965512276,-0.658255577087,0.8125));
#9516 = VECTOR('',#9517,1.);
#9517 = DIRECTION('',(0.819154804181,-0.573572494796,0.));
#9518 = PCURVE('',#9099,#9519);
#9519 = DEFINITIONAL_REPRESENTATION('',(#9520),#9524);
#9520 = LINE('',#9521,#9522);
#9521 = CARTESIAN_POINT('',(-0.211850176052,-0.675615886483));
#9522 = VECTOR('',#9523,1.);
#9523 = DIRECTION('',(0.819154804181,-0.573572494796));
#9524 = ( GEOMETRIC_REPRESENTATION_CONTEXT(2) 
PARAMETRIC_REPRESENTATION_CONTEXT() REPRESENTATION_CONTEXT('2D SPACE',''
  ) );
#9525 = PCURVE('',#6904,#9526);
#9526 = DEFINITIONAL_REPRESENTATION('',(#9527),#9531);
#9527 = LINE('',#9528,#9529);
#9528 = CARTESIAN_POINT('',(-5.762711565969E-03,9.888181703039E-02));
#9529 = VECTOR('',#9530,1.);
#9530 = DIRECTION('',(1.,0.));
#9531 = ( GEOMETRIC_REPRESENTATION_CONTEXT(2) 
PARAMETRIC_REPRESENTATION_CONTEXT() REPRESENTATION_CONTEXT('2D SPACE',''
  ) );
#9532 = ORIENTED_EDGE('',*,*,#9533,.T.);
#9533 = EDGE_CURVE('',#9511,#9534,#9536,.T.);
#9534 = VERTEX_POINT('',#9535);
#9535 = CARTESIAN_POINT('',(1.975561499596,-0.679961562157,0.8125));
#9536 = SURFACE_CURVE('',#9537,(#9541,#9548),.PCURVE_S1.);
#9537 = LINE('',#9538,#9539);
#9538 = CARTESIAN_POINT('',(1.955814123154,-0.670753180981,0.8125));
#9539 = VECTOR('',#9540,1.);
#9540 = DIRECTION('',(0.906307289333,-0.422619329068,0.));
#9541 = PCURVE('',#9099,#9542);
#9542 = DEFINITIONAL_REPRESENTATION('',(#9543),#9547);
#9543 = LINE('',#9544,#9545);
#9544 = CARTESIAN_POINT('',(-0.194001565174,-0.688113490376));
#9545 = VECTOR('',#9546,1.);
#9546 = DIRECTION('',(0.906307289333,-0.422619329068));
#9547 = ( GEOMETRIC_REPRESENTATION_CONTEXT(2) 
PARAMETRIC_REPRESENTATION_CONTEXT() REPRESENTATION_CONTEXT('2D SPACE',''
  ) );
#9548 = PCURVE('',#6876,#9549);
#9549 = DEFINITIONAL_REPRESENTATION('',(#9550),#9554);
#9550 = LINE('',#9551,#9552);
#9551 = CARTESIAN_POINT('',(-5.762648515188E-03,9.888176702929E-02));
#9552 = VECTOR('',#9553,1.);
#9553 = DIRECTION('',(1.,0.));
#9554 = ( GEOMETRIC_REPRESENTATION_CONTEXT(2) 
PARAMETRIC_REPRESENTATION_CONTEXT() REPRESENTATION_CONTEXT('2D SPACE',''
  ) );
#9555 = ORIENTED_EDGE('',*,*,#9556,.T.);
#9556 = EDGE_CURVE('',#9534,#9557,#9559,.T.);
#9557 = VERTEX_POINT('',#9558);
#9558 = CARTESIAN_POINT('',(1.996608018875,-0.685600936413,0.8125));
#9559 = SURFACE_CURVE('',#9560,(#9564,#9571),.PCURVE_S1.);
#9560 = LINE('',#9561,#9562);
#9561 = CARTESIAN_POINT('',(1.975561499596,-0.679961562157,0.8125));
#9562 = VECTOR('',#9563,1.);
#9563 = DIRECTION('',(0.965926096934,-0.258818035041,0.));
#9564 = PCURVE('',#9099,#9565);
#9565 = DEFINITIONAL_REPRESENTATION('',(#9566),#9570);
#9566 = LINE('',#9567,#9568);
#9567 = CARTESIAN_POINT('',(-0.174254188732,-0.697321871552));
#9568 = VECTOR('',#9569,1.);
#9569 = DIRECTION('',(0.965926096934,-0.258818035041));
#9570 = ( GEOMETRIC_REPRESENTATION_CONTEXT(2) 
PARAMETRIC_REPRESENTATION_CONTEXT() REPRESENTATION_CONTEXT('2D SPACE',''
  ) );
#9571 = PCURVE('',#6848,#9572);
#9572 = DEFINITIONAL_REPRESENTATION('',(#9573),#9577);
#9573 = LINE('',#9574,#9575);
#9574 = CARTESIAN_POINT('',(-5.762682785833E-03,9.888179420692E-02));
#9575 = VECTOR('',#9576,1.);
#9576 = DIRECTION('',(1.,0.));
#9577 = ( GEOMETRIC_REPRESENTATION_CONTEXT(2) 
PARAMETRIC_REPRESENTATION_CONTEXT() REPRESENTATION_CONTEXT('2D SPACE',''
  ) );
#9578 = ORIENTED_EDGE('',*,*,#9579,.T.);
#9579 = EDGE_CURVE('',#9557,#9580,#9582,.T.);
#9580 = VERTEX_POINT('',#9581);
#9581 = CARTESIAN_POINT('',(2.018314123154,-0.6875,0.8125));
#9582 = SURFACE_CURVE('',#9583,(#9587,#9594),.PCURVE_S1.);
#9583 = LINE('',#9584,#9585);
#9584 = CARTESIAN_POINT('',(1.996608018875,-0.685600936413,0.8125));
#9585 = VECTOR('',#9586,1.);
#9586 = DIRECTION('',(0.996194596346,-8.715690569787E-02,0.));
#9587 = PCURVE('',#9099,#9588);
#9588 = DEFINITIONAL_REPRESENTATION('',(#9589),#9593);
#9589 = LINE('',#9590,#9591);
#9590 = CARTESIAN_POINT('',(-0.153207669453,-0.702961245808));
#9591 = VECTOR('',#9592,1.);
#9592 = DIRECTION('',(0.996194596346,-8.715690569787E-02));
#9593 = ( GEOMETRIC_REPRESENTATION_CONTEXT(2) 
PARAMETRIC_REPRESENTATION_CONTEXT() REPRESENTATION_CONTEXT('2D SPACE',''
  ) );
#9594 = PCURVE('',#6820,#9595);
#9595 = DEFINITIONAL_REPRESENTATION('',(#9596),#9600);
#9596 = LINE('',#9597,#9598);
#9597 = CARTESIAN_POINT('',(-1.602631901898E-02,8.861819112903E-02));
#9598 = VECTOR('',#9599,1.);
#9599 = DIRECTION('',(1.,0.));
#9600 = ( GEOMETRIC_REPRESENTATION_CONTEXT(2) 
PARAMETRIC_REPRESENTATION_CONTEXT() REPRESENTATION_CONTEXT('2D SPACE',''
  ) );
#9601 = ORIENTED_EDGE('',*,*,#9602,.T.);
#9602 = EDGE_CURVE('',#9580,#9603,#9605,.T.);
#9603 = VERTEX_POINT('',#9604);
#9604 = CARTESIAN_POINT('',(2.5,-0.6875,0.8125));
#9605 = SURFACE_CURVE('',#9606,(#9610,#9617),.PCURVE_S1.);
#9606 = LINE('',#9607,#9608);
#9607 = CARTESIAN_POINT('',(2.018314123154,-0.6875,0.8125));
#9608 = VECTOR('',#9609,1.);
#9609 = DIRECTION('',(1.,0.,0.));
#9610 = PCURVE('',#9099,#9611);
#9611 = DEFINITIONAL_REPRESENTATION('',(#9612),#9616);
#9612 = LINE('',#9613,#9614);
#9613 = CARTESIAN_POINT('',(-0.131501565174,-0.704860309395));
#9614 = VECTOR('',#9615,1.);
#9615 = DIRECTION('',(1.,0.));
#9616 = ( GEOMETRIC_REPRESENTATION_CONTEXT(2) 
PARAMETRIC_REPRESENTATION_CONTEXT() REPRESENTATION_CONTEXT('2D SPACE',''
  ) );
#9617 = PCURVE('',#6792,#9618);
#9618 = DEFINITIONAL_REPRESENTATION('',(#9619),#9623);
#9619 = LINE('',#9620,#9621);
#9620 = CARTESIAN_POINT('',(-5.567657777337E-02,-0.27891636065));
#9621 = VECTOR('',#9622,1.);
#9622 = DIRECTION('',(0.,1.));
#9623 = ( GEOMETRIC_REPRESENTATION_CONTEXT(2) 
PARAMETRIC_REPRESENTATION_CONTEXT() REPRESENTATION_CONTEXT('2D SPACE',''
  ) );
#9624 = ORIENTED_EDGE('',*,*,#9625,.F.);
#9625 = EDGE_CURVE('',#9626,#9603,#9628,.T.);
#9626 = VERTEX_POINT('',#9627);
#9627 = CARTESIAN_POINT('',(2.5,-0.396791279316,0.8125));
#9628 = SURFACE_CURVE('',#9629,(#9633,#9639),.PCURVE_S1.);
#9629 = LINE('',#9630,#9631);
#9630 = CARTESIAN_POINT('',(2.5,-0.396791279316,0.8125));
#9631 = VECTOR('',#9632,1.);
#9632 = DIRECTION('',(0.,-1.,0.));
#9633 = PCURVE('',#9099,#9634);
#9634 = DEFINITIONAL_REPRESENTATION('',(#9635),#9638);
#9635 = B_SPLINE_CURVE_WITH_KNOTS('',1,(#9636,#9637),.UNSPECIFIED.,.F.,
  .F.,(2,2),(0.,0.290708720684),.PIECEWISE_BEZIER_KNOTS.);
#9636 = CARTESIAN_POINT('',(0.350184311672,-0.414151588711));
#9637 = CARTESIAN_POINT('',(0.350184311672,-0.704860309395));
#9638 = ( GEOMETRIC_REPRESENTATION_CONTEXT(2) 
PARAMETRIC_REPRESENTATION_CONTEXT() REPRESENTATION_CONTEXT('2D SPACE',''
  ) );
#9639 = PCURVE('',#6046,#9640);
#9640 = DEFINITIONAL_REPRESENTATION('',(#9641),#9645);
#9641 = LINE('',#9642,#9643);
#9642 = CARTESIAN_POINT('',(-8.928571428571E-03,0.364667573145));
#9643 = VECTOR('',#9644,1.);
#9644 = DIRECTION('',(0.,1.));
#9645 = ( GEOMETRIC_REPRESENTATION_CONTEXT(2) 
PARAMETRIC_REPRESENTATION_CONTEXT() REPRESENTATION_CONTEXT('2D SPACE',''
  ) );
#9646 = ORIENTED_EDGE('',*,*,#9647,.T.);
#9647 = EDGE_CURVE('',#9626,#9648,#9650,.T.);
#9648 = VERTEX_POINT('',#9649);
#9649 = CARTESIAN_POINT('',(2.460183143616,-0.404318481684,0.8125));
#9650 = SURFACE_CURVE('',#9651,(#9655,#9662),.PCURVE_S1.);
#9651 = LINE('',#9652,#9653);
#9652 = CARTESIAN_POINT('',(2.5,-0.396791279316,0.8125));
#9653 = VECTOR('',#9654,1.);
#9654 = DIRECTION('',(-0.982596002718,-0.185755472176,0.));
#9655 = PCURVE('',#9099,#9656);
#9656 = DEFINITIONAL_REPRESENTATION('',(#9657),#9661);
#9657 = LINE('',#9658,#9659);
#9658 = CARTESIAN_POINT('',(0.350184311672,-0.414151588711));
#9659 = VECTOR('',#9660,1.);
#9660 = DIRECTION('',(-0.982596002718,-0.185755472176));
#9661 = ( GEOMETRIC_REPRESENTATION_CONTEXT(2) 
PARAMETRIC_REPRESENTATION_CONTEXT() REPRESENTATION_CONTEXT('2D SPACE',''
  ) );
#9662 = PCURVE('',#9663,#9668);
#9663 = PLANE('',#9664);
#9664 = AXIS2_PLACEMENT_3D('',#9665,#9666,#9667);
#9665 = CARTESIAN_POINT('',(2.488982419025,-0.398874104761,
    0.709701675772));
#9666 = DIRECTION('',(-0.185755472176,0.982596002718,0.));
#9667 = DIRECTION('',(0.982596002718,0.185755472176,0.));
#9668 = DEFINITIONAL_REPRESENTATION('',(#9669),#9673);
#9669 = LINE('',#9670,#9671);
#9670 = CARTESIAN_POINT('',(1.12127272492E-02,-0.102798324228));
#9671 = VECTOR('',#9672,1.);
#9672 = DIRECTION('',(-1.,-0.));
#9673 = ( GEOMETRIC_REPRESENTATION_CONTEXT(2) 
PARAMETRIC_REPRESENTATION_CONTEXT() REPRESENTATION_CONTEXT('2D SPACE',''
  ) );
#9674 = ORIENTED_EDGE('',*,*,#9675,.T.);
#9675 = EDGE_CURVE('',#9648,#9676,#9678,.T.);
#9676 = VERTEX_POINT('',#9677);
#9677 = CARTESIAN_POINT('',(2.382823467255,-0.410185605288,0.8125));
#9678 = SURFACE_CURVE('',#9679,(#9683,#9690),.PCURVE_S1.);
#9679 = LINE('',#9680,#9681);
#9680 = CARTESIAN_POINT('',(2.460183143616,-0.404318481684,0.8125));
#9681 = VECTOR('',#9682,1.);
#9682 = DIRECTION('',(-0.997136332727,-7.562495590935E-02,0.));
#9683 = PCURVE('',#9099,#9684);
#9684 = DEFINITIONAL_REPRESENTATION('',(#9685),#9689);
#9685 = LINE('',#9686,#9687);
#9686 = CARTESIAN_POINT('',(0.310367455288,-0.421678791079));
#9687 = VECTOR('',#9688,1.);
#9688 = DIRECTION('',(-0.997136332727,-7.562495590935E-02));
#9689 = ( GEOMETRIC_REPRESENTATION_CONTEXT(2) 
PARAMETRIC_REPRESENTATION_CONTEXT() REPRESENTATION_CONTEXT('2D SPACE',''
  ) );
#9690 = PCURVE('',#9691,#9696);
#9691 = PLANE('',#9692);
#9692 = AXIS2_PLACEMENT_3D('',#9693,#9694,#9695);
#9693 = CARTESIAN_POINT('',(2.406006527665,-0.408427352315,
    0.734291282833));
#9694 = DIRECTION('',(-7.562495590935E-02,0.997136332727,0.));
#9695 = DIRECTION('',(0.997136332727,7.562495590935E-02,0.));
#9696 = DEFINITIONAL_REPRESENTATION('',(#9697),#9701);
#9697 = LINE('',#9698,#9699);
#9698 = CARTESIAN_POINT('',(5.433220530877E-02,-7.820871716697E-02));
#9699 = VECTOR('',#9700,1.);
#9700 = DIRECTION('',(-1.,-0.));
#9701 = ( GEOMETRIC_REPRESENTATION_CONTEXT(2) 
PARAMETRIC_REPRESENTATION_CONTEXT() REPRESENTATION_CONTEXT('2D SPACE',''
  ) );
#9702 = ORIENTED_EDGE('',*,*,#9703,.T.);
#9703 = EDGE_CURVE('',#9676,#9704,#9706,.T.);
#9704 = VERTEX_POINT('',#9705);
#9705 = CARTESIAN_POINT('',(2.305689096451,-0.403758734465,0.8125));
#9706 = SURFACE_CURVE('',#9707,(#9711,#9718),.PCURVE_S1.);
#9707 = LINE('',#9708,#9709);
#9708 = CARTESIAN_POINT('',(2.382823467255,-0.410185605288,0.8125));
#9709 = VECTOR('',#9710,1.);
#9710 = DIRECTION('',(-0.996546820328,8.303273387055E-02,0.));
#9711 = PCURVE('',#9099,#9712);
#9712 = DEFINITIONAL_REPRESENTATION('',(#9713),#9717);
#9713 = LINE('',#9714,#9715);
#9714 = CARTESIAN_POINT('',(0.233007778927,-0.427545914683));
#9715 = VECTOR('',#9716,1.);
#9716 = DIRECTION('',(-0.996546820328,8.303273387055E-02));
#9717 = ( GEOMETRIC_REPRESENTATION_CONTEXT(2) 
PARAMETRIC_REPRESENTATION_CONTEXT() REPRESENTATION_CONTEXT('2D SPACE',''
  ) );
#9718 = PCURVE('',#9719,#9724);
#9719 = PLANE('',#9720);
#9720 = AXIS2_PLACEMENT_3D('',#9721,#9722,#9723);
#9721 = CARTESIAN_POINT('',(2.359716152208,-0.408260293299,
    0.703236558945));
#9722 = DIRECTION('',(8.303273387055E-02,0.996546820328,0.));
#9723 = DIRECTION('',(0.996546820328,-8.303273387055E-02,0.));
#9724 = DEFINITIONAL_REPRESENTATION('',(#9725),#9729);
#9725 = LINE('',#9726,#9727);
#9726 = CARTESIAN_POINT('',(2.318738525402E-02,-0.109263441055));
#9727 = VECTOR('',#9728,1.);
#9728 = DIRECTION('',(-1.,0.));
#9729 = ( GEOMETRIC_REPRESENTATION_CONTEXT(2) 
PARAMETRIC_REPRESENTATION_CONTEXT() REPRESENTATION_CONTEXT('2D SPACE',''
  ) );
#9730 = ORIENTED_EDGE('',*,*,#9731,.T.);
#9731 = EDGE_CURVE('',#9704,#9732,#9734,.T.);
#9732 = VERTEX_POINT('',#9733);
#9733 = CARTESIAN_POINT('',(2.23301243782,-0.385519295931,0.8125));
#9734 = SURFACE_CURVE('',#9735,(#9739,#9746),.PCURVE_S1.);
#9735 = LINE('',#9736,#9737);
#9736 = CARTESIAN_POINT('',(2.305689096451,-0.403758734465,0.8125));
#9737 = VECTOR('',#9738,1.);
#9738 = DIRECTION('',(-0.969921426918,0.243418211325,0.));
#9739 = PCURVE('',#9099,#9740);
#9740 = DEFINITIONAL_REPRESENTATION('',(#9741),#9745);
#9741 = LINE('',#9742,#9743);
#9742 = CARTESIAN_POINT('',(0.155873408123,-0.42111904386));
#9743 = VECTOR('',#9744,1.);
#9744 = DIRECTION('',(-0.969921426918,0.243418211325));
#9745 = ( GEOMETRIC_REPRESENTATION_CONTEXT(2) 
PARAMETRIC_REPRESENTATION_CONTEXT() REPRESENTATION_CONTEXT('2D SPACE',''
  ) );
#9746 = PCURVE('',#9747,#9752);
#9747 = PLANE('',#9748);
#9748 = AXIS2_PLACEMENT_3D('',#9749,#9750,#9751);
#9749 = CARTESIAN_POINT('',(2.284023882972,-0.398321482161,
    0.703621851029));
#9750 = DIRECTION('',(0.243418211325,0.969921426918,0.));
#9751 = DIRECTION('',(0.969921426918,-0.243418211325,0.));
#9752 = DEFINITIONAL_REPRESENTATION('',(#9753),#9757);
#9753 = LINE('',#9754,#9755);
#9754 = CARTESIAN_POINT('',(2.233708100219E-02,-0.108878148971));
#9755 = VECTOR('',#9756,1.);
#9756 = DIRECTION('',(-1.,0.));
#9757 = ( GEOMETRIC_REPRESENTATION_CONTEXT(2) 
PARAMETRIC_REPRESENTATION_CONTEXT() REPRESENTATION_CONTEXT('2D SPACE',''
  ) );
#9758 = ORIENTED_EDGE('',*,*,#9759,.T.);
#9759 = EDGE_CURVE('',#9732,#9760,#9762,.T.);
#9760 = VERTEX_POINT('',#9761);
#9761 = CARTESIAN_POINT('',(2.195381402969,-0.371254503727,0.8125));
#9762 = SURFACE_CURVE('',#9763,(#9767,#9774),.PCURVE_S1.);
#9763 = LINE('',#9764,#9765);
#9764 = CARTESIAN_POINT('',(2.23301243782,-0.385519295931,0.8125));
#9765 = VECTOR('',#9766,1.);
#9766 = DIRECTION('',(-0.935072063957,0.35445766349,0.));
#9767 = PCURVE('',#9099,#9768);
#9768 = DEFINITIONAL_REPRESENTATION('',(#9769),#9773);
#9769 = LINE('',#9770,#9771);
#9770 = CARTESIAN_POINT('',(8.319674949257E-02,-0.402879605326));
#9771 = VECTOR('',#9772,1.);
#9772 = DIRECTION('',(-0.935072063957,0.35445766349));
#9773 = ( GEOMETRIC_REPRESENTATION_CONTEXT(2) 
PARAMETRIC_REPRESENTATION_CONTEXT() REPRESENTATION_CONTEXT('2D SPACE',''
  ) );
#9774 = PCURVE('',#9775,#9780);
#9775 = PLANE('',#9776);
#9776 = AXIS2_PLACEMENT_3D('',#9777,#9778,#9779);
#9777 = CARTESIAN_POINT('',(2.222606431057,-0.381574692102,
    0.709756564107));
#9778 = DIRECTION('',(0.35445766349,0.935072063957,0.));
#9779 = DIRECTION('',(0.935072063957,-0.35445766349,0.));
#9780 = DEFINITIONAL_REPRESENTATION('',(#9781),#9785);
#9781 = LINE('',#9782,#9783);
#9782 = CARTESIAN_POINT('',(1.112856127808E-02,-0.102743435893));
#9783 = VECTOR('',#9784,1.);
#9784 = DIRECTION('',(-1.,0.));
#9785 = ( GEOMETRIC_REPRESENTATION_CONTEXT(2) 
PARAMETRIC_REPRESENTATION_CONTEXT() REPRESENTATION_CONTEXT('2D SPACE',''
  ) );
#9786 = ORIENTED_EDGE('',*,*,#9787,.T.);
#9787 = EDGE_CURVE('',#9760,#9788,#9790,.T.);
#9788 = VERTEX_POINT('',#9789);
#9789 = CARTESIAN_POINT('',(2.133053541183,-0.338919997215,0.8125));
#9790 = SURFACE_CURVE('',#9791,(#9795,#9802),.PCURVE_S1.);
#9791 = LINE('',#9792,#9793);
#9792 = CARTESIAN_POINT('',(2.195381402969,-0.371254503727,0.8125));
#9793 = VECTOR('',#9794,1.);
#9794 = DIRECTION('',(-0.887659322738,0.460500734805,0.));
#9795 = PCURVE('',#9099,#9796);
#9796 = DEFINITIONAL_REPRESENTATION('',(#9797),#9801);
#9797 = LINE('',#9798,#9799);
#9798 = CARTESIAN_POINT('',(4.556571464149E-02,-0.388614813122));
#9799 = VECTOR('',#9800,1.);
#9800 = DIRECTION('',(-0.887659322738,0.460500734805));
#9801 = ( GEOMETRIC_REPRESENTATION_CONTEXT(2) 
PARAMETRIC_REPRESENTATION_CONTEXT() REPRESENTATION_CONTEXT('2D SPACE',''
  ) );
#9802 = PCURVE('',#9803,#9808);
#9803 = PLANE('',#9804);
#9804 = AXIS2_PLACEMENT_3D('',#9805,#9806,#9807);
#9805 = CARTESIAN_POINT('',(2.151457423283,-0.348467580407,
    0.733124939199));
#9806 = DIRECTION('',(0.460500734805,0.887659322738,0.));
#9807 = DIRECTION('',(0.887659322738,-0.460500734805,0.));
#9808 = DEFINITIONAL_REPRESENTATION('',(#9809),#9813);
#9809 = LINE('',#9810,#9811);
#9810 = CARTESIAN_POINT('',(4.948292499325E-02,-7.937506080113E-02));
#9811 = VECTOR('',#9812,1.);
#9812 = DIRECTION('',(-1.,0.));
#9813 = ( GEOMETRIC_REPRESENTATION_CONTEXT(2) 
PARAMETRIC_REPRESENTATION_CONTEXT() REPRESENTATION_CONTEXT('2D SPACE',''
  ) );
#9814 = ORIENTED_EDGE('',*,*,#9815,.T.);
#9815 = EDGE_CURVE('',#9788,#9816,#9818,.T.);
#9816 = VERTEX_POINT('',#9817);
#9817 = CARTESIAN_POINT('',(2.09658074379,-0.311912834644,0.8125));
#9818 = SURFACE_CURVE('',#9819,(#9823,#9830),.PCURVE_S1.);
#9819 = LINE('',#9820,#9821);
#9820 = CARTESIAN_POINT('',(2.133053541183,-0.338919997215,0.8125));
#9821 = VECTOR('',#9822,1.);
#9822 = DIRECTION('',(-0.803659667582,0.595089185503,0.));
#9823 = PCURVE('',#9099,#9824);
#9824 = DEFINITIONAL_REPRESENTATION('',(#9825),#9829);
#9825 = LINE('',#9826,#9827);
#9826 = CARTESIAN_POINT('',(-1.67621471444E-02,-0.356280306611));
#9827 = VECTOR('',#9828,1.);
#9828 = DIRECTION('',(-0.803659667582,0.595089185503));
#9829 = ( GEOMETRIC_REPRESENTATION_CONTEXT(2) 
PARAMETRIC_REPRESENTATION_CONTEXT() REPRESENTATION_CONTEXT('2D SPACE',''
  ) );
#9830 = PCURVE('',#9831,#9836);
#9831 = PLANE('',#9832);
#9832 = AXIS2_PLACEMENT_3D('',#9833,#9834,#9835);
#9833 = CARTESIAN_POINT('',(2.122847541409,-0.331362718509,
    0.708757711913));
#9834 = DIRECTION('',(0.595089185503,0.803659667582,0.));
#9835 = DIRECTION('',(0.803659667582,-0.595089185503,0.));
#9836 = DEFINITIONAL_REPRESENTATION('',(#9837),#9841);
#9837 = LINE('',#9838,#9839);
#9838 = CARTESIAN_POINT('',(1.269940521642E-02,-0.103742288087));
#9839 = VECTOR('',#9840,1.);
#9840 = DIRECTION('',(-1.,0.));
#9841 = ( GEOMETRIC_REPRESENTATION_CONTEXT(2) 
PARAMETRIC_REPRESENTATION_CONTEXT() REPRESENTATION_CONTEXT('2D SPACE',''
  ) );
#9842 = ORIENTED_EDGE('',*,*,#9843,.T.);
#9843 = EDGE_CURVE('',#9816,#9844,#9846,.T.);
#9844 = VERTEX_POINT('',#9845);
#9845 = CARTESIAN_POINT('',(2.091598033905,-0.307357996702,0.8125));
#9846 = SURFACE_CURVE('',#9847,(#9851,#9858),.PCURVE_S1.);
#9847 = LINE('',#9848,#9849);
#9848 = CARTESIAN_POINT('',(2.09658074379,-0.311912834644,0.8125));
#9849 = VECTOR('',#9850,1.);
#9850 = DIRECTION('',(-0.738086534818,0.674706059793,0.));
#9851 = PCURVE('',#9099,#9852);
#9852 = DEFINITIONAL_REPRESENTATION('',(#9853),#9857);
#9853 = LINE('',#9854,#9855);
#9854 = CARTESIAN_POINT('',(-5.323494453819E-02,-0.32927314404));
#9855 = VECTOR('',#9856,1.);
#9856 = DIRECTION('',(-0.738086534818,0.674706059793));
#9857 = ( GEOMETRIC_REPRESENTATION_CONTEXT(2) 
PARAMETRIC_REPRESENTATION_CONTEXT() REPRESENTATION_CONTEXT('2D SPACE',''
  ) );
#9858 = PCURVE('',#9859,#9864);
#9859 = PLANE('',#9860);
#9860 = AXIS2_PLACEMENT_3D('',#9861,#9862,#9863);
#9861 = CARTESIAN_POINT('',(2.095312648571,-0.310753632453,
    0.717092660832));
#9862 = DIRECTION('',(0.674706059793,0.738086534818,0.));
#9863 = DIRECTION('',(0.738086534818,-0.674706059793,0.));
#9864 = DEFINITIONAL_REPRESENTATION('',(#9865),#9869);
#9865 = LINE('',#9866,#9867);
#9866 = CARTESIAN_POINT('',(1.718084749334E-03,-9.540733916751E-02));
#9867 = VECTOR('',#9868,1.);
#9868 = DIRECTION('',(-1.,0.));
#9869 = ( GEOMETRIC_REPRESENTATION_CONTEXT(2) 
PARAMETRIC_REPRESENTATION_CONTEXT() REPRESENTATION_CONTEXT('2D SPACE',''
  ) );
#9870 = ORIENTED_EDGE('',*,*,#9871,.T.);
#9871 = EDGE_CURVE('',#9844,#9872,#9874,.T.);
#9872 = VERTEX_POINT('',#9873);
#9873 = CARTESIAN_POINT('',(2.07492852211,-0.289104104042,0.8125));
#9874 = SURFACE_CURVE('',#9875,(#9879,#9886),.PCURVE_S1.);
#9875 = LINE('',#9876,#9877);
#9876 = CARTESIAN_POINT('',(2.091598033905,-0.307357996702,0.8125));
#9877 = VECTOR('',#9878,1.);
#9878 = DIRECTION('',(-0.674333652087,0.738426790998,0.));
#9879 = PCURVE('',#9099,#9880);
#9880 = DEFINITIONAL_REPRESENTATION('',(#9881),#9885);
#9881 = LINE('',#9882,#9883);
#9882 = CARTESIAN_POINT('',(-5.821765442284E-02,-0.324718306098));
#9883 = VECTOR('',#9884,1.);
#9884 = DIRECTION('',(-0.674333652087,0.738426790998));
#9885 = ( GEOMETRIC_REPRESENTATION_CONTEXT(2) 
PARAMETRIC_REPRESENTATION_CONTEXT() REPRESENTATION_CONTEXT('2D SPACE',''
  ) );
#9886 = PCURVE('',#9887,#9892);
#9887 = PLANE('',#9888);
#9888 = AXIS2_PLACEMENT_3D('',#9889,#9890,#9891);
#9889 = CARTESIAN_POINT('',(2.087157126153,-0.302494995649,
    0.712975635732));
#9890 = DIRECTION('',(0.738426790998,0.674333652087,0.));
#9891 = DIRECTION('',(-0.674333652087,0.738426790998,0.));
#9892 = DEFINITIONAL_REPRESENTATION('',(#9893),#9897);
#9893 = LINE('',#9894,#9895);
#9894 = CARTESIAN_POINT('',(-6.585623805268E-03,9.952436426848E-02));
#9895 = VECTOR('',#9896,1.);
#9896 = DIRECTION('',(1.,0.));
#9897 = ( GEOMETRIC_REPRESENTATION_CONTEXT(2) 
PARAMETRIC_REPRESENTATION_CONTEXT() REPRESENTATION_CONTEXT('2D SPACE',''
  ) );
#9898 = ORIENTED_EDGE('',*,*,#9899,.T.);
#9899 = EDGE_CURVE('',#9872,#9900,#9902,.T.);
#9900 = VERTEX_POINT('',#9901);
#9901 = CARTESIAN_POINT('',(2.066020727158,-0.275470137596,0.8125));
#9902 = SURFACE_CURVE('',#9903,(#9907,#9914),.PCURVE_S1.);
#9903 = LINE('',#9904,#9905);
#9904 = CARTESIAN_POINT('',(2.07492852211,-0.289104104042,0.8125));
#9905 = VECTOR('',#9906,1.);
#9906 = DIRECTION('',(-0.546960212001,0.837158602947,0.));
#9907 = PCURVE('',#9099,#9908);
#9908 = DEFINITIONAL_REPRESENTATION('',(#9909),#9913);
#9909 = LINE('',#9910,#9911);
#9910 = CARTESIAN_POINT('',(-7.488716621788E-02,-0.306464413438));
#9911 = VECTOR('',#9912,1.);
#9912 = DIRECTION('',(-0.546960212001,0.837158602947));
#9913 = ( GEOMETRIC_REPRESENTATION_CONTEXT(2) 
PARAMETRIC_REPRESENTATION_CONTEXT() REPRESENTATION_CONTEXT('2D SPACE',''
  ) );
#9914 = PCURVE('',#9915,#9920);
#9915 = PLANE('',#9916);
#9916 = AXIS2_PLACEMENT_3D('',#9917,#9918,#9919);
#9917 = CARTESIAN_POINT('',(2.072605040192,-0.285547862046,
    0.714854989884));
#9918 = DIRECTION('',(0.837158602947,0.546960212001,0.));
#9919 = DIRECTION('',(-0.546960212001,0.837158602947,0.));
#9920 = DEFINITIONAL_REPRESENTATION('',(#9921),#9925);
#9921 = LINE('',#9922,#9923);
#9922 = CARTESIAN_POINT('',(-4.247990743307E-03,9.764501011575E-02));
#9923 = VECTOR('',#9924,1.);
#9924 = DIRECTION('',(1.,0.));
#9925 = ( GEOMETRIC_REPRESENTATION_CONTEXT(2) 
PARAMETRIC_REPRESENTATION_CONTEXT() REPRESENTATION_CONTEXT('2D SPACE',''
  ) );
#9926 = ORIENTED_EDGE('',*,*,#9927,.T.);
#9927 = EDGE_CURVE('',#9900,#9928,#9930,.T.);
#9928 = VERTEX_POINT('',#9929);
#9929 = CARTESIAN_POINT('',(2.061672687531,-0.265820801258,0.8125));
#9930 = SURFACE_CURVE('',#9931,(#9935,#9942),.PCURVE_S1.);
#9931 = LINE('',#9932,#9933);
#9932 = CARTESIAN_POINT('',(2.066020727158,-0.275470137596,0.8125));
#9933 = VECTOR('',#9934,1.);
#9934 = DIRECTION('',(-0.410823359582,0.911714959415,0.));
#9935 = PCURVE('',#9099,#9936);
#9936 = DEFINITIONAL_REPRESENTATION('',(#9937),#9941);
#9937 = LINE('',#9938,#9939);
#9938 = CARTESIAN_POINT('',(-8.379496117027E-02,-0.292830446992));
#9939 = VECTOR('',#9940,1.);
#9940 = DIRECTION('',(-0.410823359582,0.911714959415));
#9941 = ( GEOMETRIC_REPRESENTATION_CONTEXT(2) 
PARAMETRIC_REPRESENTATION_CONTEXT() REPRESENTATION_CONTEXT('2D SPACE',''
  ) );
#9942 = PCURVE('',#9943,#9948);
#9943 = PLANE('',#9944);
#9944 = AXIS2_PLACEMENT_3D('',#9945,#9946,#9947);
#9945 = CARTESIAN_POINT('',(2.062790351996,-0.268301165116,
    0.721321312763));
#9946 = DIRECTION('',(0.911714959415,0.410823359582,0.));
#9947 = DIRECTION('',(-0.410823359582,0.911714959415,0.));
#9948 = DEFINITIONAL_REPRESENTATION('',(#9949),#9953);
#9949 = LINE('',#9950,#9951);
#9950 = CARTESIAN_POINT('',(-7.863173030374E-03,9.117868723713E-02));
#9951 = VECTOR('',#9952,1.);
#9952 = DIRECTION('',(1.,0.));
#9953 = ( GEOMETRIC_REPRESENTATION_CONTEXT(2) 
PARAMETRIC_REPRESENTATION_CONTEXT() REPRESENTATION_CONTEXT('2D SPACE',''
  ) );
#9954 = ORIENTED_EDGE('',*,*,#9955,.T.);
#9955 = EDGE_CURVE('',#9928,#9956,#9958,.T.);
#9956 = VERTEX_POINT('',#9957);
#9957 = CARTESIAN_POINT('',(2.059389591217,-0.25778606534,0.8125));
#9958 = SURFACE_CURVE('',#9959,(#9963,#9970),.PCURVE_S1.);
#9959 = LINE('',#9960,#9961);
#9960 = CARTESIAN_POINT('',(2.061672687531,-0.265820801258,0.8125));
#9961 = VECTOR('',#9962,1.);
#9962 = DIRECTION('',(-0.273332577162,0.96191959241,0.));
#9963 = PCURVE('',#9099,#9964);
#9964 = DEFINITIONAL_REPRESENTATION('',(#9965),#9969);
#9965 = LINE('',#9966,#9967);
#9966 = CARTESIAN_POINT('',(-8.814300079735E-02,-0.283181110654));
#9967 = VECTOR('',#9968,1.);
#9968 = DIRECTION('',(-0.273332577162,0.96191959241));
#9969 = ( GEOMETRIC_REPRESENTATION_CONTEXT(2) 
PARAMETRIC_REPRESENTATION_CONTEXT() REPRESENTATION_CONTEXT('2D SPACE',''
  ) );
#9970 = PCURVE('',#9971,#9976);
#9971 = PLANE('',#9972);
#9972 = AXIS2_PLACEMENT_3D('',#9973,#9974,#9975);
#9973 = CARTESIAN_POINT('',(2.059973072514,-0.259839468916,
    0.720791713672));
#9974 = DIRECTION('',(0.96191959241,0.273332577162,0.));
#9975 = DIRECTION('',(-0.273332577162,0.96191959241,0.));
#9976 = DEFINITIONAL_REPRESENTATION('',(#9977),#9981);
#9977 = LINE('',#9978,#9979);
#9978 = CARTESIAN_POINT('',(-6.218120921343E-03,9.1708286328E-02));
#9979 = VECTOR('',#9980,1.);
#9980 = DIRECTION('',(1.,0.));
#9981 = ( GEOMETRIC_REPRESENTATION_CONTEXT(2) 
PARAMETRIC_REPRESENTATION_CONTEXT() REPRESENTATION_CONTEXT('2D SPACE',''
  ) );
#9982 = ORIENTED_EDGE('',*,*,#9983,.T.);
#9983 = EDGE_CURVE('',#9956,#9984,#9986,.T.);
#9984 = VERTEX_POINT('',#9985);
#9985 = CARTESIAN_POINT('',(2.058456897736,-0.250510513783,0.8125));
#9986 = SURFACE_CURVE('',#9987,(#9991,#9998),.PCURVE_S1.);
#9987 = LINE('',#9988,#9989);
#9988 = CARTESIAN_POINT('',(2.059389591217,-0.25778606534,0.8125));
#9989 = VECTOR('',#9990,1.);
#9990 = DIRECTION('',(-0.127154988999,0.991882860409,0.));
#9991 = PCURVE('',#9099,#9992);
#9992 = DEFINITIONAL_REPRESENTATION('',(#9993),#9997);
#9993 = LINE('',#9994,#9995);
#9994 = CARTESIAN_POINT('',(-9.042609711083E-02,-0.275146374736));
#9995 = VECTOR('',#9996,1.);
#9996 = DIRECTION('',(-0.127154988999,0.991882860409));
#9997 = ( GEOMETRIC_REPRESENTATION_CONTEXT(2) 
PARAMETRIC_REPRESENTATION_CONTEXT() REPRESENTATION_CONTEXT('2D SPACE',''
  ) );
#9998 = PCURVE('',#9999,#10004);
#9999 = PLANE('',#10000);
#10000 = AXIS2_PLACEMENT_3D('',#10001,#10002,#10003);
#10001 = CARTESIAN_POINT('',(2.05869463029,-0.252364965961,
    0.720547917548));
#10002 = DIRECTION('',(0.991882860409,0.127154988999,0.));
#10003 = DIRECTION('',(-0.127154988999,0.991882860409,0.));
#10004 = DEFINITIONAL_REPRESENTATION('',(#10005),#10009);
#10005 = LINE('',#10006,#10007);
#10006 = CARTESIAN_POINT('',(-5.465463307542E-03,9.195208245212E-02));
#10007 = VECTOR('',#10008,1.);
#10008 = DIRECTION('',(1.,0.));
#10009 = ( GEOMETRIC_REPRESENTATION_CONTEXT(2) 
PARAMETRIC_REPRESENTATION_CONTEXT() REPRESENTATION_CONTEXT('2D SPACE',''
  ) );
#10010 = ORIENTED_EDGE('',*,*,#10011,.T.);
#10011 = EDGE_CURVE('',#9984,#10012,#10014,.T.);
#10012 = VERTEX_POINT('',#10013);
#10013 = CARTESIAN_POINT('',(2.058654308319,-0.243636667728,0.8125));
#10014 = SURFACE_CURVE('',#10015,(#10019,#10026),.PCURVE_S1.);
#10015 = LINE('',#10016,#10017);
#10016 = CARTESIAN_POINT('',(2.058456897736,-0.250510513783,0.8125));
#10017 = VECTOR('',#10018,1.);
#10018 = DIRECTION('',(2.870725086506E-02,0.999587861945,0.));
#10019 = PCURVE('',#9099,#10020);
#10020 = DEFINITIONAL_REPRESENTATION('',(#10021),#10025);
#10021 = LINE('',#10022,#10023);
#10022 = CARTESIAN_POINT('',(-9.135879059227E-02,-0.267870823178));
#10023 = VECTOR('',#10024,1.);
#10024 = DIRECTION('',(2.870725086506E-02,0.999587861945));
#10025 = ( GEOMETRIC_REPRESENTATION_CONTEXT(2) 
PARAMETRIC_REPRESENTATION_CONTEXT() REPRESENTATION_CONTEXT('2D SPACE',''
  ) );
#10026 = PCURVE('',#10027,#10032);
#10027 = PLANE('',#10028);
#10028 = AXIS2_PLACEMENT_3D('',#10029,#10030,#10031);
#10029 = CARTESIAN_POINT('',(2.058604050958,-0.245386631479,
    0.720437654823));
#10030 = DIRECTION('',(0.999587861945,-2.870725086506E-02,0.));
#10031 = DIRECTION('',(2.870725086506E-02,0.999587861945,0.));
#10032 = DEFINITIONAL_REPRESENTATION('',(#10033),#10037);
#10033 = LINE('',#10034,#10035);
#10034 = CARTESIAN_POINT('',(-5.12599492065E-03,9.206234517719E-02));
#10035 = VECTOR('',#10036,1.);
#10036 = DIRECTION('',(1.,0.));
#10037 = ( GEOMETRIC_REPRESENTATION_CONTEXT(2) 
PARAMETRIC_REPRESENTATION_CONTEXT() REPRESENTATION_CONTEXT('2D SPACE',''
  ) );
#10038 = ORIENTED_EDGE('',*,*,#10039,.T.);
#10039 = EDGE_CURVE('',#10012,#10040,#10042,.T.);
#10040 = VERTEX_POINT('',#10041);
#10041 = CARTESIAN_POINT('',(2.059981107712,-0.236835643649,0.8125));
#10042 = SURFACE_CURVE('',#10043,(#10047,#10054),.PCURVE_S1.);
#10043 = LINE('',#10044,#10045);
#10044 = CARTESIAN_POINT('',(2.058654308319,-0.243636667728,0.8125));
#10045 = VECTOR('',#10046,1.);
#10046 = DIRECTION('',(0.191478426283,0.981496822342,0.));
#10047 = PCURVE('',#9099,#10048);
#10048 = DEFINITIONAL_REPRESENTATION('',(#10049),#10053);
#10049 = LINE('',#10050,#10051);
#10050 = CARTESIAN_POINT('',(-9.116138000878E-02,-0.260996977124));
#10051 = VECTOR('',#10052,1.);
#10052 = DIRECTION('',(0.191478426283,0.981496822342));
#10053 = ( GEOMETRIC_REPRESENTATION_CONTEXT(2) 
PARAMETRIC_REPRESENTATION_CONTEXT() REPRESENTATION_CONTEXT('2D SPACE',''
  ) );
#10054 = PCURVE('',#10055,#10060);
#10055 = PLANE('',#10056);
#10056 = AXIS2_PLACEMENT_3D('',#10057,#10058,#10059);
#10057 = CARTESIAN_POINT('',(2.058992135214,-0.241905005157,
    0.717049689383));
#10058 = DIRECTION('',(0.981496822342,-0.191478426283,0.));
#10059 = DIRECTION('',(0.191478426283,0.981496822342,0.));
#10060 = DEFINITIONAL_REPRESENTATION('',(#10061),#10065);
#10061 = LINE('',#10062,#10063);
#10062 = CARTESIAN_POINT('',(-1.764307873933E-03,9.545031061719E-02));
#10063 = VECTOR('',#10064,1.);
#10064 = DIRECTION('',(1.,0.));
#10065 = ( GEOMETRIC_REPRESENTATION_CONTEXT(2) 
PARAMETRIC_REPRESENTATION_CONTEXT() REPRESENTATION_CONTEXT('2D SPACE',''
  ) );
#10066 = ORIENTED_EDGE('',*,*,#10067,.T.);
#10067 = EDGE_CURVE('',#10040,#10068,#10070,.T.);
#10068 = VERTEX_POINT('',#10069);
#10069 = CARTESIAN_POINT('',(2.062497138977,-0.230161011219,0.8125));
#10070 = SURFACE_CURVE('',#10071,(#10075,#10082),.PCURVE_S1.);
#10071 = LINE('',#10072,#10073);
#10072 = CARTESIAN_POINT('',(2.059981107712,-0.236835643649,0.8125));
#10073 = VECTOR('',#10074,1.);
#10074 = DIRECTION('',(0.352726146381,0.935726597709,0.));
#10075 = PCURVE('',#9099,#10076);
#10076 = DEFINITIONAL_REPRESENTATION('',(#10077),#10081);
#10077 = LINE('',#10078,#10079);
#10078 = CARTESIAN_POINT('',(-8.983458061607E-02,-0.254195953045));
#10079 = VECTOR('',#10080,1.);
#10080 = DIRECTION('',(0.352726146381,0.935726597709));
#10081 = ( GEOMETRIC_REPRESENTATION_CONTEXT(2) 
PARAMETRIC_REPRESENTATION_CONTEXT() REPRESENTATION_CONTEXT('2D SPACE',''
  ) );
#10082 = PCURVE('',#10083,#10088);
#10083 = PLANE('',#10084);
#10084 = AXIS2_PLACEMENT_3D('',#10085,#10086,#10087);
#10085 = CARTESIAN_POINT('',(2.060622075939,-0.235135256466,
    0.717000633213));
#10086 = DIRECTION('',(0.935726597709,-0.352726146381,0.));
#10087 = DIRECTION('',(0.352726146381,0.935726597709,0.));
#10088 = DEFINITIONAL_REPRESENTATION('',(#10089),#10093);
#10089 = LINE('',#10090,#10091);
#10090 = CARTESIAN_POINT('',(-1.817183766669E-03,9.549936678689E-02));
#10091 = VECTOR('',#10092,1.);
#10092 = DIRECTION('',(1.,0.));
#10093 = ( GEOMETRIC_REPRESENTATION_CONTEXT(2) 
PARAMETRIC_REPRESENTATION_CONTEXT() REPRESENTATION_CONTEXT('2D SPACE',''
  ) );
#10094 = ORIENTED_EDGE('',*,*,#10095,.T.);
#10095 = EDGE_CURVE('',#10068,#10096,#10098,.T.);
#10096 = VERTEX_POINT('',#10097);
#10097 = CARTESIAN_POINT('',(2.066264152527,-0.223624870181,0.8125));
#10098 = SURFACE_CURVE('',#10099,(#10103,#10110),.PCURVE_S1.);
#10099 = LINE('',#10100,#10101);
#10100 = CARTESIAN_POINT('',(2.062497138977,-0.230161011219,0.8125));
#10101 = VECTOR('',#10102,1.);
#10102 = DIRECTION('',(0.499340795545,0.866405661283,0.));
#10103 = PCURVE('',#9099,#10104);
#10104 = DEFINITIONAL_REPRESENTATION('',(#10105),#10109);
#10105 = LINE('',#10106,#10107);
#10106 = CARTESIAN_POINT('',(-8.731854935082E-02,-0.247521320615));
#10107 = VECTOR('',#10108,1.);
#10108 = DIRECTION('',(0.499340795545,0.866405661283));
#10109 = ( GEOMETRIC_REPRESENTATION_CONTEXT(2) 
PARAMETRIC_REPRESENTATION_CONTEXT() REPRESENTATION_CONTEXT('2D SPACE',''
  ) );
#10110 = PCURVE('',#10111,#10116);
#10111 = PLANE('',#10112);
#10112 = AXIS2_PLACEMENT_3D('',#10113,#10114,#10115);
#10113 = CARTESIAN_POINT('',(2.063457830203,-0.228494116937,
    0.716901932393));
#10114 = DIRECTION('',(0.866405661283,-0.499340795545,0.));
#10115 = DIRECTION('',(0.499340795545,0.866405661283,0.));
#10116 = DEFINITIONAL_REPRESENTATION('',(#10117),#10121);
#10117 = LINE('',#10118,#10119);
#10118 = CARTESIAN_POINT('',(-1.923918963279E-03,9.559806760723E-02));
#10119 = VECTOR('',#10120,1.);
#10120 = DIRECTION('',(1.,0.));
#10121 = ( GEOMETRIC_REPRESENTATION_CONTEXT(2) 
PARAMETRIC_REPRESENTATION_CONTEXT() REPRESENTATION_CONTEXT('2D SPACE',''
  ) );
#10122 = ORIENTED_EDGE('',*,*,#10123,.T.);
#10123 = EDGE_CURVE('',#10096,#10124,#10126,.T.);
#10124 = VERTEX_POINT('',#10125);
#10125 = CARTESIAN_POINT('',(2.072286128998,-0.216102004051,0.8125));
#10126 = SURFACE_CURVE('',#10127,(#10131,#10138),.PCURVE_S1.);
#10127 = LINE('',#10128,#10129);
#10128 = CARTESIAN_POINT('',(2.066264152527,-0.223624870181,0.8125));
#10129 = VECTOR('',#10130,1.);
#10130 = DIRECTION('',(0.62492810548,0.780682306051,0.));
#10131 = PCURVE('',#9099,#10132);
#10132 = DEFINITIONAL_REPRESENTATION('',(#10133),#10137);
#10133 = LINE('',#10134,#10135);
#10134 = CARTESIAN_POINT('',(-8.355153580101E-02,-0.240985179577));
#10135 = VECTOR('',#10136,1.);
#10136 = DIRECTION('',(0.62492810548,0.780682306051));
#10137 = ( GEOMETRIC_REPRESENTATION_CONTEXT(2) 
PARAMETRIC_REPRESENTATION_CONTEXT() REPRESENTATION_CONTEXT('2D SPACE',''
  ) );
#10138 = PCURVE('',#10139,#10144);
#10139 = PLANE('',#10140);
#10140 = AXIS2_PLACEMENT_3D('',#10141,#10142,#10143);
#10141 = CARTESIAN_POINT('',(2.067808307397,-0.221695857268,
    0.716402796614));
#10142 = DIRECTION('',(0.780682306051,-0.62492810548,0.));
#10143 = DIRECTION('',(0.62492810548,0.780682306051,0.));
#10144 = DEFINITIONAL_REPRESENTATION('',(#10145),#10149);
#10145 = LINE('',#10146,#10147);
#10146 = CARTESIAN_POINT('',(-2.470932026617E-03,9.609720338619E-02));
#10147 = VECTOR('',#10148,1.);
#10148 = DIRECTION('',(1.,0.));
#10149 = ( GEOMETRIC_REPRESENTATION_CONTEXT(2) 
PARAMETRIC_REPRESENTATION_CONTEXT() REPRESENTATION_CONTEXT('2D SPACE',''
  ) );
#10150 = ORIENTED_EDGE('',*,*,#10151,.T.);
#10151 = EDGE_CURVE('',#10124,#10152,#10154,.T.);
#10152 = VERTEX_POINT('',#10153);
#10153 = CARTESIAN_POINT('',(2.081775188446,-0.207158535719,0.8125));
#10154 = SURFACE_CURVE('',#10155,(#10159,#10166),.PCURVE_S1.);
#10155 = LINE('',#10156,#10157);
#10156 = CARTESIAN_POINT('',(2.072286128998,-0.216102004051,0.8125));
#10157 = VECTOR('',#10158,1.);
#10158 = DIRECTION('',(0.727717977613,0.685876479447,0.));
#10159 = PCURVE('',#9099,#10160);
#10160 = DEFINITIONAL_REPRESENTATION('',(#10161),#10165);
#10161 = LINE('',#10162,#10163);
#10162 = CARTESIAN_POINT('',(-7.752955933006E-02,-0.233462313447));
#10163 = VECTOR('',#10164,1.);
#10164 = DIRECTION('',(0.727717977613,0.685876479447));
#10165 = ( GEOMETRIC_REPRESENTATION_CONTEXT(2) 
PARAMETRIC_REPRESENTATION_CONTEXT() REPRESENTATION_CONTEXT('2D SPACE',''
  ) );
#10166 = PCURVE('',#10167,#10172);
#10167 = PLANE('',#10168);
#10168 = AXIS2_PLACEMENT_3D('',#10169,#10170,#10171);
#10169 = CARTESIAN_POINT('',(2.074740782592,-0.213788485329,
    0.715603346764));
#10170 = DIRECTION('',(0.685876479447,-0.727717977613,-0.));
#10171 = DIRECTION('',(-0.727717977613,-0.685876479447,0.));
#10172 = DEFINITIONAL_REPRESENTATION('',(#10173),#10177);
#10173 = LINE('',#10174,#10175);
#10174 = CARTESIAN_POINT('',(3.373083625989E-03,-9.689665323647E-02));
#10175 = VECTOR('',#10176,1.);
#10176 = DIRECTION('',(-1.,0.));
#10177 = ( GEOMETRIC_REPRESENTATION_CONTEXT(2) 
PARAMETRIC_REPRESENTATION_CONTEXT() REPRESENTATION_CONTEXT('2D SPACE',''
  ) );
#10178 = ORIENTED_EDGE('',*,*,#10179,.T.);
#10179 = EDGE_CURVE('',#10152,#10180,#10182,.T.);
#10180 = VERTEX_POINT('',#10181);
#10181 = CARTESIAN_POINT('',(2.102688550949,-0.192412689328,0.8125));
#10182 = SURFACE_CURVE('',#10183,(#10187,#10194),.PCURVE_S1.);
#10183 = LINE('',#10184,#10185);
#10184 = CARTESIAN_POINT('',(2.081775188446,-0.207158535719,0.8125));
#10185 = VECTOR('',#10186,1.);
#10186 = DIRECTION('',(0.817272036099,0.576252044691,0.));
#10187 = PCURVE('',#9099,#10188);
#10188 = DEFINITIONAL_REPRESENTATION('',(#10189),#10193);
#10189 = LINE('',#10190,#10191);
#10190 = CARTESIAN_POINT('',(-6.804049988182E-02,-0.224518845114));
#10191 = VECTOR('',#10192,1.);
#10192 = DIRECTION('',(0.817272036099,0.576252044691));
#10193 = ( GEOMETRIC_REPRESENTATION_CONTEXT(2) 
PARAMETRIC_REPRESENTATION_CONTEXT() REPRESENTATION_CONTEXT('2D SPACE',''
  ) );
#10194 = PCURVE('',#10195,#10200);
#10195 = PLANE('',#10196);
#10196 = AXIS2_PLACEMENT_3D('',#10197,#10198,#10199);
#10197 = CARTESIAN_POINT('',(2.087358654325,-0.203221678116,
    0.712787217527));
#10198 = DIRECTION('',(0.576252044691,-0.817272036099,-0.));
#10199 = DIRECTION('',(-0.817272036099,-0.576252044691,0.));
#10200 = DEFINITIONAL_REPRESENTATION('',(#10201),#10205);
#10201 = LINE('',#10202,#10203);
#10202 = CARTESIAN_POINT('',(6.83183277083E-03,-9.971278247312E-02));
#10203 = VECTOR('',#10204,1.);
#10204 = DIRECTION('',(-1.,0.));
#10205 = ( GEOMETRIC_REPRESENTATION_CONTEXT(2) 
PARAMETRIC_REPRESENTATION_CONTEXT() REPRESENTATION_CONTEXT('2D SPACE',''
  ) );
#10206 = ORIENTED_EDGE('',*,*,#10207,.T.);
#10207 = EDGE_CURVE('',#10180,#10208,#10210,.T.);
#10208 = VERTEX_POINT('',#10209);
#10209 = CARTESIAN_POINT('',(2.122857809067,-0.181006252766,0.8125));
#10210 = SURFACE_CURVE('',#10211,(#10215,#10222),.PCURVE_S1.);
#10211 = LINE('',#10212,#10213);
#10212 = CARTESIAN_POINT('',(2.102688550949,-0.192412689328,0.8125));
#10213 = VECTOR('',#10214,1.);
#10214 = DIRECTION('',(0.870444106345,0.492267262501,0.));
#10215 = PCURVE('',#9099,#10216);
#10216 = DEFINITIONAL_REPRESENTATION('',(#10217),#10221);
#10217 = LINE('',#10218,#10219);
#10218 = CARTESIAN_POINT('',(-4.712713737877E-02,-0.209772998724));
#10219 = VECTOR('',#10220,1.);
#10220 = DIRECTION('',(0.870444106345,0.492267262501));
#10221 = ( GEOMETRIC_REPRESENTATION_CONTEXT(2) 
PARAMETRIC_REPRESENTATION_CONTEXT() REPRESENTATION_CONTEXT('2D SPACE',''
  ) );
#10222 = PCURVE('',#10223,#10228);
#10223 = PLANE('',#10224);
#10224 = AXIS2_PLACEMENT_3D('',#10225,#10226,#10227);
#10225 = CARTESIAN_POINT('',(2.117505110784,-0.184033395016,
    0.724186225877));
#10226 = DIRECTION('',(0.492267262501,-0.870444106345,-0.));
#10227 = DIRECTION('',(-0.870444106345,-0.492267262501,0.));
#10228 = DEFINITIONAL_REPRESENTATION('',(#10229),#10233);
#10229 = LINE('',#10230,#10231);
#10230 = CARTESIAN_POINT('',(1.702183945694E-02,-8.831377412276E-02));
#10231 = VECTOR('',#10232,1.);
#10232 = DIRECTION('',(-1.,0.));
#10233 = ( GEOMETRIC_REPRESENTATION_CONTEXT(2) 
PARAMETRIC_REPRESENTATION_CONTEXT() REPRESENTATION_CONTEXT('2D SPACE',''
  ) );
#10234 = ORIENTED_EDGE('',*,*,#10235,.T.);
#10235 = EDGE_CURVE('',#10208,#10236,#10238,.T.);
#10236 = VERTEX_POINT('',#10237);
#10237 = CARTESIAN_POINT('',(2.240962505341,-0.124484546483,0.8125));
#10238 = SURFACE_CURVE('',#10239,(#10243,#10250),.PCURVE_S1.);
#10239 = LINE('',#10240,#10241);
#10240 = CARTESIAN_POINT('',(2.122857809067,-0.181006252766,0.8125));
#10241 = VECTOR('',#10242,1.);
#10242 = DIRECTION('',(0.902024642127,0.431684543383,0.));
#10243 = PCURVE('',#9099,#10244);
#10244 = DEFINITIONAL_REPRESENTATION('',(#10245),#10249);
#10245 = LINE('',#10246,#10247);
#10246 = CARTESIAN_POINT('',(-2.695787926109E-02,-0.198366562161));
#10247 = VECTOR('',#10248,1.);
#10248 = DIRECTION('',(0.902024642127,0.431684543383));
#10249 = ( GEOMETRIC_REPRESENTATION_CONTEXT(2) 
PARAMETRIC_REPRESENTATION_CONTEXT() REPRESENTATION_CONTEXT('2D SPACE',''
  ) );
#10250 = PCURVE('',#10251,#10256);
#10251 = PLANE('',#10252);
#10252 = AXIS2_PLACEMENT_3D('',#10253,#10254,#10255);
#10253 = CARTESIAN_POINT('',(2.202147458163,-0.143060375939,
    0.741185419182));
#10254 = DIRECTION('',(0.431684543383,-0.902024642127,-0.));
#10255 = DIRECTION('',(-0.902024642127,-0.431684543383,0.));
#10256 = DEFINITIONAL_REPRESENTATION('',(#10257),#10261);
#10257 = LINE('',#10258,#10259);
#10258 = CARTESIAN_POINT('',(8.790186586129E-02,-7.131458081767E-02));
#10259 = VECTOR('',#10260,1.);
#10260 = DIRECTION('',(-1.,0.));
#10261 = ( GEOMETRIC_REPRESENTATION_CONTEXT(2) 
PARAMETRIC_REPRESENTATION_CONTEXT() REPRESENTATION_CONTEXT('2D SPACE',''
  ) );
#10262 = ORIENTED_EDGE('',*,*,#10263,.T.);
#10263 = EDGE_CURVE('',#10236,#10264,#10266,.T.);
#10264 = VERTEX_POINT('',#10265);
#10265 = CARTESIAN_POINT('',(2.268798589706,-0.107138462365,0.8125));
#10266 = SURFACE_CURVE('',#10267,(#10271,#10278),.PCURVE_S1.);
#10267 = LINE('',#10268,#10269);
#10268 = CARTESIAN_POINT('',(2.240962505341,-0.124484546483,0.8125));
#10269 = VECTOR('',#10270,1.);
#10270 = DIRECTION('',(0.848702830537,0.52887002698,0.));
#10271 = PCURVE('',#9099,#10272);
#10272 = DEFINITIONAL_REPRESENTATION('',(#10273),#10277);
#10273 = LINE('',#10274,#10275);
#10274 = CARTESIAN_POINT('',(9.114681701271E-02,-0.141844855878));
#10275 = VECTOR('',#10276,1.);
#10276 = DIRECTION('',(0.848702830537,0.52887002698));
#10277 = ( GEOMETRIC_REPRESENTATION_CONTEXT(2) 
PARAMETRIC_REPRESENTATION_CONTEXT() REPRESENTATION_CONTEXT('2D SPACE',''
  ) );
#10278 = PCURVE('',#10279,#10284);
#10279 = PLANE('',#10280);
#10280 = AXIS2_PLACEMENT_3D('',#10281,#10282,#10283);
#10281 = CARTESIAN_POINT('',(2.261235502247,-0.111851407962,
    0.726237844385));
#10282 = DIRECTION('',(0.52887002698,-0.848702830537,-0.));
#10283 = DIRECTION('',(-0.848702830537,-0.52887002698,0.));
#10284 = DEFINITIONAL_REPRESENTATION('',(#10285),#10289);
#10285 = LINE('',#10286,#10287);
#10286 = CARTESIAN_POINT('',(2.388703816855E-02,-8.626215561535E-02));
#10287 = VECTOR('',#10288,1.);
#10288 = DIRECTION('',(-1.,0.));
#10289 = ( GEOMETRIC_REPRESENTATION_CONTEXT(2) 
PARAMETRIC_REPRESENTATION_CONTEXT() REPRESENTATION_CONTEXT('2D SPACE',''
  ) );
#10290 = ORIENTED_EDGE('',*,*,#10291,.T.);
#10291 = EDGE_CURVE('',#10264,#10292,#10294,.T.);
#10292 = VERTEX_POINT('',#10293);
#10293 = CARTESIAN_POINT('',(2.281445741653,-9.630328416824E-02,0.8125)
  );
#10294 = SURFACE_CURVE('',#10295,(#10299,#10306),.PCURVE_S1.);
#10295 = LINE('',#10296,#10297);
#10296 = CARTESIAN_POINT('',(2.268798589706,-0.107138462365,0.8125));
#10297 = VECTOR('',#10298,1.);
#10298 = DIRECTION('',(0.759411984119,0.650610050935,0.));
#10299 = PCURVE('',#9099,#10300);
#10300 = DEFINITIONAL_REPRESENTATION('',(#10301),#10305);
#10301 = LINE('',#10302,#10303);
#10302 = CARTESIAN_POINT('',(0.118982901379,-0.12449877176));
#10303 = VECTOR('',#10304,1.);
#10304 = DIRECTION('',(0.759411984119,0.650610050935));
#10305 = ( GEOMETRIC_REPRESENTATION_CONTEXT(2) 
PARAMETRIC_REPRESENTATION_CONTEXT() REPRESENTATION_CONTEXT('2D SPACE',''
  ) );
#10306 = PCURVE('',#10307,#10312);
#10307 = PLANE('',#10308);
#10308 = AXIS2_PLACEMENT_3D('',#10309,#10310,#10311);
#10309 = CARTESIAN_POINT('',(2.278143813464,-9.913214085259E-02,
    0.722728930867));
#10310 = DIRECTION('',(0.650610050935,-0.759411984119,-0.));
#10311 = DIRECTION('',(-0.759411984119,-0.650610050935,0.));
#10312 = DEFINITIONAL_REPRESENTATION('',(#10313),#10317);
#10313 = LINE('',#10314,#10315);
#10314 = CARTESIAN_POINT('',(1.230586816263E-02,-8.977106913327E-02));
#10315 = VECTOR('',#10316,1.);
#10316 = DIRECTION('',(-1.,0.));
#10317 = ( GEOMETRIC_REPRESENTATION_CONTEXT(2) 
PARAMETRIC_REPRESENTATION_CONTEXT() REPRESENTATION_CONTEXT('2D SPACE',''
  ) );
#10318 = ORIENTED_EDGE('',*,*,#10319,.T.);
#10319 = EDGE_CURVE('',#10292,#10320,#10322,.T.);
#10320 = VERTEX_POINT('',#10321);
#10321 = CARTESIAN_POINT('',(2.288064479828,-8.847654610872E-02,0.8125)
  );
#10322 = SURFACE_CURVE('',#10323,(#10327,#10334),.PCURVE_S1.);
#10323 = LINE('',#10324,#10325);
#10324 = CARTESIAN_POINT('',(2.281445741653,-9.630328416824E-02,0.8125)
  );
#10325 = VECTOR('',#10326,1.);
#10326 = DIRECTION('',(0.645721261817,0.763573213279,0.));
#10327 = PCURVE('',#9099,#10328);
#10328 = DEFINITIONAL_REPRESENTATION('',(#10329),#10333);
#10329 = LINE('',#10330,#10331);
#10330 = CARTESIAN_POINT('',(0.131630053326,-0.113663593564));
#10331 = VECTOR('',#10332,1.);
#10332 = DIRECTION('',(0.645721261817,0.763573213279));
#10333 = ( GEOMETRIC_REPRESENTATION_CONTEXT(2) 
PARAMETRIC_REPRESENTATION_CONTEXT() REPRESENTATION_CONTEXT('2D SPACE',''
  ) );
#10334 = PCURVE('',#10335,#10340);
#10335 = PLANE('',#10336);
#10336 = AXIS2_PLACEMENT_3D('',#10337,#10338,#10339);
#10337 = CARTESIAN_POINT('',(2.286364600331,-9.048667420363E-02,
    0.721242545445));
#10338 = DIRECTION('',(0.763573213279,-0.645721261817,0.));
#10339 = DIRECTION('',(0.645721261817,0.763573213279,0.));
#10340 = DEFINITIONAL_REPRESENTATION('',(#10341),#10345);
#10341 = LINE('',#10342,#10343);
#10342 = CARTESIAN_POINT('',(-7.617619192846E-03,9.125745455477E-02));
#10343 = VECTOR('',#10344,1.);
#10344 = DIRECTION('',(1.,0.));
#10345 = ( GEOMETRIC_REPRESENTATION_CONTEXT(2) 
PARAMETRIC_REPRESENTATION_CONTEXT() REPRESENTATION_CONTEXT('2D SPACE',''
  ) );
#10346 = ORIENTED_EDGE('',*,*,#10347,.T.);
#10347 = EDGE_CURVE('',#10320,#10348,#10350,.T.);
#10348 = VERTEX_POINT('',#10349);
#10349 = CARTESIAN_POINT('',(2.289764642715,-8.590573817492E-02,0.8125)
  );
#10350 = SURFACE_CURVE('',#10351,(#10355,#10362),.PCURVE_S1.);
#10351 = LINE('',#10352,#10353);
#10352 = CARTESIAN_POINT('',(2.288064479828,-8.847654610872E-02,0.8125)
  );
#10353 = VECTOR('',#10354,1.);
#10354 = DIRECTION('',(0.551617081397,0.834097473627,0.));
#10355 = PCURVE('',#9099,#10356);
#10356 = DEFINITIONAL_REPRESENTATION('',(#10357),#10361);
#10357 = LINE('',#10358,#10359);
#10358 = CARTESIAN_POINT('',(0.1382487915,-0.105836855504));
#10359 = VECTOR('',#10360,1.);
#10360 = DIRECTION('',(0.551617081397,0.834097473627));
#10361 = ( GEOMETRIC_REPRESENTATION_CONTEXT(2) 
PARAMETRIC_REPRESENTATION_CONTEXT() REPRESENTATION_CONTEXT('2D SPACE',''
  ) );
#10362 = PCURVE('',#10363,#10368);
#10363 = PLANE('',#10364);
#10364 = AXIS2_PLACEMENT_3D('',#10365,#10366,#10367);
#10365 = CARTESIAN_POINT('',(2.289336108799,-8.655372220053E-02,
    0.719514203179));
#10366 = DIRECTION('',(0.834097473627,-0.551617081397,0.));
#10367 = DIRECTION('',(0.551617081397,0.834097473627,0.));
#10368 = DEFINITIONAL_REPRESENTATION('',(#10369),#10373);
#10369 = LINE('',#10370,#10371);
#10370 = CARTESIAN_POINT('',(-2.305274825775E-03,9.298579682058E-02));
#10371 = VECTOR('',#10372,1.);
#10372 = DIRECTION('',(1.,0.));
#10373 = ( GEOMETRIC_REPRESENTATION_CONTEXT(2) 
PARAMETRIC_REPRESENTATION_CONTEXT() REPRESENTATION_CONTEXT('2D SPACE',''
  ) );
#10374 = ORIENTED_EDGE('',*,*,#10375,.T.);
#10375 = EDGE_CURVE('',#10348,#10376,#10378,.T.);
#10376 = VERTEX_POINT('',#10377);
#10377 = CARTESIAN_POINT('',(2.292444229126,-8.079495280981E-02,0.8125)
  );
#10378 = SURFACE_CURVE('',#10379,(#10383,#10390),.PCURVE_S1.);
#10379 = LINE('',#10380,#10381);
#10380 = CARTESIAN_POINT('',(2.289764642715,-8.590573817492E-02,0.8125)
  );
#10381 = VECTOR('',#10382,1.);
#10382 = DIRECTION('',(0.464348049788,0.885652803676,0.));
#10383 = PCURVE('',#9099,#10384);
#10384 = DEFINITIONAL_REPRESENTATION('',(#10385),#10389);
#10385 = LINE('',#10386,#10387);
#10386 = CARTESIAN_POINT('',(0.139948954388,-0.10326604757));
#10387 = VECTOR('',#10388,1.);
#10388 = DIRECTION('',(0.464348049788,0.885652803676));
#10389 = ( GEOMETRIC_REPRESENTATION_CONTEXT(2) 
PARAMETRIC_REPRESENTATION_CONTEXT() REPRESENTATION_CONTEXT('2D SPACE',''
  ) );
#10390 = PCURVE('',#10391,#10396);
#10391 = PLANE('',#10392);
#10392 = AXIS2_PLACEMENT_3D('',#10393,#10394,#10395);
#10393 = CARTESIAN_POINT('',(2.290444845501,-8.460838481186E-02,
    0.717329534424));
#10394 = DIRECTION('',(0.885652803676,-0.464348049788,0.));
#10395 = DIRECTION('',(0.464348049788,0.885652803676,0.));
#10396 = DEFINITIONAL_REPRESENTATION('',(#10397),#10401);
#10397 = LINE('',#10398,#10399);
#10398 = CARTESIAN_POINT('',(-1.464855480238E-03,9.517046557554E-02));
#10399 = VECTOR('',#10400,1.);
#10400 = DIRECTION('',(1.,0.));
#10401 = ( GEOMETRIC_REPRESENTATION_CONTEXT(2) 
PARAMETRIC_REPRESENTATION_CONTEXT() REPRESENTATION_CONTEXT('2D SPACE',''
  ) );
#10402 = ORIENTED_EDGE('',*,*,#10403,.T.);
#10403 = EDGE_CURVE('',#10376,#10404,#10406,.T.);
#10404 = VERTEX_POINT('',#10405);
#10405 = CARTESIAN_POINT('',(2.294099569321,-7.604141533375E-02,0.8125)
  );
#10406 = SURFACE_CURVE('',#10407,(#10411,#10418),.PCURVE_S1.);
#10407 = LINE('',#10408,#10409);
#10408 = CARTESIAN_POINT('',(2.292444229126,-8.079495280981E-02,0.8125)
  );
#10409 = VECTOR('',#10410,1.);
#10410 = DIRECTION('',(0.328863688885,0.944377400266,0.));
#10411 = PCURVE('',#9099,#10412);
#10412 = DEFINITIONAL_REPRESENTATION('',(#10413),#10417);
#10413 = LINE('',#10414,#10415);
#10414 = CARTESIAN_POINT('',(0.142628540798,-9.815526220529E-02));
#10415 = VECTOR('',#10416,1.);
#10416 = DIRECTION('',(0.328863688885,0.944377400266));
#10417 = ( GEOMETRIC_REPRESENTATION_CONTEXT(2) 
PARAMETRIC_REPRESENTATION_CONTEXT() REPRESENTATION_CONTEXT('2D SPACE',''
  ) );
#10418 = PCURVE('',#10419,#10424);
#10419 = PLANE('',#10420);
#10420 = AXIS2_PLACEMENT_3D('',#10421,#10422,#10423);
#10421 = CARTESIAN_POINT('',(2.293680180486,-7.724574816353E-02,
    0.719991490857));
#10422 = DIRECTION('',(0.944377400266,-0.328863688885,0.));
#10423 = DIRECTION('',(0.328863688885,0.944377400266,0.));
#10424 = DEFINITIONAL_REPRESENTATION('',(#10425),#10429);
#10425 = LINE('',#10426,#10427);
#10426 = CARTESIAN_POINT('',(-3.758248180522E-03,9.250850914273E-02));
#10427 = VECTOR('',#10428,1.);
#10428 = DIRECTION('',(1.,0.));
#10429 = ( GEOMETRIC_REPRESENTATION_CONTEXT(2) 
PARAMETRIC_REPRESENTATION_CONTEXT() REPRESENTATION_CONTEXT('2D SPACE',''
  ) );
#10430 = ORIENTED_EDGE('',*,*,#10431,.T.);
#10431 = EDGE_CURVE('',#10404,#10432,#10434,.T.);
#10432 = VERTEX_POINT('',#10433);
#10433 = CARTESIAN_POINT('',(2.294944524765,-7.137036323547E-02,0.8125)
  );
#10434 = SURFACE_CURVE('',#10435,(#10439,#10446),.PCURVE_S1.);
#10435 = LINE('',#10436,#10437);
#10436 = CARTESIAN_POINT('',(2.294099569321,-7.604141533375E-02,0.8125)
  );
#10437 = VECTOR('',#10438,1.);
#10438 = DIRECTION('',(0.178003035756,0.984029938194,0.));
#10439 = PCURVE('',#9099,#10440);
#10440 = DEFINITIONAL_REPRESENTATION('',(#10441),#10445);
#10441 = LINE('',#10442,#10443);
#10442 = CARTESIAN_POINT('',(0.144283880993,-9.340172472923E-02));
#10443 = VECTOR('',#10444,1.);
#10444 = DIRECTION('',(0.178003035756,0.984029938194));
#10445 = ( GEOMETRIC_REPRESENTATION_CONTEXT(2) 
PARAMETRIC_REPRESENTATION_CONTEXT() REPRESENTATION_CONTEXT('2D SPACE',''
  ) );
#10446 = PCURVE('',#10447,#10452);
#10447 = PLANE('',#10448);
#10448 = AXIS2_PLACEMENT_3D('',#10449,#10450,#10451);
#10449 = CARTESIAN_POINT('',(2.294730612409,-7.255290577837E-02,
    0.719921695557));
#10450 = DIRECTION('',(0.984029938194,-0.178003035756,0.));
#10451 = DIRECTION('',(0.178003035756,0.984029938194,0.));
#10452 = DEFINITIONAL_REPRESENTATION('',(#10453),#10457);
#10453 = LINE('',#10454,#10455);
#10454 = CARTESIAN_POINT('',(-3.545125427568E-03,9.25783044433E-02));
#10455 = VECTOR('',#10456,1.);
#10456 = DIRECTION('',(1.,0.));
#10457 = ( GEOMETRIC_REPRESENTATION_CONTEXT(2) 
PARAMETRIC_REPRESENTATION_CONTEXT() REPRESENTATION_CONTEXT('2D SPACE',''
  ) );
#10458 = ORIENTED_EDGE('',*,*,#10459,.T.);
#10459 = EDGE_CURVE('',#10432,#10460,#10462,.T.);
#10460 = VERTEX_POINT('',#10461);
#10461 = CARTESIAN_POINT('',(2.295017957687,-6.662066280842E-02,0.8125)
  );
#10462 = SURFACE_CURVE('',#10463,(#10467,#10474),.PCURVE_S1.);
#10463 = LINE('',#10464,#10465);
#10464 = CARTESIAN_POINT('',(2.294944524765,-7.137036323547E-02,0.8125)
  );
#10465 = VECTOR('',#10466,1.);
#10466 = DIRECTION('',(1.545869024655E-02,0.999880507309,0.));
#10467 = PCURVE('',#9099,#10468);
#10468 = DEFINITIONAL_REPRESENTATION('',(#10469),#10473);
#10469 = LINE('',#10470,#10471);
#10470 = CARTESIAN_POINT('',(0.145128836437,-8.873067263096E-02));
#10471 = VECTOR('',#10472,1.);
#10472 = DIRECTION('',(1.545869024655E-02,0.999880507309));
#10473 = ( GEOMETRIC_REPRESENTATION_CONTEXT(2) 
PARAMETRIC_REPRESENTATION_CONTEXT() REPRESENTATION_CONTEXT('2D SPACE',''
  ) );
#10474 = PCURVE('',#10475,#10480);
#10475 = PLANE('',#10476);
#10476 = AXIS2_PLACEMENT_3D('',#10477,#10478,#10479);
#10477 = CARTESIAN_POINT('',(2.294999366943,-6.782312706914E-02,
    0.719922526061));
#10478 = DIRECTION('',(0.999880507309,-1.545869024655E-02,0.));
#10479 = DIRECTION('',(1.545869024655E-02,0.999880507309,0.));
#10480 = DEFINITIONAL_REPRESENTATION('',(#10481),#10485);
#10481 = LINE('',#10482,#10483);
#10482 = CARTESIAN_POINT('',(-3.547660085789E-03,9.25774739389E-02));
#10483 = VECTOR('',#10484,1.);
#10484 = DIRECTION('',(1.,0.));
#10485 = ( GEOMETRIC_REPRESENTATION_CONTEXT(2) 
PARAMETRIC_REPRESENTATION_CONTEXT() REPRESENTATION_CONTEXT('2D SPACE',''
  ) );
#10486 = ORIENTED_EDGE('',*,*,#10487,.T.);
#10487 = EDGE_CURVE('',#10460,#10488,#10490,.T.);
#10488 = VERTEX_POINT('',#10489);
#10489 = CARTESIAN_POINT('',(2.294293165207,-6.171001121402E-02,0.8125)
  );
#10490 = SURFACE_CURVE('',#10491,(#10495,#10502),.PCURVE_S1.);
#10491 = LINE('',#10492,#10493);
#10492 = CARTESIAN_POINT('',(2.295017957687,-6.662066280842E-02,0.8125)
  );
#10493 = VECTOR('',#10494,1.);
#10494 = DIRECTION('',(-0.146014130016,0.989282504564,0.));
#10495 = PCURVE('',#9099,#10496);
#10496 = DEFINITIONAL_REPRESENTATION('',(#10497),#10501);
#10497 = LINE('',#10498,#10499);
#10498 = CARTESIAN_POINT('',(0.14520226936,-8.39809722039E-02));
#10499 = VECTOR('',#10500,1.);
#10500 = DIRECTION('',(-0.146014130016,0.989282504564));
#10501 = ( GEOMETRIC_REPRESENTATION_CONTEXT(2) 
PARAMETRIC_REPRESENTATION_CONTEXT() REPRESENTATION_CONTEXT('2D SPACE',''
  ) );
#10502 = PCURVE('',#10503,#10508);
#10503 = PLANE('',#10504);
#10504 = AXIS2_PLACEMENT_3D('',#10505,#10506,#10507);
#10505 = CARTESIAN_POINT('',(2.294476761415,-6.295392176361E-02,
    0.719974539241));
#10506 = DIRECTION('',(0.989282504564,0.146014130016,0.));
#10507 = DIRECTION('',(-0.146014130016,0.989282504564,0.));
#10508 = DEFINITIONAL_REPRESENTATION('',(#10509),#10513);
#10509 = LINE('',#10510,#10511);
#10510 = CARTESIAN_POINT('',(-3.706465067249E-03,9.252546075866E-02));
#10511 = VECTOR('',#10512,1.);
#10512 = DIRECTION('',(1.,0.));
#10513 = ( GEOMETRIC_REPRESENTATION_CONTEXT(2) 
PARAMETRIC_REPRESENTATION_CONTEXT() REPRESENTATION_CONTEXT('2D SPACE',''
  ) );
#10514 = ORIENTED_EDGE('',*,*,#10515,.T.);
#10515 = EDGE_CURVE('',#10488,#10516,#10518,.T.);
#10516 = VERTEX_POINT('',#10517);
#10517 = CARTESIAN_POINT('',(2.292478322983,-5.587419494987E-02,0.8125)
  );
#10518 = SURFACE_CURVE('',#10519,(#10523,#10530),.PCURVE_S1.);
#10519 = LINE('',#10520,#10521);
#10520 = CARTESIAN_POINT('',(2.294293165207,-6.171001121402E-02,0.8125)
  );
#10521 = VECTOR('',#10522,1.);
#10522 = DIRECTION('',(-0.2969553982,0.954891350615,0.));
#10523 = PCURVE('',#9099,#10524);
#10524 = DEFINITIONAL_REPRESENTATION('',(#10525),#10529);
#10525 = LINE('',#10526,#10527);
#10526 = CARTESIAN_POINT('',(0.144477476879,-7.90703206095E-02));
#10527 = VECTOR('',#10528,1.);
#10528 = DIRECTION('',(-0.2969553982,0.954891350615));
#10529 = ( GEOMETRIC_REPRESENTATION_CONTEXT(2) 
PARAMETRIC_REPRESENTATION_CONTEXT() REPRESENTATION_CONTEXT('2D SPACE',''
  ) );
#10530 = PCURVE('',#10531,#10536);
#10531 = PLANE('',#10532);
#10532 = AXIS2_PLACEMENT_3D('',#10533,#10534,#10535);
#10533 = CARTESIAN_POINT('',(2.292939425845,-5.735691975567E-02,
    0.720252980758));
#10534 = DIRECTION('',(0.954891350615,0.2969553982,0.));
#10535 = DIRECTION('',(-0.2969553982,0.954891350615,0.));
#10536 = DEFINITIONAL_REPRESENTATION('',(#10537),#10541);
#10537 = LINE('',#10538,#10539);
#10538 = CARTESIAN_POINT('',(-4.558729593209E-03,9.224701924167E-02));
#10539 = VECTOR('',#10540,1.);
#10540 = DIRECTION('',(1.,0.));
#10541 = ( GEOMETRIC_REPRESENTATION_CONTEXT(2) 
PARAMETRIC_REPRESENTATION_CONTEXT() REPRESENTATION_CONTEXT('2D SPACE',''
  ) );
#10542 = ORIENTED_EDGE('',*,*,#10543,.T.);
#10543 = EDGE_CURVE('',#10516,#10544,#10546,.T.);
#10544 = VERTEX_POINT('',#10545);
#10545 = CARTESIAN_POINT('',(2.290328025818,-5.114866793156E-02,0.8125)
  );
#10546 = SURFACE_CURVE('',#10547,(#10551,#10558),.PCURVE_S1.);
#10547 = LINE('',#10548,#10549);
#10548 = CARTESIAN_POINT('',(2.292478322983,-5.587419494987E-02,0.8125)
  );
#10549 = VECTOR('',#10550,1.);
#10550 = DIRECTION('',(-0.414174904502,0.910197312939,0.));
#10551 = PCURVE('',#9099,#10552);
#10552 = DEFINITIONAL_REPRESENTATION('',(#10553),#10557);
#10553 = LINE('',#10554,#10555);
#10554 = CARTESIAN_POINT('',(0.142662634655,-7.323450434535E-02));
#10555 = VECTOR('',#10556,1.);
#10556 = DIRECTION('',(-0.414174904502,0.910197312939));
#10557 = ( GEOMETRIC_REPRESENTATION_CONTEXT(2) 
PARAMETRIC_REPRESENTATION_CONTEXT() REPRESENTATION_CONTEXT('2D SPACE',''
  ) );
#10558 = PCURVE('',#10559,#10564);
#10559 = PLANE('',#10560);
#10560 = AXIS2_PLACEMENT_3D('',#10561,#10562,#10563);
#10561 = CARTESIAN_POINT('',(2.290873041236,-5.234640242393E-02,
    0.720029974133));
#10562 = DIRECTION('',(0.910197312939,0.414174904502,0.));
#10563 = DIRECTION('',(-0.414174904502,0.910197312939,0.));
#10564 = DEFINITIONAL_REPRESENTATION('',(#10565),#10569);
#10565 = LINE('',#10566,#10567);
#10566 = CARTESIAN_POINT('',(-3.875854691924E-03,9.247002586668E-02));
#10567 = VECTOR('',#10568,1.);
#10568 = DIRECTION('',(1.,0.));
#10569 = ( GEOMETRIC_REPRESENTATION_CONTEXT(2) 
PARAMETRIC_REPRESENTATION_CONTEXT() REPRESENTATION_CONTEXT('2D SPACE',''
  ) );
#10570 = ORIENTED_EDGE('',*,*,#10571,.T.);
#10571 = EDGE_CURVE('',#10544,#10572,#10574,.T.);
#10572 = VERTEX_POINT('',#10573);
#10573 = CARTESIAN_POINT('',(2.284427165985,-4.170056432486E-02,0.8125)
  );
#10574 = SURFACE_CURVE('',#10575,(#10579,#10586),.PCURVE_S1.);
#10575 = LINE('',#10576,#10577);
#10576 = CARTESIAN_POINT('',(2.290328025818,-5.114866793156E-02,0.8125)
  );
#10577 = VECTOR('',#10578,1.);
#10578 = DIRECTION('',(-0.529727465851,0.848167914934,0.));
#10579 = PCURVE('',#9099,#10580);
#10580 = DEFINITIONAL_REPRESENTATION('',(#10581),#10585);
#10581 = LINE('',#10582,#10583);
#10582 = CARTESIAN_POINT('',(0.14051233749,-6.850897732704E-02));
#10583 = VECTOR('',#10584,1.);
#10584 = DIRECTION('',(-0.529727465851,0.848167914934));
#10585 = ( GEOMETRIC_REPRESENTATION_CONTEXT(2) 
PARAMETRIC_REPRESENTATION_CONTEXT() REPRESENTATION_CONTEXT('2D SPACE',''
  ) );
#10586 = PCURVE('',#10587,#10592);
#10587 = PLANE('',#10588);
#10588 = AXIS2_PLACEMENT_3D('',#10589,#10590,#10591);
#10589 = CARTESIAN_POINT('',(2.288809027999,-4.871653953372E-02,
    0.716047795206));
#10590 = DIRECTION('',(0.848167914934,0.529727465851,0.));
#10591 = DIRECTION('',(-0.529727465851,0.848167914934,0.));
#10592 = DEFINITIONAL_REPRESENTATION('',(#10593),#10597);
#10593 = LINE('',#10594,#10595);
#10594 = CARTESIAN_POINT('',(-2.867508137263E-03,9.64522047936E-02));
#10595 = VECTOR('',#10596,1.);
#10596 = DIRECTION('',(1.,0.));
#10597 = ( GEOMETRIC_REPRESENTATION_CONTEXT(2) 
PARAMETRIC_REPRESENTATION_CONTEXT() REPRESENTATION_CONTEXT('2D SPACE',''
  ) );
#10598 = ORIENTED_EDGE('',*,*,#10599,.T.);
#10599 = EDGE_CURVE('',#10572,#10600,#10602,.T.);
#10600 = VERTEX_POINT('',#10601);
#10601 = CARTESIAN_POINT('',(2.274519205093,-2.991699799895E-02,0.8125)
  );
#10602 = SURFACE_CURVE('',#10603,(#10607,#10614),.PCURVE_S1.);
#10603 = LINE('',#10604,#10605);
#10604 = CARTESIAN_POINT('',(2.284427165985,-4.170056432486E-02,0.8125)
  );
#10605 = VECTOR('',#10606,1.);
#10606 = DIRECTION('',(-0.643563897022,0.765392389856,0.));
#10607 = PCURVE('',#9099,#10608);
#10608 = DEFINITIONAL_REPRESENTATION('',(#10609),#10613);
#10609 = LINE('',#10610,#10611);
#10610 = CARTESIAN_POINT('',(0.134611477657,-5.906087372034E-02));
#10611 = VECTOR('',#10612,1.);
#10612 = DIRECTION('',(-0.643563897022,0.765392389856));
#10613 = ( GEOMETRIC_REPRESENTATION_CONTEXT(2) 
PARAMETRIC_REPRESENTATION_CONTEXT() REPRESENTATION_CONTEXT('2D SPACE',''
  ) );
#10614 = PCURVE('',#10615,#10620);
#10615 = PLANE('',#10616);
#10616 = AXIS2_PLACEMENT_3D('',#10617,#10618,#10619);
#10617 = CARTESIAN_POINT('',(2.277097716223,-3.298362868566E-02,
    0.722441116496));
#10618 = DIRECTION('',(0.765392389856,0.643563897022,0.));
#10619 = DIRECTION('',(-0.643563897022,0.765392389856,0.));
#10620 = DEFINITIONAL_REPRESENTATION('',(#10621),#10625);
#10621 = LINE('',#10622,#10623);
#10622 = CARTESIAN_POINT('',(-1.138884545329E-02,9.005888350382E-02));
#10623 = VECTOR('',#10624,1.);
#10624 = DIRECTION('',(1.,0.));
#10625 = ( GEOMETRIC_REPRESENTATION_CONTEXT(2) 
PARAMETRIC_REPRESENTATION_CONTEXT() REPRESENTATION_CONTEXT('2D SPACE',''
  ) );
#10626 = ORIENTED_EDGE('',*,*,#10627,.T.);
#10627 = EDGE_CURVE('',#10600,#10628,#10630,.T.);
#10628 = VERTEX_POINT('',#10629);
#10629 = CARTESIAN_POINT('',(2.258639335632,-1.495109684765E-02,0.8125)
  );
#10630 = SURFACE_CURVE('',#10631,(#10635,#10642),.PCURVE_S1.);
#10631 = LINE('',#10632,#10633);
#10632 = CARTESIAN_POINT('',(2.274519205093,-2.991699799895E-02,0.8125)
  );
#10633 = VECTOR('',#10634,1.);
#10634 = DIRECTION('',(-0.727739151284,0.685854013394,0.));
#10635 = PCURVE('',#9099,#10636);
#10636 = DEFINITIONAL_REPRESENTATION('',(#10637),#10641);
#10637 = LINE('',#10638,#10639);
#10638 = CARTESIAN_POINT('',(0.124703516766,-4.727730739444E-02));
#10639 = VECTOR('',#10640,1.);
#10640 = DIRECTION('',(-0.727739151284,0.685854013394));
#10641 = ( GEOMETRIC_REPRESENTATION_CONTEXT(2) 
PARAMETRIC_REPRESENTATION_CONTEXT() REPRESENTATION_CONTEXT('2D SPACE',''
  ) );
#10642 = PCURVE('',#10643,#10648);
#10643 = PLANE('',#10644);
#10644 = AXIS2_PLACEMENT_3D('',#10645,#10646,#10647);
#10645 = CARTESIAN_POINT('',(2.262839533983,-1.890955214166E-02,
    0.723888841813));
#10646 = DIRECTION('',(0.685854013394,0.727739151284,0.));
#10647 = DIRECTION('',(0.727739151284,-0.685854013394,0.));
#10648 = DEFINITIONAL_REPRESENTATION('',(#10649),#10653);
#10649 = LINE('',#10650,#10651);
#10650 = CARTESIAN_POINT('',(1.604925485938E-02,-8.8611158187E-02));
#10651 = VECTOR('',#10652,1.);
#10652 = DIRECTION('',(-1.,0.));
#10653 = ( GEOMETRIC_REPRESENTATION_CONTEXT(2) 
PARAMETRIC_REPRESENTATION_CONTEXT() REPRESENTATION_CONTEXT('2D SPACE',''
  ) );
#10654 = ORIENTED_EDGE('',*,*,#10655,.T.);
#10655 = EDGE_CURVE('',#10628,#10656,#10658,.T.);
#10656 = VERTEX_POINT('',#10657);
#10657 = CARTESIAN_POINT('',(2.234050035477,4.292805679142E-03,0.8125));
#10658 = SURFACE_CURVE('',#10659,(#10663,#10670),.PCURVE_S1.);
#10659 = LINE('',#10660,#10661);
#10660 = CARTESIAN_POINT('',(2.258639335632,-1.495109684765E-02,0.8125)
  );
#10661 = VECTOR('',#10662,1.);
#10662 = DIRECTION('',(-0.787503409241,0.616310295577,0.));
#10663 = PCURVE('',#9099,#10664);
#10664 = DEFINITIONAL_REPRESENTATION('',(#10665),#10669);
#10665 = LINE('',#10666,#10667);
#10666 = CARTESIAN_POINT('',(0.108823647304,-3.231140624314E-02));
#10667 = VECTOR('',#10668,1.);
#10668 = DIRECTION('',(-0.787503409241,0.616310295577));
#10669 = ( GEOMETRIC_REPRESENTATION_CONTEXT(2) 
PARAMETRIC_REPRESENTATION_CONTEXT() REPRESENTATION_CONTEXT('2D SPACE',''
  ) );
#10670 = PCURVE('',#10671,#10676);
#10671 = PLANE('',#10672);
#10672 = AXIS2_PLACEMENT_3D('',#10673,#10674,#10675);
#10673 = CARTESIAN_POINT('',(2.240705717137,-9.160163821828E-04,
    0.725910563816));
#10674 = DIRECTION('',(0.616310295577,0.787503409241,0.));
#10675 = DIRECTION('',(0.787503409241,-0.616310295577,0.));
#10676 = DEFINITIONAL_REPRESENTATION('',(#10677),#10681);
#10677 = LINE('',#10678,#10679);
#10678 = CARTESIAN_POINT('',(2.27727502951E-02,-8.658943618378E-02));
#10679 = VECTOR('',#10680,1.);
#10680 = DIRECTION('',(-1.,0.));
#10681 = ( GEOMETRIC_REPRESENTATION_CONTEXT(2) 
PARAMETRIC_REPRESENTATION_CONTEXT() REPRESENTATION_CONTEXT('2D SPACE',''
  ) );
#10682 = ORIENTED_EDGE('',*,*,#10683,.T.);
#10683 = EDGE_CURVE('',#10656,#10684,#10686,.T.);
#10684 = VERTEX_POINT('',#10685);
#10685 = CARTESIAN_POINT('',(2.197268009186,2.92392373085E-02,0.8125));
#10686 = SURFACE_CURVE('',#10687,(#10691,#10698),.PCURVE_S1.);
#10687 = LINE('',#10688,#10689);
#10688 = CARTESIAN_POINT('',(2.234050035477,4.292805679142E-03,0.8125));
#10689 = VECTOR('',#10690,1.);
#10690 = DIRECTION('',(-0.827609571444,0.561304193156,0.));
#10691 = PCURVE('',#9099,#10692);
#10692 = DEFINITIONAL_REPRESENTATION('',(#10693),#10697);
#10693 = LINE('',#10694,#10695);
#10694 = CARTESIAN_POINT('',(8.423434714882E-02,-1.306750371634E-02));
#10695 = VECTOR('',#10696,1.);
#10696 = DIRECTION('',(-0.827609571444,0.561304193156));
#10697 = ( GEOMETRIC_REPRESENTATION_CONTEXT(2) 
PARAMETRIC_REPRESENTATION_CONTEXT() REPRESENTATION_CONTEXT('2D SPACE',''
  ) );
#10698 = PCURVE('',#10699,#10704);
#10699 = PLANE('',#10700);
#10700 = AXIS2_PLACEMENT_3D('',#10701,#10702,#10703);
#10701 = CARTESIAN_POINT('',(2.207538442883,2.227358865178E-02,
    0.728562089817));
#10702 = DIRECTION('',(0.561304193156,0.827609571444,0.));
#10703 = DIRECTION('',(0.827609571444,-0.561304193156,0.));
#10704 = DEFINITIONAL_REPRESENTATION('',(#10705),#10709);
#10705 = LINE('',#10706,#10707);
#10706 = CARTESIAN_POINT('',(3.203393666375E-02,-8.393791018289E-02));
#10707 = VECTOR('',#10708,1.);
#10708 = DIRECTION('',(-1.,0.));
#10709 = ( GEOMETRIC_REPRESENTATION_CONTEXT(2) 
PARAMETRIC_REPRESENTATION_CONTEXT() REPRESENTATION_CONTEXT('2D SPACE',''
  ) );
#10710 = ORIENTED_EDGE('',*,*,#10711,.T.);
#10711 = EDGE_CURVE('',#10684,#10712,#10714,.T.);
#10712 = VERTEX_POINT('',#10713);
#10713 = CARTESIAN_POINT('',(2.079395532608,0.103481076658,0.8125));
#10714 = SURFACE_CURVE('',#10715,(#10719,#10726),.PCURVE_S1.);
#10715 = LINE('',#10716,#10717);
#10716 = CARTESIAN_POINT('',(2.197268009186,2.92392373085E-02,0.8125));
#10717 = VECTOR('',#10718,1.);
#10718 = DIRECTION('',(-0.846149208229,0.532946073644,0.));
#10719 = PCURVE('',#9099,#10720);
#10720 = DEFINITIONAL_REPRESENTATION('',(#10721),#10725);
#10721 = LINE('',#10722,#10723);
#10722 = CARTESIAN_POINT('',(4.745232085792E-02,1.187892791302E-02));
#10723 = VECTOR('',#10724,1.);
#10724 = DIRECTION('',(-0.846149208229,0.532946073644));
#10725 = ( GEOMETRIC_REPRESENTATION_CONTEXT(2) 
PARAMETRIC_REPRESENTATION_CONTEXT() REPRESENTATION_CONTEXT('2D SPACE',''
  ) );
#10726 = PCURVE('',#10727,#10732);
#10727 = PLANE('',#10728);
#10728 = AXIS2_PLACEMENT_3D('',#10729,#10730,#10731);
#10729 = CARTESIAN_POINT('',(2.118612379661,7.878039212813E-02,
    0.742054862835));
#10730 = DIRECTION('',(0.532946073644,0.846149208229,0.));
#10731 = DIRECTION('',(0.846149208229,-0.532946073644,0.));
#10732 = DEFINITIONAL_REPRESENTATION('',(#10733),#10737);
#10733 = LINE('',#10734,#10735);
#10734 = CARTESIAN_POINT('',(9.295716259029E-02,-7.044513716452E-02));
#10735 = VECTOR('',#10736,1.);
#10736 = DIRECTION('',(-1.,0.));
#10737 = ( GEOMETRIC_REPRESENTATION_CONTEXT(2) 
PARAMETRIC_REPRESENTATION_CONTEXT() REPRESENTATION_CONTEXT('2D SPACE',''
  ) );
#10738 = ORIENTED_EDGE('',*,*,#10739,.T.);
#10739 = EDGE_CURVE('',#10712,#10740,#10742,.T.);
#10740 = VERTEX_POINT('',#10741);
#10741 = CARTESIAN_POINT('',(2.05854177475,0.120325528085,0.8125));
#10742 = SURFACE_CURVE('',#10743,(#10747,#10754),.PCURVE_S1.);
#10743 = LINE('',#10744,#10745);
#10744 = CARTESIAN_POINT('',(2.079395532608,0.103481076658,0.8125));
#10745 = VECTOR('',#10746,1.);
#10746 = DIRECTION('',(-0.777922368908,0.628360396551,0.));
#10747 = PCURVE('',#9099,#10748);
#10748 = DEFINITIONAL_REPRESENTATION('',(#10749),#10753);
#10749 = LINE('',#10750,#10751);
#10750 = CARTESIAN_POINT('',(-7.042015571983E-02,8.612076726229E-02));
#10751 = VECTOR('',#10752,1.);
#10752 = DIRECTION('',(-0.777922368908,0.628360396551));
#10753 = ( GEOMETRIC_REPRESENTATION_CONTEXT(2) 
PARAMETRIC_REPRESENTATION_CONTEXT() REPRESENTATION_CONTEXT('2D SPACE',''
  ) );
#10754 = PCURVE('',#10755,#10760);
#10755 = PLANE('',#10756);
#10756 = AXIS2_PLACEMENT_3D('',#10757,#10758,#10759);
#10757 = CARTESIAN_POINT('',(2.064126013292,0.115814905322,
    0.724975094663));
#10758 = DIRECTION('',(0.628360396551,0.777922368908,0.));
#10759 = DIRECTION('',(0.777922368908,-0.628360396551,0.));
#10760 = DEFINITIONAL_REPRESENTATION('',(#10761),#10765);
#10761 = LINE('',#10762,#10763);
#10762 = CARTESIAN_POINT('',(1.962859010897E-02,-8.752490533722E-02));
#10763 = VECTOR('',#10764,1.);
#10764 = DIRECTION('',(-1.,0.));
#10765 = ( GEOMETRIC_REPRESENTATION_CONTEXT(2) 
PARAMETRIC_REPRESENTATION_CONTEXT() REPRESENTATION_CONTEXT('2D SPACE',''
  ) );
#10766 = ORIENTED_EDGE('',*,*,#10767,.T.);
#10767 = EDGE_CURVE('',#10740,#10768,#10770,.T.);
#10768 = VERTEX_POINT('',#10769);
#10769 = CARTESIAN_POINT('',(2.052516937256,0.127029553056,0.8125));
#10770 = SURFACE_CURVE('',#10771,(#10775,#10782),.PCURVE_S1.);
#10771 = LINE('',#10772,#10773);
#10772 = CARTESIAN_POINT('',(2.05854177475,0.120325528085,0.8125));
#10773 = VECTOR('',#10774,1.);
#10774 = DIRECTION('',(-0.66842607527,0.743778583921,0.));
#10775 = PCURVE('',#9099,#10776);
#10776 = DEFINITIONAL_REPRESENTATION('',(#10777),#10781);
#10777 = LINE('',#10778,#10779);
#10778 = CARTESIAN_POINT('',(-9.127391357811E-02,0.10296521869));
#10779 = VECTOR('',#10780,1.);
#10780 = DIRECTION('',(-0.66842607527,0.743778583921));
#10781 = ( GEOMETRIC_REPRESENTATION_CONTEXT(2) 
PARAMETRIC_REPRESENTATION_CONTEXT() REPRESENTATION_CONTEXT('2D SPACE',''
  ) );
#10782 = PCURVE('',#10783,#10788);
#10783 = PLANE('',#10784);
#10784 = AXIS2_PLACEMENT_3D('',#10785,#10786,#10787);
#10785 = CARTESIAN_POINT('',(2.056999383145,0.122041795427,
    0.716550763321));
#10786 = DIRECTION('',(0.743778583921,0.66842607527,0.));
#10787 = DIRECTION('',(-0.66842607527,0.743778583921,0.));
#10788 = DEFINITIONAL_REPRESENTATION('',(#10789),#10793);
#10789 = LINE('',#10790,#10791);
#10790 = CARTESIAN_POINT('',(-2.307497660416E-03,9.594923667925E-02));
#10791 = VECTOR('',#10792,1.);
#10792 = DIRECTION('',(1.,0.));
#10793 = ( GEOMETRIC_REPRESENTATION_CONTEXT(2) 
PARAMETRIC_REPRESENTATION_CONTEXT() REPRESENTATION_CONTEXT('2D SPACE',''
  ) );
#10794 = ORIENTED_EDGE('',*,*,#10795,.T.);
#10795 = EDGE_CURVE('',#10768,#10796,#10798,.T.);
#10796 = VERTEX_POINT('',#10797);
#10797 = CARTESIAN_POINT('',(2.049960851669,0.130974188447,0.8125));
#10798 = SURFACE_CURVE('',#10799,(#10803,#10810),.PCURVE_S1.);
#10799 = LINE('',#10800,#10801);
#10800 = CARTESIAN_POINT('',(2.052516937256,0.127029553056,0.8125));
#10801 = VECTOR('',#10802,1.);
#10802 = DIRECTION('',(-0.54380218705,0.839213430159,0.));
#10803 = PCURVE('',#9099,#10804);
#10804 = DEFINITIONAL_REPRESENTATION('',(#10805),#10809);
#10805 = LINE('',#10806,#10807);
#10806 = CARTESIAN_POINT('',(-9.729875107201E-02,0.10966924366));
#10807 = VECTOR('',#10808,1.);
#10808 = DIRECTION('',(-0.54380218705,0.839213430159));
#10809 = ( GEOMETRIC_REPRESENTATION_CONTEXT(2) 
PARAMETRIC_REPRESENTATION_CONTEXT() REPRESENTATION_CONTEXT('2D SPACE',''
  ) );
#10810 = PCURVE('',#10811,#10816);
#10811 = PLANE('',#10812);
#10812 = AXIS2_PLACEMENT_3D('',#10813,#10814,#10815);
#10813 = CARTESIAN_POINT('',(2.050607881551,0.129975670642,
    0.719910372148));
#10814 = DIRECTION('',(0.839213430159,0.54380218705,0.));
#10815 = DIRECTION('',(-0.54380218705,0.839213430159,0.));
#10816 = DEFINITIONAL_REPRESENTATION('',(#10817),#10821);
#10817 = LINE('',#10818,#10819);
#10818 = CARTESIAN_POINT('',(-3.510570112696E-03,9.258962785213E-02));
#10819 = VECTOR('',#10820,1.);
#10820 = DIRECTION('',(1.,0.));
#10821 = ( GEOMETRIC_REPRESENTATION_CONTEXT(2) 
PARAMETRIC_REPRESENTATION_CONTEXT() REPRESENTATION_CONTEXT('2D SPACE',''
  ) );
#10822 = ORIENTED_EDGE('',*,*,#10823,.T.);
#10823 = EDGE_CURVE('',#10796,#10824,#10826,.T.);
#10824 = VERTEX_POINT('',#10825);
#10825 = CARTESIAN_POINT('',(2.048796653748,0.133618101478,0.8125));
#10826 = SURFACE_CURVE('',#10827,(#10831,#10838),.PCURVE_S1.);
#10827 = LINE('',#10828,#10829);
#10828 = CARTESIAN_POINT('',(2.049960851669,0.130974188447,0.8125));
#10829 = VECTOR('',#10830,1.);
#10830 = DIRECTION('',(-0.402992701277,0.915203192038,0.));
#10831 = PCURVE('',#9099,#10832);
#10832 = DEFINITIONAL_REPRESENTATION('',(#10833),#10837);
#10833 = LINE('',#10834,#10835);
#10834 = CARTESIAN_POINT('',(-9.985483665856E-02,0.113613879052));
#10835 = VECTOR('',#10836,1.);
#10836 = DIRECTION('',(-0.402992701277,0.915203192038));
#10837 = ( GEOMETRIC_REPRESENTATION_CONTEXT(2) 
PARAMETRIC_REPRESENTATION_CONTEXT() REPRESENTATION_CONTEXT('2D SPACE',''
  ) );
#10838 = PCURVE('',#10839,#10844);
#10839 = PLANE('',#10840);
#10840 = AXIS2_PLACEMENT_3D('',#10841,#10842,#10843);
#10841 = CARTESIAN_POINT('',(2.049089945248,0.132952031556,
    0.719466656802));
#10842 = DIRECTION('',(0.915203192038,0.402992701277,0.));
#10843 = DIRECTION('',(-0.402992701277,0.915203192038,0.));
#10844 = DEFINITIONAL_REPRESENTATION('',(#10845),#10849);
#10845 = LINE('',#10846,#10847);
#10846 = CARTESIAN_POINT('',(-2.161097257681E-03,9.303334319752E-02));
#10847 = VECTOR('',#10848,1.);
#10848 = DIRECTION('',(1.,0.));
#10849 = ( GEOMETRIC_REPRESENTATION_CONTEXT(2) 
PARAMETRIC_REPRESENTATION_CONTEXT() REPRESENTATION_CONTEXT('2D SPACE',''
  ) );
#10850 = ORIENTED_EDGE('',*,*,#10851,.T.);
#10851 = EDGE_CURVE('',#10824,#10852,#10854,.T.);
#10852 = VERTEX_POINT('',#10853);
#10853 = CARTESIAN_POINT('',(2.048321485519,0.135385647416,0.8125));
#10854 = SURFACE_CURVE('',#10855,(#10859,#10866),.PCURVE_S1.);
#10855 = LINE('',#10856,#10857);
#10856 = CARTESIAN_POINT('',(2.048796653748,0.133618101478,0.8125));
#10857 = VECTOR('',#10858,1.);
#10858 = DIRECTION('',(-0.259612000873,0.965713005506,0.));
#10859 = PCURVE('',#9099,#10860);
#10860 = DEFINITIONAL_REPRESENTATION('',(#10861),#10865);
#10861 = LINE('',#10862,#10863);
#10862 = CARTESIAN_POINT('',(-0.10101903458,0.116257792082));
#10863 = VECTOR('',#10864,1.);
#10864 = DIRECTION('',(-0.259612000873,0.965713005506));
#10865 = ( GEOMETRIC_REPRESENTATION_CONTEXT(2) 
PARAMETRIC_REPRESENTATION_CONTEXT() REPRESENTATION_CONTEXT('2D SPACE',''
  ) );
#10866 = PCURVE('',#10867,#10872);
#10867 = PLANE('',#10868);
#10868 = AXIS2_PLACEMENT_3D('',#10869,#10870,#10871);
#10869 = CARTESIAN_POINT('',(2.048440857363,0.134941604222,
    0.719205342086));
#10870 = DIRECTION('',(0.965713005506,0.259612000873,0.));
#10871 = DIRECTION('',(-0.259612000873,0.965713005506,0.));
#10872 = DEFINITIONAL_REPRESENTATION('',(#10873),#10877);
#10873 = LINE('',#10874,#10875);
#10874 = CARTESIAN_POINT('',(-1.370492823859E-03,9.329465791369E-02));
#10875 = VECTOR('',#10876,1.);
#10876 = DIRECTION('',(1.,0.));
#10877 = ( GEOMETRIC_REPRESENTATION_CONTEXT(2) 
PARAMETRIC_REPRESENTATION_CONTEXT() REPRESENTATION_CONTEXT('2D SPACE',''
  ) );
#10878 = ORIENTED_EDGE('',*,*,#10879,.T.);
#10879 = EDGE_CURVE('',#10852,#10880,#10882,.T.);
#10880 = VERTEX_POINT('',#10881);
#10881 = CARTESIAN_POINT('',(2.048141956329,0.136904910207,0.8125));
#10882 = SURFACE_CURVE('',#10883,(#10887,#10894),.PCURVE_S1.);
#10883 = LINE('',#10884,#10885);
#10884 = CARTESIAN_POINT('',(2.048321485519,0.135385647416,0.8125));
#10885 = VECTOR('',#10886,1.);
#10886 = DIRECTION('',(-0.117352120121,0.993090368447,0.));
#10887 = PCURVE('',#9099,#10888);
#10888 = DEFINITIONAL_REPRESENTATION('',(#10889),#10893);
#10889 = LINE('',#10890,#10891);
#10890 = CARTESIAN_POINT('',(-0.101494202808,0.118025338021));
#10891 = VECTOR('',#10892,1.);
#10892 = DIRECTION('',(-0.117352120121,0.993090368447));
#10893 = ( GEOMETRIC_REPRESENTATION_CONTEXT(2) 
PARAMETRIC_REPRESENTATION_CONTEXT() REPRESENTATION_CONTEXT('2D SPACE',''
  ) );
#10894 = PCURVE('',#10895,#10900);
#10895 = PLANE('',#10896);
#10896 = AXIS2_PLACEMENT_3D('',#10897,#10898,#10899);
#10897 = CARTESIAN_POINT('',(2.048187021724,0.136523545056,0.71913089811
    ));
#10898 = DIRECTION('',(0.993090368447,0.117352120121,0.));
#10899 = DIRECTION('',(-0.117352120121,0.993090368447,0.));
#10900 = DEFINITIONAL_REPRESENTATION('',(#10901),#10905);
#10901 = LINE('',#10902,#10903);
#10902 = CARTESIAN_POINT('',(-1.145814797593E-03,9.336910189023E-02));
#10903 = VECTOR('',#10904,1.);
#10904 = DIRECTION('',(1.,0.));
#10905 = ( GEOMETRIC_REPRESENTATION_CONTEXT(2) 
PARAMETRIC_REPRESENTATION_CONTEXT() REPRESENTATION_CONTEXT('2D SPACE',''
  ) );
#10906 = ORIENTED_EDGE('',*,*,#10907,.T.);
#10907 = EDGE_CURVE('',#10880,#10908,#10910,.T.);
#10908 = VERTEX_POINT('',#10909);
#10909 = CARTESIAN_POINT('',(2.048190355301,0.13827931881,0.8125));
#10910 = SURFACE_CURVE('',#10911,(#10915,#10922),.PCURVE_S1.);
#10911 = LINE('',#10912,#10913);
#10912 = CARTESIAN_POINT('',(2.048141956329,0.136904910207,0.8125));
#10913 = VECTOR('',#10914,1.);
#10914 = DIRECTION('',(3.519258441602E-02,0.999380549141,0.));
#10915 = PCURVE('',#9099,#10916);
#10916 = DEFINITIONAL_REPRESENTATION('',(#10917),#10921);
#10917 = LINE('',#10918,#10919);
#10918 = CARTESIAN_POINT('',(-0.101673731999,0.119544600811));
#10919 = VECTOR('',#10920,1.);
#10920 = DIRECTION('',(3.519258441602E-02,0.999380549141));
#10921 = ( GEOMETRIC_REPRESENTATION_CONTEXT(2) 
PARAMETRIC_REPRESENTATION_CONTEXT() REPRESENTATION_CONTEXT('2D SPACE',''
  ) );
#10922 = PCURVE('',#10923,#10928);
#10923 = PLANE('',#10924);
#10924 = AXIS2_PLACEMENT_3D('',#10925,#10926,#10927);
#10925 = CARTESIAN_POINT('',(2.048178211184,0.137934456563,0.71909255425
    ));
#10926 = DIRECTION('',(0.999380549141,-3.519258441602E-02,0.));
#10927 = DIRECTION('',(3.519258441602E-02,0.999380549141,0.));
#10928 = DEFINITIONAL_REPRESENTATION('',(#10929),#10933);
#10929 = LINE('',#10930,#10931);
#10930 = CARTESIAN_POINT('',(-1.030184504409E-03,9.34074457501E-02));
#10931 = VECTOR('',#10932,1.);
#10932 = DIRECTION('',(1.,0.));
#10933 = ( GEOMETRIC_REPRESENTATION_CONTEXT(2) 
PARAMETRIC_REPRESENTATION_CONTEXT() REPRESENTATION_CONTEXT('2D SPACE',''
  ) );
#10934 = ORIENTED_EDGE('',*,*,#10935,.T.);
#10935 = EDGE_CURVE('',#10908,#10936,#10938,.T.);
#10936 = VERTEX_POINT('',#10937);
#10937 = CARTESIAN_POINT('',(2.048448324203,0.139581024647,0.8125));
#10938 = SURFACE_CURVE('',#10939,(#10943,#10950),.PCURVE_S1.);
#10939 = LINE('',#10940,#10941);
#10940 = CARTESIAN_POINT('',(2.048190355301,0.13827931881,0.8125));
#10941 = VECTOR('',#10942,1.);
#10942 = DIRECTION('',(0.194396928803,0.98092295012,0.));
#10943 = PCURVE('',#9099,#10944);
#10944 = DEFINITIONAL_REPRESENTATION('',(#10945),#10949);
#10945 = LINE('',#10946,#10947);
#10946 = CARTESIAN_POINT('',(-0.101625333027,0.120919009414));
#10947 = VECTOR('',#10948,1.);
#10948 = DIRECTION('',(0.194396928803,0.98092295012));
#10949 = ( GEOMETRIC_REPRESENTATION_CONTEXT(2) 
PARAMETRIC_REPRESENTATION_CONTEXT() REPRESENTATION_CONTEXT('2D SPACE',''
  ) );
#10950 = PCURVE('',#10951,#10956);
#10951 = PLANE('',#10952);
#10952 = AXIS2_PLACEMENT_3D('',#10953,#10954,#10955);
#10953 = CARTESIAN_POINT('',(2.048383603761,0.139254446607,
    0.719080581397));
#10954 = DIRECTION('',(0.98092295012,-0.194396928803,0.));
#10955 = DIRECTION('',(0.194396928803,0.98092295012,0.));
#10956 = DEFINITIONAL_REPRESENTATION('',(#10957),#10961);
#10957 = LINE('',#10958,#10959);
#10958 = CARTESIAN_POINT('',(-9.940921433465E-04,9.341941860288E-02));
#10959 = VECTOR('',#10960,1.);
#10960 = DIRECTION('',(1.,0.));
#10961 = ( GEOMETRIC_REPRESENTATION_CONTEXT(2) 
PARAMETRIC_REPRESENTATION_CONTEXT() REPRESENTATION_CONTEXT('2D SPACE',''
  ) );
#10962 = ORIENTED_EDGE('',*,*,#10963,.T.);
#10963 = EDGE_CURVE('',#10936,#10964,#10966,.T.);
#10964 = VERTEX_POINT('',#10965);
#10965 = CARTESIAN_POINT('',(2.048712253571,0.140355363488,0.8125));
#10966 = SURFACE_CURVE('',#10967,(#10971,#10978),.PCURVE_S1.);
#10967 = LINE('',#10968,#10969);
#10968 = CARTESIAN_POINT('',(2.048448324203,0.139581024647,0.8125));
#10969 = VECTOR('',#10970,1.);
#10970 = DIRECTION('',(0.322619409477,0.946528772214,0.));
#10971 = PCURVE('',#9099,#10972);
#10972 = DEFINITIONAL_REPRESENTATION('',(#10973),#10977);
#10973 = LINE('',#10974,#10975);
#10974 = CARTESIAN_POINT('',(-0.101367364124,0.122220715251));
#10975 = VECTOR('',#10976,1.);
#10976 = DIRECTION('',(0.322619409477,0.946528772214));
#10977 = ( GEOMETRIC_REPRESENTATION_CONTEXT(2) 
PARAMETRIC_REPRESENTATION_CONTEXT() REPRESENTATION_CONTEXT('2D SPACE',''
  ) );
#10978 = PCURVE('',#10979,#10984);
#10979 = PLANE('',#10980);
#10980 = AXIS2_PLACEMENT_3D('',#10981,#10982,#10983);
#10981 = CARTESIAN_POINT('',(2.048646127285,0.140161356464,
    0.718954074512));
#10982 = DIRECTION('',(0.946528772214,-0.322619409477,0.));
#10983 = DIRECTION('',(0.322619409477,0.946528772214,0.));
#10984 = DEFINITIONAL_REPRESENTATION('',(#10985),#10989);
#10985 = LINE('',#10986,#10987);
#10986 = CARTESIAN_POINT('',(-6.131158762797E-04,9.354592548843E-02));
#10987 = VECTOR('',#10988,1.);
#10988 = DIRECTION('',(1.,0.));
#10989 = ( GEOMETRIC_REPRESENTATION_CONTEXT(2) 
PARAMETRIC_REPRESENTATION_CONTEXT() REPRESENTATION_CONTEXT('2D SPACE',''
  ) );
#10990 = ORIENTED_EDGE('',*,*,#10991,.T.);
#10991 = EDGE_CURVE('',#10964,#10992,#10994,.T.);
#10992 = VERTEX_POINT('',#10993);
#10993 = CARTESIAN_POINT('',(2.049297094345,0.141539722681,0.8125));
#10994 = SURFACE_CURVE('',#10995,(#10999,#11006),.PCURVE_S1.);
#10995 = LINE('',#10996,#10997);
#10996 = CARTESIAN_POINT('',(2.048712253571,0.140355363488,0.8125));
#10997 = VECTOR('',#10998,1.);
#10998 = DIRECTION('',(0.442763293168,0.896638537105,0.));
#10999 = PCURVE('',#9099,#11000);
#11000 = DEFINITIONAL_REPRESENTATION('',(#11001),#11005);
#11001 = LINE('',#11002,#11003);
#11002 = CARTESIAN_POINT('',(-0.101103434757,0.122995054093));
#11003 = VECTOR('',#11004,1.);
#11004 = DIRECTION('',(0.442763293168,0.896638537105));
#11005 = ( GEOMETRIC_REPRESENTATION_CONTEXT(2) 
PARAMETRIC_REPRESENTATION_CONTEXT() REPRESENTATION_CONTEXT('2D SPACE',''
  ) );
#11006 = PCURVE('',#11007,#11012);
#11007 = PLANE('',#11008);
#11008 = AXIS2_PLACEMENT_3D('',#11009,#11010,#11011);
#11009 = CARTESIAN_POINT('',(2.049150369152,0.141242589958,
    0.719079058881));
#11010 = DIRECTION('',(0.896638537105,-0.442763293168,0.));
#11011 = DIRECTION('',(0.442763293168,0.896638537105,0.));
#11012 = DEFINITIONAL_REPRESENTATION('',(#11013),#11017);
#11013 = LINE('',#11014,#11015);
#11014 = CARTESIAN_POINT('',(-9.895029418584E-04,9.342094111884E-02));
#11015 = VECTOR('',#11016,1.);
#11016 = DIRECTION('',(1.,0.));
#11017 = ( GEOMETRIC_REPRESENTATION_CONTEXT(2) 
PARAMETRIC_REPRESENTATION_CONTEXT() REPRESENTATION_CONTEXT('2D SPACE',''
  ) );
#11018 = ORIENTED_EDGE('',*,*,#11019,.T.);
#11019 = EDGE_CURVE('',#10992,#11020,#11022,.T.);
#11020 = VERTEX_POINT('',#11021);
#11021 = CARTESIAN_POINT('',(2.050155639648,0.142752975225,0.8125));
#11022 = SURFACE_CURVE('',#11023,(#11027,#11034),.PCURVE_S1.);
#11023 = LINE('',#11024,#11025);
#11024 = CARTESIAN_POINT('',(2.049297094345,0.141539722681,0.8125));
#11025 = VECTOR('',#11026,1.);
#11026 = DIRECTION('',(0.577640081326,0.816291575631,0.));
#11027 = PCURVE('',#9099,#11028);
#11028 = DEFINITIONAL_REPRESENTATION('',(#11029),#11033);
#11029 = LINE('',#11030,#11031);
#11030 = CARTESIAN_POINT('',(-0.100518593983,0.124179413286));
#11031 = VECTOR('',#11032,1.);
#11032 = DIRECTION('',(0.577640081326,0.816291575631));
#11033 = ( GEOMETRIC_REPRESENTATION_CONTEXT(2) 
PARAMETRIC_REPRESENTATION_CONTEXT() REPRESENTATION_CONTEXT('2D SPACE',''
  ) );
#11034 = PCURVE('',#11035,#11040);
#11035 = PLANE('',#11036);
#11036 = AXIS2_PLACEMENT_3D('',#11037,#11038,#11039);
#11037 = CARTESIAN_POINT('',(2.049940152633,0.142448459938,
    0.719120101804));
#11038 = DIRECTION('',(0.816291575631,-0.577640081326,0.));
#11039 = DIRECTION('',(0.577640081326,0.816291575631,0.));
#11040 = DEFINITIONAL_REPRESENTATION('',(#11041),#11045);
#11041 = LINE('',#11042,#11043);
#11042 = CARTESIAN_POINT('',(-1.113250809417E-03,9.337989819556E-02));
#11043 = VECTOR('',#11044,1.);
#11044 = DIRECTION('',(1.,0.));
#11045 = ( GEOMETRIC_REPRESENTATION_CONTEXT(2) 
PARAMETRIC_REPRESENTATION_CONTEXT() REPRESENTATION_CONTEXT('2D SPACE',''
  ) );
#11046 = ORIENTED_EDGE('',*,*,#11047,.T.);
#11047 = EDGE_CURVE('',#11020,#11048,#11050,.T.);
#11048 = VERTEX_POINT('',#11049);
#11049 = CARTESIAN_POINT('',(2.051447153091,0.144084125757,0.8125));
#11050 = SURFACE_CURVE('',#11051,(#11055,#11062),.PCURVE_S1.);
#11051 = LINE('',#11052,#11053);
#11052 = CARTESIAN_POINT('',(2.050155639648,0.142752975225,0.8125));
#11053 = VECTOR('',#11054,1.);
#11054 = DIRECTION('',(0.696340547709,0.717711530921,0.));
#11055 = PCURVE('',#9099,#11056);
#11056 = DEFINITIONAL_REPRESENTATION('',(#11057),#11061);
#11057 = LINE('',#11058,#11059);
#11058 = CARTESIAN_POINT('',(-9.966004867943E-02,0.12539266583));
#11059 = VECTOR('',#11060,1.);
#11060 = DIRECTION('',(0.696340547709,0.717711530921));
#11061 = ( GEOMETRIC_REPRESENTATION_CONTEXT(2) 
PARAMETRIC_REPRESENTATION_CONTEXT() REPRESENTATION_CONTEXT('2D SPACE',''
  ) );
#11062 = PCURVE('',#11063,#11068);
#11063 = PLANE('',#11064);
#11064 = AXIS2_PLACEMENT_3D('',#11065,#11066,#11067);
#11065 = CARTESIAN_POINT('',(2.051122677843,0.143749692228,0.71921138556
    ));
#11066 = DIRECTION('',(0.717711530921,-0.696340547709,0.));
#11067 = DIRECTION('',(0.696340547709,0.717711530921,0.));
#11068 = DEFINITIONAL_REPRESENTATION('',(#11069),#11073);
#11069 = LINE('',#11070,#11071);
#11070 = CARTESIAN_POINT('',(-1.388743191853E-03,9.32886144403E-02));
#11071 = VECTOR('',#11072,1.);
#11072 = DIRECTION('',(1.,0.));
#11073 = ( GEOMETRIC_REPRESENTATION_CONTEXT(2) 
PARAMETRIC_REPRESENTATION_CONTEXT() REPRESENTATION_CONTEXT('2D SPACE',''
  ) );
#11074 = ORIENTED_EDGE('',*,*,#11075,.T.);
#11075 = EDGE_CURVE('',#11048,#11076,#11078,.T.);
#11076 = VERTEX_POINT('',#11077);
#11077 = CARTESIAN_POINT('',(2.05345416069,0.145620554686,0.8125));
#11078 = SURFACE_CURVE('',#11079,(#11083,#11090),.PCURVE_S1.);
#11079 = LINE('',#11080,#11081);
#11080 = CARTESIAN_POINT('',(2.051447153091,0.144084125757,0.8125));
#11081 = VECTOR('',#11082,1.);
#11082 = DIRECTION('',(0.79404112349,0.607864042534,0.));
#11083 = PCURVE('',#9099,#11084);
#11084 = DEFINITIONAL_REPRESENTATION('',(#11085),#11089);
#11085 = LINE('',#11086,#11087);
#11086 = CARTESIAN_POINT('',(-9.836853523644E-02,0.126723816362));
#11087 = VECTOR('',#11088,1.);
#11088 = DIRECTION('',(0.79404112349,0.607864042534));
#11089 = ( GEOMETRIC_REPRESENTATION_CONTEXT(2) 
PARAMETRIC_REPRESENTATION_CONTEXT() REPRESENTATION_CONTEXT('2D SPACE',''
  ) );
#11090 = PCURVE('',#11091,#11096);
#11091 = PLANE('',#11092);
#11092 = AXIS2_PLACEMENT_3D('',#11093,#11094,#11095);
#11093 = CARTESIAN_POINT('',(2.052949027021,0.1452338586,0.719377637682)
  );
#11094 = DIRECTION('',(0.607864042534,-0.79404112349,-0.));
#11095 = DIRECTION('',(-0.79404112349,-0.607864042534,0.));
#11096 = DEFINITIONAL_REPRESENTATION('',(#11097),#11101);
#11097 = LINE('',#11098,#11099);
#11098 = CARTESIAN_POINT('',(1.891430915676E-03,-9.312236231839E-02));
#11099 = VECTOR('',#11100,1.);
#11100 = DIRECTION('',(-1.,0.));
#11101 = ( GEOMETRIC_REPRESENTATION_CONTEXT(2) 
PARAMETRIC_REPRESENTATION_CONTEXT() REPRESENTATION_CONTEXT('2D SPACE',''
  ) );
#11102 = ORIENTED_EDGE('',*,*,#11103,.T.);
#11103 = EDGE_CURVE('',#11076,#11104,#11106,.T.);
#11104 = VERTEX_POINT('',#11105);
#11105 = CARTESIAN_POINT('',(2.057433366776,0.147814750671,0.8125));
#11106 = SURFACE_CURVE('',#11107,(#11111,#11118),.PCURVE_S1.);
#11107 = LINE('',#11108,#11109);
#11108 = CARTESIAN_POINT('',(2.05345416069,0.145620554686,0.8125));
#11109 = VECTOR('',#11110,1.);
#11110 = DIRECTION('',(0.875691970061,0.48287014152,0.));
#11111 = PCURVE('',#9099,#11112);
#11112 = DEFINITIONAL_REPRESENTATION('',(#11113),#11117);
#11113 = LINE('',#11114,#11115);
#11114 = CARTESIAN_POINT('',(-9.636152763756E-02,0.12826024529));
#11115 = VECTOR('',#11116,1.);
#11116 = DIRECTION('',(0.875691970061,0.48287014152));
#11117 = ( GEOMETRIC_REPRESENTATION_CONTEXT(2) 
PARAMETRIC_REPRESENTATION_CONTEXT() REPRESENTATION_CONTEXT('2D SPACE',''
  ) );
#11118 = PCURVE('',#11119,#11124);
#11119 = PLANE('',#11120);
#11120 = AXIS2_PLACEMENT_3D('',#11121,#11122,#11123);
#11121 = CARTESIAN_POINT('',(2.056426512495,0.147259555596,
    0.719872253938));
#11122 = DIRECTION('',(0.48287014152,-0.875691970061,-0.));
#11123 = DIRECTION('',(-0.875691970061,-0.48287014152,0.));
#11124 = DEFINITIONAL_REPRESENTATION('',(#11125),#11129);
#11125 = LINE('',#11126,#11127);
#11126 = CARTESIAN_POINT('',(3.394289209285E-03,-9.262774606182E-02));
#11127 = VECTOR('',#11128,1.);
#11128 = DIRECTION('',(-1.,0.));
#11129 = ( GEOMETRIC_REPRESENTATION_CONTEXT(2) 
PARAMETRIC_REPRESENTATION_CONTEXT() REPRESENTATION_CONTEXT('2D SPACE',''
  ) );
#11130 = ORIENTED_EDGE('',*,*,#11131,.T.);
#11131 = EDGE_CURVE('',#11104,#11132,#11134,.T.);
#11132 = VERTEX_POINT('',#11133);
#11133 = CARTESIAN_POINT('',(2.065090894699,0.150716111064,0.8125));
#11134 = SURFACE_CURVE('',#11135,(#11139,#11146),.PCURVE_S1.);
#11135 = LINE('',#11136,#11137);
#11136 = CARTESIAN_POINT('',(2.057433366776,0.147814750671,0.8125));
#11137 = VECTOR('',#11138,1.);
#11138 = DIRECTION('',(0.935127822207,0.354310536301,0.));
#11139 = PCURVE('',#9099,#11140);
#11140 = DEFINITIONAL_REPRESENTATION('',(#11141),#11145);
#11141 = LINE('',#11142,#11143);
#11142 = CARTESIAN_POINT('',(-9.238232155235E-02,0.130454441276));
#11143 = VECTOR('',#11144,1.);
#11144 = DIRECTION('',(0.935127822207,0.354310536301));
#11145 = ( GEOMETRIC_REPRESENTATION_CONTEXT(2) 
PARAMETRIC_REPRESENTATION_CONTEXT() REPRESENTATION_CONTEXT('2D SPACE',''
  ) );
#11146 = PCURVE('',#11147,#11152);
#11147 = PLANE('',#11148);
#11148 = AXIS2_PLACEMENT_3D('',#11149,#11150,#11151);
#11149 = CARTESIAN_POINT('',(2.063134728912,0.149974939501,
    0.720752505037));
#11150 = DIRECTION('',(0.354310536301,-0.935127822207,-0.));
#11151 = DIRECTION('',(-0.935127822207,-0.354310536301,0.));
#11152 = DEFINITIONAL_REPRESENTATION('',(#11153),#11157);
#11153 = LINE('',#11154,#11155);
#11154 = CARTESIAN_POINT('',(6.096880021071E-03,-9.174749496261E-02));
#11155 = VECTOR('',#11156,1.);
#11156 = DIRECTION('',(-1.,0.));
#11157 = ( GEOMETRIC_REPRESENTATION_CONTEXT(2) 
PARAMETRIC_REPRESENTATION_CONTEXT() REPRESENTATION_CONTEXT('2D SPACE',''
  ) );
#11158 = ORIENTED_EDGE('',*,*,#11159,.T.);
#11159 = EDGE_CURVE('',#11132,#11160,#11162,.T.);
#11160 = VERTEX_POINT('',#11161);
#11161 = CARTESIAN_POINT('',(2.079147577286,0.154360741377,0.8125));
#11162 = SURFACE_CURVE('',#11163,(#11167,#11174),.PCURVE_S1.);
#11163 = LINE('',#11164,#11165);
#11164 = CARTESIAN_POINT('',(2.065090894699,0.150716111064,0.8125));
#11165 = VECTOR('',#11166,1.);
#11166 = DIRECTION('',(0.967991792298,0.250981852021,0.));
#11167 = PCURVE('',#9099,#11168);
#11168 = DEFINITIONAL_REPRESENTATION('',(#11169),#11173);
#11169 = LINE('',#11170,#11171);
#11170 = CARTESIAN_POINT('',(-8.472479362877E-02,0.133355801668));
#11171 = VECTOR('',#11172,1.);
#11172 = DIRECTION('',(0.967991792298,0.250981852021));
#11173 = ( GEOMETRIC_REPRESENTATION_CONTEXT(2) 
PARAMETRIC_REPRESENTATION_CONTEXT() REPRESENTATION_CONTEXT('2D SPACE',''
  ) );
#11174 = PCURVE('',#11175,#11180);
#11175 = PLANE('',#11176);
#11176 = AXIS2_PLACEMENT_3D('',#11177,#11178,#11179);
#11177 = CARTESIAN_POINT('',(2.075497527446,0.15341435291,0.722240000102
    ));
#11178 = DIRECTION('',(0.250981852021,-0.967991792298,-0.));
#11179 = DIRECTION('',(-0.967991792298,-0.250981852021,0.));
#11180 = DEFINITIONAL_REPRESENTATION('',(#11181),#11185);
#11181 = LINE('',#11182,#11183);
#11182 = CARTESIAN_POINT('',(1.075074482051E-02,-9.025999989785E-02));
#11183 = VECTOR('',#11184,1.);
#11184 = DIRECTION('',(-1.,0.));
#11185 = ( GEOMETRIC_REPRESENTATION_CONTEXT(2) 
PARAMETRIC_REPRESENTATION_CONTEXT() REPRESENTATION_CONTEXT('2D SPACE',''
  ) );
#11186 = ORIENTED_EDGE('',*,*,#11187,.T.);
#11187 = EDGE_CURVE('',#11160,#11188,#11190,.T.);
#11188 = VERTEX_POINT('',#11189);
#11189 = CARTESIAN_POINT('',(2.14447927475,0.167096793652,0.8125));
#11190 = SURFACE_CURVE('',#11191,(#11195,#11202),.PCURVE_S1.);
#11191 = LINE('',#11192,#11193);
#11192 = CARTESIAN_POINT('',(2.079147577286,0.154360741377,0.8125));
#11193 = VECTOR('',#11194,1.);
#11194 = DIRECTION('',(0.981523324089,0.191342531262,0.));
#11195 = PCURVE('',#9099,#11196);
#11196 = DEFINITIONAL_REPRESENTATION('',(#11197),#11201);
#11197 = LINE('',#11198,#11199);
#11198 = CARTESIAN_POINT('',(-7.06681110421E-02,0.137000431981));
#11199 = VECTOR('',#11200,1.);
#11200 = DIRECTION('',(0.981523324089,0.191342531262));
#11201 = ( GEOMETRIC_REPRESENTATION_CONTEXT(2) 
PARAMETRIC_REPRESENTATION_CONTEXT() REPRESENTATION_CONTEXT('2D SPACE',''
  ) );
#11202 = PCURVE('',#11203,#11208);
#11203 = PLANE('',#11204);
#11204 = AXIS2_PLACEMENT_3D('',#11205,#11206,#11207);
#11205 = CARTESIAN_POINT('',(2.125333295642,0.163364391154,
    0.732524374273));
#11206 = DIRECTION('',(0.191342531262,-0.981523324089,-0.));
#11207 = DIRECTION('',(-0.981523324089,-0.191342531262,0.));
#11208 = DEFINITIONAL_REPRESENTATION('',(#11209),#11213);
#11209 = LINE('',#11210,#11211);
#11210 = CARTESIAN_POINT('',(4.705514094519E-02,-7.997562572668E-02));
#11211 = VECTOR('',#11212,1.);
#11212 = DIRECTION('',(-1.,0.));
#11213 = ( GEOMETRIC_REPRESENTATION_CONTEXT(2) 
PARAMETRIC_REPRESENTATION_CONTEXT() REPRESENTATION_CONTEXT('2D SPACE',''
  ) );
#11214 = ORIENTED_EDGE('',*,*,#11215,.T.);
#11215 = EDGE_CURVE('',#11188,#11216,#11218,.T.);
#11216 = VERTEX_POINT('',#11217);
#11217 = CARTESIAN_POINT('',(2.177666187286,0.176107868552,0.8125));
#11218 = SURFACE_CURVE('',#11219,(#11223,#11230),.PCURVE_S1.);
#11219 = LINE('',#11220,#11221);
#11220 = CARTESIAN_POINT('',(2.14447927475,0.167096793652,0.8125));
#11221 = VECTOR('',#11222,1.);
#11222 = DIRECTION('',(0.965057756229,0.262037262888,0.));
#11223 = PCURVE('',#9099,#11224);
#11224 = DEFINITIONAL_REPRESENTATION('',(#11225),#11229);
#11225 = LINE('',#11226,#11227);
#11226 = CARTESIAN_POINT('',(-5.336413578111E-03,0.149736484256));
#11227 = VECTOR('',#11228,1.);
#11228 = DIRECTION('',(0.965057756229,0.262037262888));
#11229 = ( GEOMETRIC_REPRESENTATION_CONTEXT(2) 
PARAMETRIC_REPRESENTATION_CONTEXT() REPRESENTATION_CONTEXT('2D SPACE',''
  ) );
#11230 = PCURVE('',#11231,#11236);
#11231 = PLANE('',#11232);
#11232 = AXIS2_PLACEMENT_3D('',#11233,#11234,#11235);
#11233 = CARTESIAN_POINT('',(2.168614919251,0.173650223415,
    0.726565271349));
#11234 = DIRECTION('',(0.262037262888,-0.965057756229,-0.));
#11235 = DIRECTION('',(-0.965057756229,-0.262037262888,0.));
#11236 = DEFINITIONAL_REPRESENTATION('',(#11237),#11241);
#11237 = LINE('',#11238,#11239);
#11238 = CARTESIAN_POINT('',(2.500953372511E-02,-8.593472865059E-02));
#11239 = VECTOR('',#11240,1.);
#11240 = DIRECTION('',(-1.,0.));
#11241 = ( GEOMETRIC_REPRESENTATION_CONTEXT(2) 
PARAMETRIC_REPRESENTATION_CONTEXT() REPRESENTATION_CONTEXT('2D SPACE',''
  ) );
#11242 = ORIENTED_EDGE('',*,*,#11243,.T.);
#11243 = EDGE_CURVE('',#11216,#11244,#11246,.T.);
#11244 = VERTEX_POINT('',#11245);
#11245 = CARTESIAN_POINT('',(2.203911781311,0.186959028244,0.8125));
#11246 = SURFACE_CURVE('',#11247,(#11251,#11258),.PCURVE_S1.);
#11247 = LINE('',#11248,#11249);
#11248 = CARTESIAN_POINT('',(2.177666187286,0.176107868552,0.8125));
#11249 = VECTOR('',#11250,1.);
#11250 = DIRECTION('',(0.924129823068,0.382078617716,0.));
#11251 = PCURVE('',#9099,#11252);
#11252 = DEFINITIONAL_REPRESENTATION('',(#11253),#11257);
#11253 = LINE('',#11254,#11255);
#11254 = CARTESIAN_POINT('',(2.785049895851E-02,0.158747559157));
#11255 = VECTOR('',#11256,1.);
#11256 = DIRECTION('',(0.924129823068,0.382078617716));
#11257 = ( GEOMETRIC_REPRESENTATION_CONTEXT(2) 
PARAMETRIC_REPRESENTATION_CONTEXT() REPRESENTATION_CONTEXT('2D SPACE',''
  ) );
#11258 = PCURVE('',#11259,#11264);
#11259 = PLANE('',#11260);
#11260 = AXIS2_PLACEMENT_3D('',#11261,#11262,#11263);
#11261 = CARTESIAN_POINT('',(2.196856278361,0.184041952367,
    0.725315413117));
#11262 = DIRECTION('',(0.382078617716,-0.924129823068,-0.));
#11263 = DIRECTION('',(-0.924129823068,-0.382078617716,0.));
#11264 = DEFINITIONAL_REPRESENTATION('',(#11265),#11269);
#11265 = LINE('',#11266,#11267);
#11266 = CARTESIAN_POINT('',(2.076557924608E-02,-8.718458688292E-02));
#11267 = VECTOR('',#11268,1.);
#11268 = DIRECTION('',(-1.,0.));
#11269 = ( GEOMETRIC_REPRESENTATION_CONTEXT(2) 
PARAMETRIC_REPRESENTATION_CONTEXT() REPRESENTATION_CONTEXT('2D SPACE',''
  ) );
#11270 = ORIENTED_EDGE('',*,*,#11271,.T.);
#11271 = EDGE_CURVE('',#11244,#11272,#11274,.T.);
#11272 = VERTEX_POINT('',#11273);
#11273 = CARTESIAN_POINT('',(2.219833850861,0.196781530976,0.8125));
#11274 = SURFACE_CURVE('',#11275,(#11279,#11286),.PCURVE_S1.);
#11275 = LINE('',#11276,#11277);
#11276 = CARTESIAN_POINT('',(2.203911781311,0.186959028244,0.8125));
#11277 = VECTOR('',#11278,1.);
#11278 = DIRECTION('',(0.851077883149,0.52503946215,0.));
#11279 = PCURVE('',#9099,#11280);
#11280 = DEFINITIONAL_REPRESENTATION('',(#11281),#11285);
#11281 = LINE('',#11282,#11283);
#11282 = CARTESIAN_POINT('',(5.409609298317E-02,0.169598718849));
#11283 = VECTOR('',#11284,1.);
#11284 = DIRECTION('',(0.851077883149,0.52503946215));
#11285 = ( GEOMETRIC_REPRESENTATION_CONTEXT(2) 
PARAMETRIC_REPRESENTATION_CONTEXT() REPRESENTATION_CONTEXT('2D SPACE',''
  ) );
#11286 = PCURVE('',#11287,#11292);
#11287 = PLANE('',#11288);
#11288 = AXIS2_PLACEMENT_3D('',#11289,#11290,#11291);
#11289 = CARTESIAN_POINT('',(2.215655243912,0.194203701628,
    0.723194279308));
#11290 = DIRECTION('',(0.52503946215,-0.851077883149,-0.));
#11291 = DIRECTION('',(-0.851077883149,-0.52503946215,0.));
#11292 = DEFINITIONAL_REPRESENTATION('',(#11293),#11297);
#11293 = LINE('',#11294,#11295);
#11294 = CARTESIAN_POINT('',(1.37983407078E-02,-8.930572069176E-02));
#11295 = VECTOR('',#11296,1.);
#11296 = DIRECTION('',(-1.,0.));
#11297 = ( GEOMETRIC_REPRESENTATION_CONTEXT(2) 
PARAMETRIC_REPRESENTATION_CONTEXT() REPRESENTATION_CONTEXT('2D SPACE',''
  ) );
#11298 = ORIENTED_EDGE('',*,*,#11299,.T.);
#11299 = EDGE_CURVE('',#11272,#11300,#11302,.T.);
#11300 = VERTEX_POINT('',#11301);
#11301 = CARTESIAN_POINT('',(2.232615947723,0.207882404327,0.8125));
#11302 = SURFACE_CURVE('',#11303,(#11307,#11314),.PCURVE_S1.);
#11303 = LINE('',#11304,#11305);
#11304 = CARTESIAN_POINT('',(2.219833850861,0.196781530976,0.8125));
#11305 = VECTOR('',#11306,1.);
#11306 = DIRECTION('',(0.755014656124,0.655707914423,0.));
#11307 = PCURVE('',#9099,#11308);
#11308 = DEFINITIONAL_REPRESENTATION('',(#11309),#11313);
#11309 = LINE('',#11310,#11311);
#11310 = CARTESIAN_POINT('',(7.001816253273E-02,0.179421221581));
#11311 = VECTOR('',#11312,1.);
#11312 = DIRECTION('',(0.755014656124,0.655707914423));
#11313 = ( GEOMETRIC_REPRESENTATION_CONTEXT(2) 
PARAMETRIC_REPRESENTATION_CONTEXT() REPRESENTATION_CONTEXT('2D SPACE',''
  ) );
#11314 = PCURVE('',#11315,#11320);
#11315 = PLANE('',#11316);
#11316 = AXIS2_PLACEMENT_3D('',#11317,#11318,#11319);
#11317 = CARTESIAN_POINT('',(2.229276452477,0.204982151404,0.72279171384
    ));
#11318 = DIRECTION('',(0.655707914423,-0.755014656124,-0.));
#11319 = DIRECTION('',(-0.755014656124,-0.655707914423,0.));
#11320 = DEFINITIONAL_REPRESENTATION('',(#11321),#11325);
#11321 = LINE('',#11322,#11323);
#11322 = CARTESIAN_POINT('',(1.25065143299E-02,-8.970828616047E-02));
#11323 = VECTOR('',#11324,1.);
#11324 = DIRECTION('',(-1.,0.));
#11325 = ( GEOMETRIC_REPRESENTATION_CONTEXT(2) 
PARAMETRIC_REPRESENTATION_CONTEXT() REPRESENTATION_CONTEXT('2D SPACE',''
  ) );
#11326 = ORIENTED_EDGE('',*,*,#11327,.T.);
#11327 = EDGE_CURVE('',#11300,#11328,#11330,.T.);
#11328 = VERTEX_POINT('',#11329);
#11329 = CARTESIAN_POINT('',(2.244300365448,0.22178517282,0.8125));
#11330 = SURFACE_CURVE('',#11331,(#11335,#11342),.PCURVE_S1.);
#11331 = LINE('',#11332,#11333);
#11332 = CARTESIAN_POINT('',(2.232615947723,0.207882404327,0.8125));
#11333 = VECTOR('',#11334,1.);
#11334 = DIRECTION('',(0.643388746333,0.765539627382,0.));
#11335 = PCURVE('',#9099,#11336);
#11336 = DEFINITIONAL_REPRESENTATION('',(#11337),#11341);
#11337 = LINE('',#11338,#11339);
#11338 = CARTESIAN_POINT('',(8.280025939552E-02,0.190522094932));
#11339 = VECTOR('',#11340,1.);
#11340 = DIRECTION('',(0.643388746333,0.765539627382));
#11341 = ( GEOMETRIC_REPRESENTATION_CONTEXT(2) 
PARAMETRIC_REPRESENTATION_CONTEXT() REPRESENTATION_CONTEXT('2D SPACE',''
  ) );
#11342 = PCURVE('',#11343,#11348);
#11343 = PLANE('',#11344);
#11344 = AXIS2_PLACEMENT_3D('',#11345,#11346,#11347);
#11345 = CARTESIAN_POINT('',(2.235678187058,0.211526026589,
    0.714429176013));
#11346 = DIRECTION('',(0.765539627382,-0.643388746333,0.));
#11347 = DIRECTION('',(0.643388746333,0.765539627382,0.));
#11348 = DEFINITIONAL_REPRESENTATION('',(#11349),#11353);
#11349 = LINE('',#11350,#11351);
#11350 = CARTESIAN_POINT('',(-4.759547554636E-03,9.807082398684E-02));
#11351 = VECTOR('',#11352,1.);
#11352 = DIRECTION('',(1.,0.));
#11353 = ( GEOMETRIC_REPRESENTATION_CONTEXT(2) 
PARAMETRIC_REPRESENTATION_CONTEXT() REPRESENTATION_CONTEXT('2D SPACE',''
  ) );
#11354 = ORIENTED_EDGE('',*,*,#11355,.T.);
#11355 = EDGE_CURVE('',#11328,#11356,#11358,.T.);
#11356 = VERTEX_POINT('',#11357);
#11357 = CARTESIAN_POINT('',(2.255183935165,0.239698931575,0.8125));
#11358 = SURFACE_CURVE('',#11359,(#11363,#11370),.PCURVE_S1.);
#11359 = LINE('',#11360,#11361);
#11360 = CARTESIAN_POINT('',(2.244300365448,0.22178517282,0.8125));
#11361 = VECTOR('',#11362,1.);
#11362 = DIRECTION('',(0.519234636101,0.854631729269,0.));
#11363 = PCURVE('',#9099,#11364);
#11364 = DEFINITIONAL_REPRESENTATION('',(#11365),#11369);
#11365 = LINE('',#11366,#11367);
#11366 = CARTESIAN_POINT('',(9.448467712013E-02,0.204424863425));
#11367 = VECTOR('',#11368,1.);
#11368 = DIRECTION('',(0.519234636101,0.854631729269));
#11369 = ( GEOMETRIC_REPRESENTATION_CONTEXT(2) 
PARAMETRIC_REPRESENTATION_CONTEXT() REPRESENTATION_CONTEXT('2D SPACE',''
  ) );
#11370 = PCURVE('',#11371,#11376);
#11371 = PLANE('',#11372);
#11372 = AXIS2_PLACEMENT_3D('',#11373,#11374,#11375);
#11373 = CARTESIAN_POINT('',(2.247172871164,0.226513159662,
    0.713801795538));
#11374 = DIRECTION('',(0.854631729269,-0.519234636101,0.));
#11375 = DIRECTION('',(0.519234636101,0.854631729269,0.));
#11376 = DEFINITIONAL_REPRESENTATION('',(#11377),#11381);
#11377 = LINE('',#11378,#11379);
#11378 = CARTESIAN_POINT('',(-5.532192030386E-03,9.869820446159E-02));
#11379 = VECTOR('',#11380,1.);
#11380 = DIRECTION('',(1.,0.));
#11381 = ( GEOMETRIC_REPRESENTATION_CONTEXT(2) 
PARAMETRIC_REPRESENTATION_CONTEXT() REPRESENTATION_CONTEXT('2D SPACE',''
  ) );
#11382 = ORIENTED_EDGE('',*,*,#11383,.T.);
#11383 = EDGE_CURVE('',#11356,#11384,#11386,.T.);
#11384 = VERTEX_POINT('',#11385);
#11385 = CARTESIAN_POINT('',(2.267906188965,0.271258354187,0.8125));
#11386 = SURFACE_CURVE('',#11387,(#11391,#11398),.PCURVE_S1.);
#11387 = LINE('',#11388,#11389);
#11388 = CARTESIAN_POINT('',(2.255183935165,0.239698931575,0.8125));
#11389 = VECTOR('',#11390,1.);
#11390 = DIRECTION('',(0.37388441449,0.927475306734,0.));
#11391 = PCURVE('',#9099,#11392);
#11392 = DEFINITIONAL_REPRESENTATION('',(#11393),#11397);
#11393 = LINE('',#11394,#11395);
#11394 = CARTESIAN_POINT('',(0.105368246838,0.222338622179));
#11395 = VECTOR('',#11396,1.);
#11396 = DIRECTION('',(0.37388441449,0.927475306734));
#11397 = ( GEOMETRIC_REPRESENTATION_CONTEXT(2) 
PARAMETRIC_REPRESENTATION_CONTEXT() REPRESENTATION_CONTEXT('2D SPACE',''
  ) );
#11398 = PCURVE('',#11399,#11404);
#11399 = PLANE('',#11400);
#11400 = AXIS2_PLACEMENT_3D('',#11401,#11402,#11403);
#11401 = CARTESIAN_POINT('',(2.25865076282,0.24829890771,0.711008839541)
  );
#11402 = DIRECTION('',(0.927475306734,-0.37388441449,0.));
#11403 = DIRECTION('',(0.37388441449,0.927475306734,0.));
#11404 = DEFINITIONAL_REPRESENTATION('',(#11405),#11409);
#11405 = LINE('',#11406,#11407);
#11406 = CARTESIAN_POINT('',(-9.27245833153E-03,0.101491160459));
#11407 = VECTOR('',#11408,1.);
#11408 = DIRECTION('',(1.,0.));
#11409 = ( GEOMETRIC_REPRESENTATION_CONTEXT(2) 
PARAMETRIC_REPRESENTATION_CONTEXT() REPRESENTATION_CONTEXT('2D SPACE',''
  ) );
#11410 = ORIENTED_EDGE('',*,*,#11411,.T.);
#11411 = EDGE_CURVE('',#11384,#11412,#11414,.T.);
#11412 = VERTEX_POINT('',#11413);
#11413 = CARTESIAN_POINT('',(2.282519102097,0.335205852985,0.8125));
#11414 = SURFACE_CURVE('',#11415,(#11419,#11426),.PCURVE_S1.);
#11415 = LINE('',#11416,#11417);
#11416 = CARTESIAN_POINT('',(2.267906188965,0.271258354187,0.8125));
#11417 = VECTOR('',#11418,1.);
#11418 = DIRECTION('',(0.222771803973,0.974870618777,0.));
#11419 = PCURVE('',#9099,#11420);
#11420 = DEFINITIONAL_REPRESENTATION('',(#11421),#11425);
#11421 = LINE('',#11422,#11423);
#11422 = CARTESIAN_POINT('',(0.118090500637,0.253898044792));
#11423 = VECTOR('',#11424,1.);
#11424 = DIRECTION('',(0.222771803973,0.974870618777));
#11425 = ( GEOMETRIC_REPRESENTATION_CONTEXT(2) 
PARAMETRIC_REPRESENTATION_CONTEXT() REPRESENTATION_CONTEXT('2D SPACE',''
  ) );
#11426 = PCURVE('',#11427,#11432);
#11427 = PLANE('',#11428);
#11428 = AXIS2_PLACEMENT_3D('',#11429,#11430,#11431);
#11429 = CARTESIAN_POINT('',(2.278245283282,0.316503215047,
    0.732363202825));
#11430 = DIRECTION('',(0.974870618777,-0.222771803973,0.));
#11431 = DIRECTION('',(0.222771803973,0.974870618777,0.));
#11432 = DEFINITIONAL_REPRESENTATION('',(#11433),#11437);
#11433 = LINE('',#11434,#11435);
#11434 = CARTESIAN_POINT('',(-4.641114419581E-02,8.013679717542E-02));
#11435 = VECTOR('',#11436,1.);
#11436 = DIRECTION('',(1.,0.));
#11437 = ( GEOMETRIC_REPRESENTATION_CONTEXT(2) 
PARAMETRIC_REPRESENTATION_CONTEXT() REPRESENTATION_CONTEXT('2D SPACE',''
  ) );
#11438 = ORIENTED_EDGE('',*,*,#11439,.T.);
#11439 = EDGE_CURVE('',#11412,#11440,#11442,.T.);
#11440 = VERTEX_POINT('',#11441);
#11441 = CARTESIAN_POINT('',(2.293748855591,0.38805770874,0.8125));
#11442 = SURFACE_CURVE('',#11443,(#11447,#11454),.PCURVE_S1.);
#11443 = LINE('',#11444,#11445);
#11444 = CARTESIAN_POINT('',(2.282519102097,0.335205852985,0.8125));
#11445 = VECTOR('',#11446,1.);
#11446 = DIRECTION('',(0.207836340002,0.978163614011,0.));
#11447 = PCURVE('',#9099,#11448);
#11448 = DEFINITIONAL_REPRESENTATION('',(#11449),#11453);
#11449 = LINE('',#11450,#11451);
#11450 = CARTESIAN_POINT('',(0.132703413769,0.31784554359));
#11451 = VECTOR('',#11452,1.);
#11452 = DIRECTION('',(0.207836340002,0.978163614011));
#11453 = ( GEOMETRIC_REPRESENTATION_CONTEXT(2) 
PARAMETRIC_REPRESENTATION_CONTEXT() REPRESENTATION_CONTEXT('2D SPACE',''
  ) );
#11454 = PCURVE('',#11455,#11460);
#11455 = PLANE('',#11456);
#11456 = AXIS2_PLACEMENT_3D('',#11457,#11458,#11459);
#11457 = CARTESIAN_POINT('',(2.290544974841,0.372978923323,
    0.730350454462));
#11458 = DIRECTION('',(0.978163614011,-0.207836340002,0.));
#11459 = DIRECTION('',(0.207836340002,0.978163614011,0.));
#11460 = DEFINITIONAL_REPRESENTATION('',(#11461),#11465);
#11461 = LINE('',#11462,#11463);
#11462 = CARTESIAN_POINT('',(-3.861631101079E-02,8.214954553807E-02));
#11463 = VECTOR('',#11464,1.);
#11464 = DIRECTION('',(1.,0.));
#11465 = ( GEOMETRIC_REPRESENTATION_CONTEXT(2) 
PARAMETRIC_REPRESENTATION_CONTEXT() REPRESENTATION_CONTEXT('2D SPACE',''
  ) );
#11466 = ORIENTED_EDGE('',*,*,#11467,.T.);
#11467 = EDGE_CURVE('',#11440,#11468,#11470,.T.);
#11468 = VERTEX_POINT('',#11469);
#11469 = CARTESIAN_POINT('',(2.301211357117,0.408715218306,0.8125));
#11470 = SURFACE_CURVE('',#11471,(#11475,#11482),.PCURVE_S1.);
#11471 = LINE('',#11472,#11473);
#11472 = CARTESIAN_POINT('',(2.293748855591,0.38805770874,0.8125));
#11473 = VECTOR('',#11474,1.);
#11474 = DIRECTION('',(0.339759060336,0.940512509709,0.));
#11475 = PCURVE('',#9099,#11476);
#11476 = DEFINITIONAL_REPRESENTATION('',(#11477),#11481);
#11477 = LINE('',#11478,#11479);
#11478 = CARTESIAN_POINT('',(0.143933167263,0.370697399345));
#11479 = VECTOR('',#11480,1.);
#11480 = DIRECTION('',(0.339759060336,0.940512509709));
#11481 = ( GEOMETRIC_REPRESENTATION_CONTEXT(2) 
PARAMETRIC_REPRESENTATION_CONTEXT() REPRESENTATION_CONTEXT('2D SPACE',''
  ) );
#11482 = PCURVE('',#11483,#11488);
#11483 = PLANE('',#11484);
#11484 = AXIS2_PLACEMENT_3D('',#11485,#11486,#11487);
#11485 = CARTESIAN_POINT('',(2.299236832633,0.403249389152,
    0.723920506058));
#11486 = DIRECTION('',(0.940512509709,-0.339759060336,0.));
#11487 = DIRECTION('',(0.339759060336,0.940512509709,0.));
#11488 = DEFINITIONAL_REPRESENTATION('',(#11489),#11493);
#11489 = LINE('',#11490,#11491);
#11490 = CARTESIAN_POINT('',(-1.615255539349E-02,8.857949394243E-02));
#11491 = VECTOR('',#11492,1.);
#11492 = DIRECTION('',(1.,0.));
#11493 = ( GEOMETRIC_REPRESENTATION_CONTEXT(2) 
PARAMETRIC_REPRESENTATION_CONTEXT() REPRESENTATION_CONTEXT('2D SPACE',''
  ) );
#11494 = ORIENTED_EDGE('',*,*,#11495,.T.);
#11495 = EDGE_CURVE('',#11468,#11496,#11498,.T.);
#11496 = VERTEX_POINT('',#11497);
#11497 = CARTESIAN_POINT('',(2.307801485062,0.420591682196,0.8125));
#11498 = SURFACE_CURVE('',#11499,(#11503,#11510),.PCURVE_S1.);
#11499 = LINE('',#11500,#11501);
#11500 = CARTESIAN_POINT('',(2.301211357117,0.408715218306,0.8125));
#11501 = VECTOR('',#11502,1.);
#11502 = DIRECTION('',(0.48519798487,0.874404320368,0.));
#11503 = PCURVE('',#9099,#11504);
#11504 = DEFINITIONAL_REPRESENTATION('',(#11505),#11509);
#11505 = LINE('',#11506,#11507);
#11506 = CARTESIAN_POINT('',(0.151395668789,0.39135490891));
#11507 = VECTOR('',#11508,1.);
#11508 = DIRECTION('',(0.48519798487,0.874404320368));
#11509 = ( GEOMETRIC_REPRESENTATION_CONTEXT(2) 
PARAMETRIC_REPRESENTATION_CONTEXT() REPRESENTATION_CONTEXT('2D SPACE',''
  ) );
#11510 = PCURVE('',#11511,#11516);
#11511 = PLANE('',#11512);
#11512 = AXIS2_PLACEMENT_3D('',#11513,#11514,#11515);
#11513 = CARTESIAN_POINT('',(2.306094358212,0.417515166754,
    0.722022761166));
#11514 = DIRECTION('',(0.874404320368,-0.48519798487,0.));
#11515 = DIRECTION('',(0.48519798487,0.874404320368,0.));
#11516 = DEFINITIONAL_REPRESENTATION('',(#11517),#11521);
#11517 = LINE('',#11518,#11519);
#11518 = CARTESIAN_POINT('',(-1.006393523348E-02,9.047723883407E-02));
#11519 = VECTOR('',#11520,1.);
#11520 = DIRECTION('',(1.,0.));
#11521 = ( GEOMETRIC_REPRESENTATION_CONTEXT(2) 
PARAMETRIC_REPRESENTATION_CONTEXT() REPRESENTATION_CONTEXT('2D SPACE',''
  ) );
#11522 = ORIENTED_EDGE('',*,*,#11523,.T.);
#11523 = EDGE_CURVE('',#11496,#11524,#11526,.T.);
#11524 = VERTEX_POINT('',#11525);
#11525 = CARTESIAN_POINT('',(2.315419197083,0.430322647095,0.8125));
#11526 = SURFACE_CURVE('',#11527,(#11531,#11538),.PCURVE_S1.);
#11527 = LINE('',#11528,#11529);
#11528 = CARTESIAN_POINT('',(2.307801485062,0.420591682196,0.8125));
#11529 = VECTOR('',#11530,1.);
#11530 = DIRECTION('',(0.616417367408,0.78741960171,0.));
#11531 = PCURVE('',#9099,#11532);
#11532 = DEFINITIONAL_REPRESENTATION('',(#11533),#11537);
#11533 = LINE('',#11534,#11535);
#11534 = CARTESIAN_POINT('',(0.157985796734,0.4032313728));
#11535 = VECTOR('',#11536,1.);
#11536 = DIRECTION('',(0.616417367408,0.78741960171));
#11537 = ( GEOMETRIC_REPRESENTATION_CONTEXT(2) 
PARAMETRIC_REPRESENTATION_CONTEXT() REPRESENTATION_CONTEXT('2D SPACE',''
  ) );
#11538 = PCURVE('',#11539,#11544);
#11539 = PLANE('',#11540);
#11540 = AXIS2_PLACEMENT_3D('',#11541,#11542,#11543);
#11541 = CARTESIAN_POINT('',(2.313452077082,0.427809822296,
    0.721737806813));
#11542 = DIRECTION('',(0.78741960171,-0.616417367408,0.));
#11543 = DIRECTION('',(0.616417367408,0.78741960171,0.));
#11544 = DEFINITIONAL_REPRESENTATION('',(#11545),#11549);
#11545 = LINE('',#11546,#11547);
#11546 = CARTESIAN_POINT('',(-9.166828060554E-03,9.076219318677E-02));
#11547 = VECTOR('',#11548,1.);
#11548 = DIRECTION('',(1.,0.));
#11549 = ( GEOMETRIC_REPRESENTATION_CONTEXT(2) 
PARAMETRIC_REPRESENTATION_CONTEXT() REPRESENTATION_CONTEXT('2D SPACE',''
  ) );
#11550 = ORIENTED_EDGE('',*,*,#11551,.T.);
#11551 = EDGE_CURVE('',#11524,#11552,#11554,.T.);
#11552 = VERTEX_POINT('',#11553);
#11553 = CARTESIAN_POINT('',(2.324501037598,0.438598781824,0.8125));
#11554 = SURFACE_CURVE('',#11555,(#11559,#11566),.PCURVE_S1.);
#11555 = LINE('',#11556,#11557);
#11556 = CARTESIAN_POINT('',(2.315419197083,0.430322647095,0.8125));
#11557 = VECTOR('',#11558,1.);
#11558 = DIRECTION('',(0.739132765448,0.673559763526,0.));
#11559 = PCURVE('',#9099,#11560);
#11560 = DEFINITIONAL_REPRESENTATION('',(#11561),#11565);
#11561 = LINE('',#11562,#11563);
#11562 = CARTESIAN_POINT('',(0.165603508755,0.412962337699));
#11563 = VECTOR('',#11564,1.);
#11564 = DIRECTION('',(0.739132765448,0.673559763526));
#11565 = ( GEOMETRIC_REPRESENTATION_CONTEXT(2) 
PARAMETRIC_REPRESENTATION_CONTEXT() REPRESENTATION_CONTEXT('2D SPACE',''
  ) );
#11566 = PCURVE('',#11567,#11572);
#11567 = PLANE('',#11568);
#11568 = AXIS2_PLACEMENT_3D('',#11569,#11570,#11571);
#11569 = CARTESIAN_POINT('',(2.322156263831,0.436462027323,
    0.721721247648));
#11570 = DIRECTION('',(0.673559763526,-0.739132765448,-0.));
#11571 = DIRECTION('',(-0.739132765448,-0.673559763526,0.));
#11572 = DEFINITIONAL_REPRESENTATION('',(#11573),#11577);
#11573 = LINE('',#11574,#11575);
#11574 = CARTESIAN_POINT('',(9.114826271452E-03,-9.077875235182E-02));
#11575 = VECTOR('',#11576,1.);
#11576 = DIRECTION('',(-1.,0.));
#11577 = ( GEOMETRIC_REPRESENTATION_CONTEXT(2) 
PARAMETRIC_REPRESENTATION_CONTEXT() REPRESENTATION_CONTEXT('2D SPACE',''
  ) );
#11578 = ORIENTED_EDGE('',*,*,#11579,.T.);
#11579 = EDGE_CURVE('',#11552,#11580,#11582,.T.);
#11580 = VERTEX_POINT('',#11581);
#11581 = CARTESIAN_POINT('',(2.334152936935,0.444837212563,0.8125));
#11582 = SURFACE_CURVE('',#11583,(#11587,#11594),.PCURVE_S1.);
#11583 = LINE('',#11584,#11585);
#11584 = CARTESIAN_POINT('',(2.324501037598,0.438598781824,0.8125));
#11585 = VECTOR('',#11586,1.);
#11586 = DIRECTION('',(0.839844518209,0.542827030677,0.));
#11587 = PCURVE('',#9099,#11588);
#11588 = DEFINITIONAL_REPRESENTATION('',(#11589),#11593);
#11589 = LINE('',#11590,#11591);
#11590 = CARTESIAN_POINT('',(0.17468534927,0.421238472429));
#11591 = VECTOR('',#11592,1.);
#11592 = DIRECTION('',(0.839844518209,0.542827030677));
#11593 = ( GEOMETRIC_REPRESENTATION_CONTEXT(2) 
PARAMETRIC_REPRESENTATION_CONTEXT() REPRESENTATION_CONTEXT('2D SPACE',''
  ) );
#11594 = PCURVE('',#11595,#11600);
#11595 = PLANE('',#11596);
#11596 = AXIS2_PLACEMENT_3D('',#11597,#11598,#11599);
#11597 = CARTESIAN_POINT('',(2.331666081896,0.443229852977,
    0.721535151987));
#11598 = DIRECTION('',(0.542827030677,-0.839844518209,-0.));
#11599 = DIRECTION('',(-0.839844518209,-0.542827030677,0.));
#11600 = DEFINITIONAL_REPRESENTATION('',(#11601),#11605);
#11601 = LINE('',#11602,#11603);
#11602 = CARTESIAN_POINT('',(8.531393778932E-03,-9.096484801255E-02));
#11603 = VECTOR('',#11604,1.);
#11604 = DIRECTION('',(-1.,0.));
#11605 = ( GEOMETRIC_REPRESENTATION_CONTEXT(2) 
PARAMETRIC_REPRESENTATION_CONTEXT() REPRESENTATION_CONTEXT('2D SPACE',''
  ) );
#11606 = ORIENTED_EDGE('',*,*,#11607,.T.);
#11607 = EDGE_CURVE('',#11580,#11608,#11610,.T.);
#11608 = VERTEX_POINT('',#11609);
#11609 = CARTESIAN_POINT('',(2.347107410431,0.450449645519,0.8125));
#11610 = SURFACE_CURVE('',#11611,(#11615,#11622),.PCURVE_S1.);
#11611 = LINE('',#11612,#11613);
#11612 = CARTESIAN_POINT('',(2.334152936935,0.444837212563,0.8125));
#11613 = VECTOR('',#11614,1.);
#11614 = DIRECTION('',(0.917585914423,0.397537532382,0.));
#11615 = PCURVE('',#9099,#11616);
#11616 = DEFINITIONAL_REPRESENTATION('',(#11617),#11621);
#11617 = LINE('',#11618,#11619);
#11618 = CARTESIAN_POINT('',(0.184337248608,0.427476903167));
#11619 = VECTOR('',#11620,1.);
#11620 = DIRECTION('',(0.917585914423,0.397537532382));
#11621 = ( GEOMETRIC_REPRESENTATION_CONTEXT(2) 
PARAMETRIC_REPRESENTATION_CONTEXT() REPRESENTATION_CONTEXT('2D SPACE',''
  ) );
#11622 = PCURVE('',#11623,#11628);
#11623 = PLANE('',#11624);
#11624 = AXIS2_PLACEMENT_3D('',#11625,#11626,#11627);
#11625 = CARTESIAN_POINT('',(2.343747036923,0.448993787739,0.72214680807
    ));
#11626 = DIRECTION('',(0.397537532382,-0.917585914423,-0.));
#11627 = DIRECTION('',(-0.917585914423,-0.397537532382,0.));
#11628 = DEFINITIONAL_REPRESENTATION('',(#11629),#11633);
#11629 = LINE('',#11630,#11631);
#11630 = CARTESIAN_POINT('',(1.045580564869E-02,-9.035319192955E-02));
#11631 = VECTOR('',#11632,1.);
#11632 = DIRECTION('',(-1.,0.));
#11633 = ( GEOMETRIC_REPRESENTATION_CONTEXT(2) 
PARAMETRIC_REPRESENTATION_CONTEXT() REPRESENTATION_CONTEXT('2D SPACE',''
  ) );
#11634 = ORIENTED_EDGE('',*,*,#11635,.T.);
#11635 = EDGE_CURVE('',#11608,#11636,#11638,.T.);
#11636 = VERTEX_POINT('',#11637);
#11637 = CARTESIAN_POINT('',(2.362331390381,0.454291343689,0.8125));
#11638 = SURFACE_CURVE('',#11639,(#11643,#11650),.PCURVE_S1.);
#11639 = LINE('',#11640,#11641);
#11640 = CARTESIAN_POINT('',(2.347107410431,0.450449645519,0.8125));
#11641 = VECTOR('',#11642,1.);
#11642 = DIRECTION('',(0.969605101465,0.244675187164,0.));
#11643 = PCURVE('',#9099,#11644);
#11644 = DEFINITIONAL_REPRESENTATION('',(#11645),#11649);
#11645 = LINE('',#11646,#11647);
#11646 = CARTESIAN_POINT('',(0.197291722103,0.433089336124));
#11647 = VECTOR('',#11648,1.);
#11648 = DIRECTION('',(0.969605101465,0.244675187164));
#11649 = ( GEOMETRIC_REPRESENTATION_CONTEXT(2) 
PARAMETRIC_REPRESENTATION_CONTEXT() REPRESENTATION_CONTEXT('2D SPACE',''
  ) );
#11650 = PCURVE('',#11651,#11656);
#11651 = PLANE('',#11652);
#11652 = AXIS2_PLACEMENT_3D('',#11653,#11654,#11655);
#11653 = CARTESIAN_POINT('',(2.358366317111,0.453290776507,
    0.722511239189));
#11654 = DIRECTION('',(0.244675187164,-0.969605101465,-0.));
#11655 = DIRECTION('',(-0.969605101465,-0.244675187164,0.));
#11656 = DEFINITIONAL_REPRESENTATION('',(#11657),#11661);
#11657 = LINE('',#11658,#11659);
#11658 = CARTESIAN_POINT('',(1.161184761005E-02,-8.998876081133E-02));
#11659 = VECTOR('',#11660,1.);
#11660 = DIRECTION('',(-1.,0.));
#11661 = ( GEOMETRIC_REPRESENTATION_CONTEXT(2) 
PARAMETRIC_REPRESENTATION_CONTEXT() REPRESENTATION_CONTEXT('2D SPACE',''
  ) );
#11662 = ORIENTED_EDGE('',*,*,#11663,.T.);
#11663 = EDGE_CURVE('',#11636,#11664,#11666,.T.);
#11664 = VERTEX_POINT('',#11665);
#11665 = CARTESIAN_POINT('',(2.382650852203,0.456309080124,0.8125));
#11666 = SURFACE_CURVE('',#11667,(#11671,#11678),.PCURVE_S1.);
#11667 = LINE('',#11668,#11669);
#11668 = CARTESIAN_POINT('',(2.362331390381,0.454291343689,0.8125));
#11669 = VECTOR('',#11670,1.);
#11670 = DIRECTION('',(0.995105852113,9.881469066284E-02,0.));
#11671 = PCURVE('',#9099,#11672);
#11672 = DEFINITIONAL_REPRESENTATION('',(#11673),#11677);
#11673 = LINE('',#11674,#11675);
#11674 = CARTESIAN_POINT('',(0.212515702053,0.436931034293));
#11675 = VECTOR('',#11676,1.);
#11676 = DIRECTION('',(0.995105852113,9.881469066284E-02));
#11677 = ( GEOMETRIC_REPRESENTATION_CONTEXT(2) 
PARAMETRIC_REPRESENTATION_CONTEXT() REPRESENTATION_CONTEXT('2D SPACE',''
  ) );
#11678 = PCURVE('',#11679,#11684);
#11679 = PLANE('',#11680);
#11680 = AXIS2_PLACEMENT_3D('',#11681,#11682,#11683);
#11681 = CARTESIAN_POINT('',(2.377295194615,0.455777259668,
    0.723577700805));
#11682 = DIRECTION('',(9.881469066284E-02,-0.995105852113,-0.));
#11683 = DIRECTION('',(-0.995105852113,-9.881469066284E-02,0.));
#11684 = DEFINITIONAL_REPRESENTATION('',(#11685),#11689);
#11685 = LINE('',#11686,#11687);
#11686 = CARTESIAN_POINT('',(1.503739949105E-02,-8.892229919546E-02));
#11687 = VECTOR('',#11688,1.);
#11688 = DIRECTION('',(-1.,0.));
#11689 = ( GEOMETRIC_REPRESENTATION_CONTEXT(2) 
PARAMETRIC_REPRESENTATION_CONTEXT() REPRESENTATION_CONTEXT('2D SPACE',''
  ) );
#11690 = ORIENTED_EDGE('',*,*,#11691,.T.);
#11691 = EDGE_CURVE('',#11664,#9115,#11692,.T.);
#11692 = SURFACE_CURVE('',#11693,(#11697,#11704),.PCURVE_S1.);
#11693 = LINE('',#11694,#11695);
#11694 = CARTESIAN_POINT('',(2.382650852203,0.456309080124,0.8125));
#11695 = VECTOR('',#11696,1.);
#11696 = DIRECTION('',(0.998727834128,-5.042532437996E-02,0.));
#11697 = PCURVE('',#9099,#11698);
#11698 = DEFINITIONAL_REPRESENTATION('',(#11699),#11703);
#11699 = LINE('',#11700,#11701);
#11700 = CARTESIAN_POINT('',(0.232835163876,0.438948770728));
#11701 = VECTOR('',#11702,1.);
#11702 = DIRECTION('',(0.998727834128,-5.042532437996E-02));
#11703 = ( GEOMETRIC_REPRESENTATION_CONTEXT(2) 
PARAMETRIC_REPRESENTATION_CONTEXT() REPRESENTATION_CONTEXT('2D SPACE',''
  ) );
#11704 = PCURVE('',#11705,#11710);
#11705 = PLANE('',#11706);
#11706 = AXIS2_PLACEMENT_3D('',#11707,#11708,#11709);
#11707 = CARTESIAN_POINT('',(2.408110032279,0.455023657439,
    0.726705190786));
#11708 = DIRECTION('',(-5.042532437996E-02,-0.998727834128,-0.));
#11709 = DIRECTION('',(-0.998727834128,5.042532437996E-02,0.));
#11710 = DEFINITIONAL_REPRESENTATION('',(#11711),#11715);
#11711 = LINE('',#11712,#11713);
#11712 = CARTESIAN_POINT('',(2.549160963111E-02,-8.579480921398E-02));
#11713 = VECTOR('',#11714,1.);
#11714 = DIRECTION('',(-1.,0.));
#11715 = ( GEOMETRIC_REPRESENTATION_CONTEXT(2) 
PARAMETRIC_REPRESENTATION_CONTEXT() REPRESENTATION_CONTEXT('2D SPACE',''
  ) );
#11716 = ADVANCED_FACE('',(#11717),#11705,.T.);
#11717 = FACE_BOUND('',#11718,.T.);
#11718 = EDGE_LOOP('',(#11719,#11742,#11743,#11766));
#11719 = ORIENTED_EDGE('',*,*,#11720,.F.);
#11720 = EDGE_CURVE('',#9115,#11721,#11723,.T.);
#11721 = VERTEX_POINT('',#11722);
#11722 = CARTESIAN_POINT('',(2.417679071426,0.454540520906,0.625));
#11723 = SURFACE_CURVE('',#11724,(#11728,#11735),.PCURVE_S1.);
#11724 = LINE('',#11725,#11726);
#11725 = CARTESIAN_POINT('',(2.417679071426,0.454540520906,0.8125));
#11726 = VECTOR('',#11727,1.);
#11727 = DIRECTION('',(0.,0.,-1.));
#11728 = PCURVE('',#11705,#11729);
#11729 = DEFINITIONAL_REPRESENTATION('',(#11730),#11734);
#11730 = LINE('',#11731,#11732);
#11731 = CARTESIAN_POINT('',(-9.58122805907E-03,-8.579480921398E-02));
#11732 = VECTOR('',#11733,1.);
#11733 = DIRECTION('',(0.,1.));
#11734 = ( GEOMETRIC_REPRESENTATION_CONTEXT(2) 
PARAMETRIC_REPRESENTATION_CONTEXT() REPRESENTATION_CONTEXT('2D SPACE',''
  ) );
#11735 = PCURVE('',#9132,#11736);
#11736 = DEFINITIONAL_REPRESENTATION('',(#11737),#11741);
#11737 = LINE('',#11738,#11739);
#11738 = CARTESIAN_POINT('',(5.854718812549E-02,-7.723078369154E-02));
#11739 = VECTOR('',#11740,1.);
#11740 = DIRECTION('',(0.,1.));
#11741 = ( GEOMETRIC_REPRESENTATION_CONTEXT(2) 
PARAMETRIC_REPRESENTATION_CONTEXT() REPRESENTATION_CONTEXT('2D SPACE',''
  ) );
#11742 = ORIENTED_EDGE('',*,*,#11691,.F.);
#11743 = ORIENTED_EDGE('',*,*,#11744,.T.);
#11744 = EDGE_CURVE('',#11664,#11745,#11747,.T.);
#11745 = VERTEX_POINT('',#11746);
#11746 = CARTESIAN_POINT('',(2.382650852203,0.456309080124,0.625));
#11747 = SURFACE_CURVE('',#11748,(#11752,#11759),.PCURVE_S1.);
#11748 = LINE('',#11749,#11750);
#11749 = CARTESIAN_POINT('',(2.382650852203,0.456309080124,0.8125));
#11750 = VECTOR('',#11751,1.);
#11751 = DIRECTION('',(0.,0.,-1.));
#11752 = PCURVE('',#11705,#11753);
#11753 = DEFINITIONAL_REPRESENTATION('',(#11754),#11758);
#11754 = LINE('',#11755,#11756);
#11755 = CARTESIAN_POINT('',(2.549160963111E-02,-8.579480921398E-02));
#11756 = VECTOR('',#11757,1.);
#11757 = DIRECTION('',(0.,1.));
#11758 = ( GEOMETRIC_REPRESENTATION_CONTEXT(2) 
PARAMETRIC_REPRESENTATION_CONTEXT() REPRESENTATION_CONTEXT('2D SPACE',''
  ) );
#11759 = PCURVE('',#11679,#11760);
#11760 = DEFINITIONAL_REPRESENTATION('',(#11761),#11765);
#11761 = LINE('',#11762,#11763);
#11762 = CARTESIAN_POINT('',(-5.381997881973E-03,-8.892229919546E-02));
#11763 = VECTOR('',#11764,1.);
#11764 = DIRECTION('',(-0.,1.));
#11765 = ( GEOMETRIC_REPRESENTATION_CONTEXT(2) 
PARAMETRIC_REPRESENTATION_CONTEXT() REPRESENTATION_CONTEXT('2D SPACE',''
  ) );
#11766 = ORIENTED_EDGE('',*,*,#11767,.F.);
#11767 = EDGE_CURVE('',#11721,#11745,#11768,.T.);
#11768 = SURFACE_CURVE('',#11769,(#11773,#11780),.PCURVE_S1.);
#11769 = LINE('',#11770,#11771);
#11770 = CARTESIAN_POINT('',(2.417679071426,0.454540520906,0.625));
#11771 = VECTOR('',#11772,1.);
#11772 = DIRECTION('',(-0.998727834128,5.042532437996E-02,0.));
#11773 = PCURVE('',#11705,#11774);
#11774 = DEFINITIONAL_REPRESENTATION('',(#11775),#11779);
#11775 = LINE('',#11776,#11777);
#11776 = CARTESIAN_POINT('',(-9.58122805907E-03,0.101705190786));
#11777 = VECTOR('',#11778,1.);
#11778 = DIRECTION('',(1.,0.));
#11779 = ( GEOMETRIC_REPRESENTATION_CONTEXT(2) 
PARAMETRIC_REPRESENTATION_CONTEXT() REPRESENTATION_CONTEXT('2D SPACE',''
  ) );
#11780 = PCURVE('',#11781,#11786);
#11781 = PLANE('',#11782);
#11782 = AXIS2_PLACEMENT_3D('',#11783,#11784,#11785);
#11783 = CARTESIAN_POINT('',(2.19565016345,2.238566211523E-02,0.625));
#11784 = DIRECTION('',(0.,0.,1.));
#11785 = DIRECTION('',(1.,0.,-0.));
#11786 = DEFINITIONAL_REPRESENTATION('',(#11787),#11791);
#11787 = LINE('',#11788,#11789);
#11788 = CARTESIAN_POINT('',(0.222028907977,0.432154858791));
#11789 = VECTOR('',#11790,1.);
#11790 = DIRECTION('',(-0.998727834128,5.042532437996E-02));
#11791 = ( GEOMETRIC_REPRESENTATION_CONTEXT(2) 
PARAMETRIC_REPRESENTATION_CONTEXT() REPRESENTATION_CONTEXT('2D SPACE',''
  ) );
#11792 = ADVANCED_FACE('',(#11793),#11781,.T.);
#11793 = FACE_BOUND('',#11794,.T.);
#11794 = EDGE_LOOP('',(#11795,#11820,#11843,#11866,#11889,#11912,#11935,
    #11958,#11981,#12004,#12027,#12050,#12073,#12096,#12119,#12142,
    #12165,#12188,#12211,#12234,#12257,#12280,#12303,#12326,#12349,
    #12372,#12395,#12418,#12441,#12464,#12487,#12510,#12533,#12556,
    #12579,#12602,#12625,#12648,#12671,#12694,#12717,#12740,#12762,
    #12783,#12784,#12807,#12830,#12853,#12876,#12899,#12922,#12945,
    #12968,#12991,#13014,#13037,#13060,#13083,#13106,#13129,#13152,
    #13175,#13198,#13221,#13244,#13267,#13290,#13313,#13336,#13359,
    #13382,#13405,#13428,#13451,#13474,#13497));
#11795 = ORIENTED_EDGE('',*,*,#11796,.T.);
#11796 = EDGE_CURVE('',#11797,#11799,#11801,.T.);
#11797 = VERTEX_POINT('',#11798);
#11798 = CARTESIAN_POINT('',(2.052516937256,0.127029553056,0.625));
#11799 = VERTEX_POINT('',#11800);
#11800 = CARTESIAN_POINT('',(2.05854177475,0.120325528085,0.625));
#11801 = SURFACE_CURVE('',#11802,(#11806,#11813),.PCURVE_S1.);
#11802 = LINE('',#11803,#11804);
#11803 = CARTESIAN_POINT('',(2.052516937256,0.127029553056,0.625));
#11804 = VECTOR('',#11805,1.);
#11805 = DIRECTION('',(0.66842607527,-0.743778583921,0.));
#11806 = PCURVE('',#11781,#11807);
#11807 = DEFINITIONAL_REPRESENTATION('',(#11808),#11812);
#11808 = LINE('',#11809,#11810);
#11809 = CARTESIAN_POINT('',(-0.143133226194,0.104643890941));
#11810 = VECTOR('',#11811,1.);
#11811 = DIRECTION('',(0.66842607527,-0.743778583921));
#11812 = ( GEOMETRIC_REPRESENTATION_CONTEXT(2) 
PARAMETRIC_REPRESENTATION_CONTEXT() REPRESENTATION_CONTEXT('2D SPACE',''
  ) );
#11813 = PCURVE('',#10783,#11814);
#11814 = DEFINITIONAL_REPRESENTATION('',(#11815),#11819);
#11815 = LINE('',#11816,#11817);
#11816 = CARTESIAN_POINT('',(6.70597101892E-03,-9.155076332075E-02));
#11817 = VECTOR('',#11818,1.);
#11818 = DIRECTION('',(-1.,0.));
#11819 = ( GEOMETRIC_REPRESENTATION_CONTEXT(2) 
PARAMETRIC_REPRESENTATION_CONTEXT() REPRESENTATION_CONTEXT('2D SPACE',''
  ) );
#11820 = ORIENTED_EDGE('',*,*,#11821,.T.);
#11821 = EDGE_CURVE('',#11799,#11822,#11824,.T.);
#11822 = VERTEX_POINT('',#11823);
#11823 = CARTESIAN_POINT('',(2.079395532608,0.103481076658,0.625));
#11824 = SURFACE_CURVE('',#11825,(#11829,#11836),.PCURVE_S1.);
#11825 = LINE('',#11826,#11827);
#11826 = CARTESIAN_POINT('',(2.05854177475,0.120325528085,0.625));
#11827 = VECTOR('',#11828,1.);
#11828 = DIRECTION('',(0.777922368908,-0.628360396551,0.));
#11829 = PCURVE('',#11781,#11830);
#11830 = DEFINITIONAL_REPRESENTATION('',(#11831),#11835);
#11831 = LINE('',#11832,#11833);
#11832 = CARTESIAN_POINT('',(-0.1371083887,9.793986597E-02));
#11833 = VECTOR('',#11834,1.);
#11834 = DIRECTION('',(0.777922368908,-0.628360396551));
#11835 = ( GEOMETRIC_REPRESENTATION_CONTEXT(2) 
PARAMETRIC_REPRESENTATION_CONTEXT() REPRESENTATION_CONTEXT('2D SPACE',''
  ) );
#11836 = PCURVE('',#10755,#11837);
#11837 = DEFINITIONAL_REPRESENTATION('',(#11838),#11842);
#11838 = LINE('',#11839,#11840);
#11839 = CARTESIAN_POINT('',(-7.178400783403E-03,9.997509466278E-02));
#11840 = VECTOR('',#11841,1.);
#11841 = DIRECTION('',(1.,0.));
#11842 = ( GEOMETRIC_REPRESENTATION_CONTEXT(2) 
PARAMETRIC_REPRESENTATION_CONTEXT() REPRESENTATION_CONTEXT('2D SPACE',''
  ) );
#11843 = ORIENTED_EDGE('',*,*,#11844,.T.);
#11844 = EDGE_CURVE('',#11822,#11845,#11847,.T.);
#11845 = VERTEX_POINT('',#11846);
#11846 = CARTESIAN_POINT('',(2.197268009186,2.92392373085E-02,0.625));
#11847 = SURFACE_CURVE('',#11848,(#11852,#11859),.PCURVE_S1.);
#11848 = LINE('',#11849,#11850);
#11849 = CARTESIAN_POINT('',(2.079395532608,0.103481076658,0.625));
#11850 = VECTOR('',#11851,1.);
#11851 = DIRECTION('',(0.846149208229,-0.532946073644,0.));
#11852 = PCURVE('',#11781,#11853);
#11853 = DEFINITIONAL_REPRESENTATION('',(#11854),#11858);
#11854 = LINE('',#11855,#11856);
#11855 = CARTESIAN_POINT('',(-0.116254630842,8.109541454254E-02));
#11856 = VECTOR('',#11857,1.);
#11857 = DIRECTION('',(0.846149208229,-0.532946073644));
#11858 = ( GEOMETRIC_REPRESENTATION_CONTEXT(2) 
PARAMETRIC_REPRESENTATION_CONTEXT() REPRESENTATION_CONTEXT('2D SPACE',''
  ) );
#11859 = PCURVE('',#10727,#11860);
#11860 = DEFINITIONAL_REPRESENTATION('',(#11861),#11865);
#11861 = LINE('',#11862,#11863);
#11862 = CARTESIAN_POINT('',(-4.634743691934E-02,0.117054862835));
#11863 = VECTOR('',#11864,1.);
#11864 = DIRECTION('',(1.,0.));
#11865 = ( GEOMETRIC_REPRESENTATION_CONTEXT(2) 
PARAMETRIC_REPRESENTATION_CONTEXT() REPRESENTATION_CONTEXT('2D SPACE',''
  ) );
#11866 = ORIENTED_EDGE('',*,*,#11867,.T.);
#11867 = EDGE_CURVE('',#11845,#11868,#11870,.T.);
#11868 = VERTEX_POINT('',#11869);
#11869 = CARTESIAN_POINT('',(2.234050035477,4.292805679142E-03,0.625));
#11870 = SURFACE_CURVE('',#11871,(#11875,#11882),.PCURVE_S1.);
#11871 = LINE('',#11872,#11873);
#11872 = CARTESIAN_POINT('',(2.197268009186,2.92392373085E-02,0.625));
#11873 = VECTOR('',#11874,1.);
#11874 = DIRECTION('',(0.827609571444,-0.561304193156,0.));
#11875 = PCURVE('',#11781,#11876);
#11876 = DEFINITIONAL_REPRESENTATION('',(#11877),#11881);
#11877 = LINE('',#11878,#11879);
#11878 = CARTESIAN_POINT('',(1.617845736052E-03,6.853575193274E-03));
#11879 = VECTOR('',#11880,1.);
#11880 = DIRECTION('',(0.827609571444,-0.561304193156));
#11881 = ( GEOMETRIC_REPRESENTATION_CONTEXT(2) 
PARAMETRIC_REPRESENTATION_CONTEXT() REPRESENTATION_CONTEXT('2D SPACE',''
  ) );
#11882 = PCURVE('',#10699,#11883);
#11883 = DEFINITIONAL_REPRESENTATION('',(#11884),#11888);
#11884 = LINE('',#11885,#11886);
#11885 = CARTESIAN_POINT('',(-1.240975702953E-02,0.103562089817));
#11886 = VECTOR('',#11887,1.);
#11887 = DIRECTION('',(1.,0.));
#11888 = ( GEOMETRIC_REPRESENTATION_CONTEXT(2) 
PARAMETRIC_REPRESENTATION_CONTEXT() REPRESENTATION_CONTEXT('2D SPACE',''
  ) );
#11889 = ORIENTED_EDGE('',*,*,#11890,.T.);
#11890 = EDGE_CURVE('',#11868,#11891,#11893,.T.);
#11891 = VERTEX_POINT('',#11892);
#11892 = CARTESIAN_POINT('',(2.258639335632,-1.495109684765E-02,0.625));
#11893 = SURFACE_CURVE('',#11894,(#11898,#11905),.PCURVE_S1.);
#11894 = LINE('',#11895,#11896);
#11895 = CARTESIAN_POINT('',(2.234050035477,4.292805679142E-03,0.625));
#11896 = VECTOR('',#11897,1.);
#11897 = DIRECTION('',(0.787503409241,-0.616310295577,0.));
#11898 = PCURVE('',#11781,#11899);
#11899 = DEFINITIONAL_REPRESENTATION('',(#11900),#11904);
#11900 = LINE('',#11901,#11902);
#11901 = CARTESIAN_POINT('',(3.839987202695E-02,-1.809285643609E-02));
#11902 = VECTOR('',#11903,1.);
#11903 = DIRECTION('',(0.787503409241,-0.616310295577));
#11904 = ( GEOMETRIC_REPRESENTATION_CONTEXT(2) 
PARAMETRIC_REPRESENTATION_CONTEXT() REPRESENTATION_CONTEXT('2D SPACE',''
  ) );
#11905 = PCURVE('',#10671,#11906);
#11906 = DEFINITIONAL_REPRESENTATION('',(#11907),#11911);
#11907 = LINE('',#11908,#11909);
#11908 = CARTESIAN_POINT('',(-8.451622662656E-03,0.100910563816));
#11909 = VECTOR('',#11910,1.);
#11910 = DIRECTION('',(1.,0.));
#11911 = ( GEOMETRIC_REPRESENTATION_CONTEXT(2) 
PARAMETRIC_REPRESENTATION_CONTEXT() REPRESENTATION_CONTEXT('2D SPACE',''
  ) );
#11912 = ORIENTED_EDGE('',*,*,#11913,.T.);
#11913 = EDGE_CURVE('',#11891,#11914,#11916,.T.);
#11914 = VERTEX_POINT('',#11915);
#11915 = CARTESIAN_POINT('',(2.274519205093,-2.991699799895E-02,0.625));
#11916 = SURFACE_CURVE('',#11917,(#11921,#11928),.PCURVE_S1.);
#11917 = LINE('',#11918,#11919);
#11918 = CARTESIAN_POINT('',(2.258639335632,-1.495109684765E-02,0.625));
#11919 = VECTOR('',#11920,1.);
#11920 = DIRECTION('',(0.727739151284,-0.685854013394,0.));
#11921 = PCURVE('',#11781,#11922);
#11922 = DEFINITIONAL_REPRESENTATION('',(#11923),#11927);
#11923 = LINE('',#11924,#11925);
#11924 = CARTESIAN_POINT('',(6.298917218259E-02,-3.733675896288E-02));
#11925 = VECTOR('',#11926,1.);
#11926 = DIRECTION('',(0.727739151284,-0.685854013394));
#11927 = ( GEOMETRIC_REPRESENTATION_CONTEXT(2) 
PARAMETRIC_REPRESENTATION_CONTEXT() REPRESENTATION_CONTEXT('2D SPACE',''
  ) );
#11928 = PCURVE('',#10643,#11929);
#11929 = DEFINITIONAL_REPRESENTATION('',(#11930),#11934);
#11930 = LINE('',#11931,#11932);
#11931 = CARTESIAN_POINT('',(-5.771571233387E-03,9.8888841813E-02));
#11932 = VECTOR('',#11933,1.);
#11933 = DIRECTION('',(1.,0.));
#11934 = ( GEOMETRIC_REPRESENTATION_CONTEXT(2) 
PARAMETRIC_REPRESENTATION_CONTEXT() REPRESENTATION_CONTEXT('2D SPACE',''
  ) );
#11935 = ORIENTED_EDGE('',*,*,#11936,.T.);
#11936 = EDGE_CURVE('',#11914,#11937,#11939,.T.);
#11937 = VERTEX_POINT('',#11938);
#11938 = CARTESIAN_POINT('',(2.284427165985,-4.170056432486E-02,0.625));
#11939 = SURFACE_CURVE('',#11940,(#11944,#11951),.PCURVE_S1.);
#11940 = LINE('',#11941,#11942);
#11941 = CARTESIAN_POINT('',(2.274519205093,-2.991699799895E-02,0.625));
#11942 = VECTOR('',#11943,1.);
#11943 = DIRECTION('',(0.643563897022,-0.765392389856,0.));
#11944 = PCURVE('',#11781,#11945);
#11945 = DEFINITIONAL_REPRESENTATION('',(#11946),#11950);
#11946 = LINE('',#11947,#11948);
#11947 = CARTESIAN_POINT('',(7.886904164364E-02,-5.230266011418E-02));
#11948 = VECTOR('',#11949,1.);
#11949 = DIRECTION('',(0.643563897022,-0.765392389856));
#11950 = ( GEOMETRIC_REPRESENTATION_CONTEXT(2) 
PARAMETRIC_REPRESENTATION_CONTEXT() REPRESENTATION_CONTEXT('2D SPACE',''
  ) );
#11951 = PCURVE('',#10615,#11952);
#11952 = DEFINITIONAL_REPRESENTATION('',(#11953),#11957);
#11953 = LINE('',#11954,#11955);
#11954 = CARTESIAN_POINT('',(4.006612460941E-03,-9.744111649618E-02));
#11955 = VECTOR('',#11956,1.);
#11956 = DIRECTION('',(-1.,0.));
#11957 = ( GEOMETRIC_REPRESENTATION_CONTEXT(2) 
PARAMETRIC_REPRESENTATION_CONTEXT() REPRESENTATION_CONTEXT('2D SPACE',''
  ) );
#11958 = ORIENTED_EDGE('',*,*,#11959,.T.);
#11959 = EDGE_CURVE('',#11937,#11960,#11962,.T.);
#11960 = VERTEX_POINT('',#11961);
#11961 = CARTESIAN_POINT('',(2.290328025818,-5.114866793156E-02,0.625));
#11962 = SURFACE_CURVE('',#11963,(#11967,#11974),.PCURVE_S1.);
#11963 = LINE('',#11964,#11965);
#11964 = CARTESIAN_POINT('',(2.284427165985,-4.170056432486E-02,0.625));
#11965 = VECTOR('',#11966,1.);
#11966 = DIRECTION('',(0.529727465851,-0.848167914934,0.));
#11967 = PCURVE('',#11781,#11968);
#11968 = DEFINITIONAL_REPRESENTATION('',(#11969),#11973);
#11969 = LINE('',#11970,#11971);
#11970 = CARTESIAN_POINT('',(8.877700253537E-02,-6.408622644008E-02));
#11971 = VECTOR('',#11972,1.);
#11972 = DIRECTION('',(0.529727465851,-0.848167914934));
#11973 = ( GEOMETRIC_REPRESENTATION_CONTEXT(2) 
PARAMETRIC_REPRESENTATION_CONTEXT() REPRESENTATION_CONTEXT('2D SPACE',''
  ) );
#11974 = PCURVE('',#10587,#11975);
#11975 = DEFINITIONAL_REPRESENTATION('',(#11976),#11980);
#11976 = LINE('',#11977,#11978);
#11977 = CARTESIAN_POINT('',(8.271917724463E-03,-9.10477952064E-02));
#11978 = VECTOR('',#11979,1.);
#11979 = DIRECTION('',(-1.,0.));
#11980 = ( GEOMETRIC_REPRESENTATION_CONTEXT(2) 
PARAMETRIC_REPRESENTATION_CONTEXT() REPRESENTATION_CONTEXT('2D SPACE',''
  ) );
#11981 = ORIENTED_EDGE('',*,*,#11982,.T.);
#11982 = EDGE_CURVE('',#11960,#11983,#11985,.T.);
#11983 = VERTEX_POINT('',#11984);
#11984 = CARTESIAN_POINT('',(2.292478322983,-5.587419494987E-02,0.625));
#11985 = SURFACE_CURVE('',#11986,(#11990,#11997),.PCURVE_S1.);
#11986 = LINE('',#11987,#11988);
#11987 = CARTESIAN_POINT('',(2.290328025818,-5.114866793156E-02,0.625));
#11988 = VECTOR('',#11989,1.);
#11989 = DIRECTION('',(0.414174904502,-0.910197312939,0.));
#11990 = PCURVE('',#11781,#11991);
#11991 = DEFINITIONAL_REPRESENTATION('',(#11992),#11996);
#11992 = LINE('',#11993,#11994);
#11993 = CARTESIAN_POINT('',(9.467786236813E-02,-7.353433004678E-02));
#11994 = VECTOR('',#11995,1.);
#11995 = DIRECTION('',(0.414174904502,-0.910197312939));
#11996 = ( GEOMETRIC_REPRESENTATION_CONTEXT(2) 
PARAMETRIC_REPRESENTATION_CONTEXT() REPRESENTATION_CONTEXT('2D SPACE',''
  ) );
#11997 = PCURVE('',#10559,#11998);
#11998 = DEFINITIONAL_REPRESENTATION('',(#11999),#12003);
#11999 = LINE('',#12000,#12001);
#12000 = CARTESIAN_POINT('',(1.31590642529E-03,-9.502997413332E-02));
#12001 = VECTOR('',#12002,1.);
#12002 = DIRECTION('',(-1.,0.));
#12003 = ( GEOMETRIC_REPRESENTATION_CONTEXT(2) 
PARAMETRIC_REPRESENTATION_CONTEXT() REPRESENTATION_CONTEXT('2D SPACE',''
  ) );
#12004 = ORIENTED_EDGE('',*,*,#12005,.T.);
#12005 = EDGE_CURVE('',#11983,#12006,#12008,.T.);
#12006 = VERTEX_POINT('',#12007);
#12007 = CARTESIAN_POINT('',(2.294293165207,-6.171001121402E-02,0.625));
#12008 = SURFACE_CURVE('',#12009,(#12013,#12020),.PCURVE_S1.);
#12009 = LINE('',#12010,#12011);
#12010 = CARTESIAN_POINT('',(2.292478322983,-5.587419494987E-02,0.625));
#12011 = VECTOR('',#12012,1.);
#12012 = DIRECTION('',(0.2969553982,-0.954891350615,0.));
#12013 = PCURVE('',#11781,#12014);
#12014 = DEFINITIONAL_REPRESENTATION('',(#12015),#12019);
#12015 = LINE('',#12016,#12017);
#12016 = CARTESIAN_POINT('',(9.682815953305E-02,-7.825985706509E-02));
#12017 = VECTOR('',#12018,1.);
#12018 = DIRECTION('',(0.2969553982,-0.954891350615));
#12019 = ( GEOMETRIC_REPRESENTATION_CONTEXT(2) 
PARAMETRIC_REPRESENTATION_CONTEXT() REPRESENTATION_CONTEXT('2D SPACE',''
  ) );
#12020 = PCURVE('',#10531,#12021);
#12021 = DEFINITIONAL_REPRESENTATION('',(#12022),#12026);
#12022 = LINE('',#12023,#12024);
#12023 = CARTESIAN_POINT('',(1.552768076544E-03,-9.525298075833E-02));
#12024 = VECTOR('',#12025,1.);
#12025 = DIRECTION('',(-1.,0.));
#12026 = ( GEOMETRIC_REPRESENTATION_CONTEXT(2) 
PARAMETRIC_REPRESENTATION_CONTEXT() REPRESENTATION_CONTEXT('2D SPACE',''
  ) );
#12027 = ORIENTED_EDGE('',*,*,#12028,.T.);
#12028 = EDGE_CURVE('',#12006,#12029,#12031,.T.);
#12029 = VERTEX_POINT('',#12030);
#12030 = CARTESIAN_POINT('',(2.295017957687,-6.662066280842E-02,0.625));
#12031 = SURFACE_CURVE('',#12032,(#12036,#12043),.PCURVE_S1.);
#12032 = LINE('',#12033,#12034);
#12033 = CARTESIAN_POINT('',(2.294293165207,-6.171001121402E-02,0.625));
#12034 = VECTOR('',#12035,1.);
#12035 = DIRECTION('',(0.146014130016,-0.989282504564,0.));
#12036 = PCURVE('',#11781,#12037);
#12037 = DEFINITIONAL_REPRESENTATION('',(#12038),#12042);
#12038 = LINE('',#12039,#12040);
#12039 = CARTESIAN_POINT('',(9.864300175717E-02,-8.409567332925E-02));
#12040 = VECTOR('',#12041,1.);
#12041 = DIRECTION('',(0.146014130016,-0.989282504564));
#12042 = ( GEOMETRIC_REPRESENTATION_CONTEXT(2) 
PARAMETRIC_REPRESENTATION_CONTEXT() REPRESENTATION_CONTEXT('2D SPACE',''
  ) );
#12043 = PCURVE('',#10503,#12044);
#12044 = DEFINITIONAL_REPRESENTATION('',(#12045),#12049);
#12045 = LINE('',#12046,#12047);
#12046 = CARTESIAN_POINT('',(1.257386584576E-03,-9.497453924134E-02));
#12047 = VECTOR('',#12048,1.);
#12048 = DIRECTION('',(-1.,0.));
#12049 = ( GEOMETRIC_REPRESENTATION_CONTEXT(2) 
PARAMETRIC_REPRESENTATION_CONTEXT() REPRESENTATION_CONTEXT('2D SPACE',''
  ) );
#12050 = ORIENTED_EDGE('',*,*,#12051,.T.);
#12051 = EDGE_CURVE('',#12029,#12052,#12054,.T.);
#12052 = VERTEX_POINT('',#12053);
#12053 = CARTESIAN_POINT('',(2.294944524765,-7.137036323547E-02,0.625));
#12054 = SURFACE_CURVE('',#12055,(#12059,#12066),.PCURVE_S1.);
#12055 = LINE('',#12056,#12057);
#12056 = CARTESIAN_POINT('',(2.295017957687,-6.662066280842E-02,0.625));
#12057 = VECTOR('',#12058,1.);
#12058 = DIRECTION('',(-1.545869024655E-02,-0.999880507309,0.));
#12059 = PCURVE('',#11781,#12060);
#12060 = DEFINITIONAL_REPRESENTATION('',(#12061),#12065);
#12061 = LINE('',#12062,#12063);
#12062 = CARTESIAN_POINT('',(9.936779423764E-02,-8.900632492365E-02));
#12063 = VECTOR('',#12064,1.);
#12064 = DIRECTION('',(-1.545869024655E-02,-0.999880507309));
#12065 = ( GEOMETRIC_REPRESENTATION_CONTEXT(2) 
PARAMETRIC_REPRESENTATION_CONTEXT() REPRESENTATION_CONTEXT('2D SPACE',''
  ) );
#12066 = PCURVE('',#10475,#12067);
#12067 = DEFINITIONAL_REPRESENTATION('',(#12068),#12072);
#12068 = LINE('',#12069,#12070);
#12069 = CARTESIAN_POINT('',(1.202607963581E-03,-9.49225260611E-02));
#12070 = VECTOR('',#12071,1.);
#12071 = DIRECTION('',(-1.,0.));
#12072 = ( GEOMETRIC_REPRESENTATION_CONTEXT(2) 
PARAMETRIC_REPRESENTATION_CONTEXT() REPRESENTATION_CONTEXT('2D SPACE',''
  ) );
#12073 = ORIENTED_EDGE('',*,*,#12074,.T.);
#12074 = EDGE_CURVE('',#12052,#12075,#12077,.T.);
#12075 = VERTEX_POINT('',#12076);
#12076 = CARTESIAN_POINT('',(2.294099569321,-7.604141533375E-02,0.625));
#12077 = SURFACE_CURVE('',#12078,(#12082,#12089),.PCURVE_S1.);
#12078 = LINE('',#12079,#12080);
#12079 = CARTESIAN_POINT('',(2.294944524765,-7.137036323547E-02,0.625));
#12080 = VECTOR('',#12081,1.);
#12081 = DIRECTION('',(-0.178003035756,-0.984029938194,0.));
#12082 = PCURVE('',#11781,#12083);
#12083 = DEFINITIONAL_REPRESENTATION('',(#12084),#12088);
#12084 = LINE('',#12085,#12086);
#12085 = CARTESIAN_POINT('',(9.929436131528E-02,-9.37560253507E-02));
#12086 = VECTOR('',#12087,1.);
#12087 = DIRECTION('',(-0.178003035756,-0.984029938194));
#12088 = ( GEOMETRIC_REPRESENTATION_CONTEXT(2) 
PARAMETRIC_REPRESENTATION_CONTEXT() REPRESENTATION_CONTEXT('2D SPACE',''
  ) );
#12089 = PCURVE('',#10447,#12090);
#12090 = DEFINITIONAL_REPRESENTATION('',(#12091),#12095);
#12091 = LINE('',#12092,#12093);
#12092 = CARTESIAN_POINT('',(1.201734314167E-03,-9.49216955567E-02));
#12093 = VECTOR('',#12094,1.);
#12094 = DIRECTION('',(-1.,0.));
#12095 = ( GEOMETRIC_REPRESENTATION_CONTEXT(2) 
PARAMETRIC_REPRESENTATION_CONTEXT() REPRESENTATION_CONTEXT('2D SPACE',''
  ) );
#12096 = ORIENTED_EDGE('',*,*,#12097,.T.);
#12097 = EDGE_CURVE('',#12075,#12098,#12100,.T.);
#12098 = VERTEX_POINT('',#12099);
#12099 = CARTESIAN_POINT('',(2.292444229126,-8.079495280981E-02,0.625));
#12100 = SURFACE_CURVE('',#12101,(#12105,#12112),.PCURVE_S1.);
#12101 = LINE('',#12102,#12103);
#12102 = CARTESIAN_POINT('',(2.294099569321,-7.604141533375E-02,0.625));
#12103 = VECTOR('',#12104,1.);
#12104 = DIRECTION('',(-0.328863688885,-0.944377400266,0.));
#12105 = PCURVE('',#11781,#12106);
#12106 = DEFINITIONAL_REPRESENTATION('',(#12107),#12111);
#12107 = LINE('',#12108,#12109);
#12108 = CARTESIAN_POINT('',(9.844940587094E-02,-9.842707744898E-02));
#12109 = VECTOR('',#12110,1.);
#12110 = DIRECTION('',(-0.328863688885,-0.944377400266));
#12111 = ( GEOMETRIC_REPRESENTATION_CONTEXT(2) 
PARAMETRIC_REPRESENTATION_CONTEXT() REPRESENTATION_CONTEXT('2D SPACE',''
  ) );
#12112 = PCURVE('',#10419,#12113);
#12113 = DEFINITIONAL_REPRESENTATION('',(#12114),#12118);
#12114 = LINE('',#12115,#12116);
#12115 = CARTESIAN_POINT('',(1.275266465978E-03,-9.499149085727E-02));
#12116 = VECTOR('',#12117,1.);
#12117 = DIRECTION('',(-1.,0.));
#12118 = ( GEOMETRIC_REPRESENTATION_CONTEXT(2) 
PARAMETRIC_REPRESENTATION_CONTEXT() REPRESENTATION_CONTEXT('2D SPACE',''
  ) );
#12119 = ORIENTED_EDGE('',*,*,#12120,.T.);
#12120 = EDGE_CURVE('',#12098,#12121,#12123,.T.);
#12121 = VERTEX_POINT('',#12122);
#12122 = CARTESIAN_POINT('',(2.289764642715,-8.590573817492E-02,0.625));
#12123 = SURFACE_CURVE('',#12124,(#12128,#12135),.PCURVE_S1.);
#12124 = LINE('',#12125,#12126);
#12125 = CARTESIAN_POINT('',(2.292444229126,-8.079495280981E-02,0.625));
#12126 = VECTOR('',#12127,1.);
#12127 = DIRECTION('',(-0.464348049788,-0.885652803676,0.));
#12128 = PCURVE('',#11781,#12129);
#12129 = DEFINITIONAL_REPRESENTATION('',(#12130),#12134);
#12130 = LINE('',#12131,#12132);
#12131 = CARTESIAN_POINT('',(9.679406567624E-02,-0.103180614925));
#12132 = VECTOR('',#12133,1.);
#12133 = DIRECTION('',(-0.464348049788,-0.885652803676));
#12134 = ( GEOMETRIC_REPRESENTATION_CONTEXT(2) 
PARAMETRIC_REPRESENTATION_CONTEXT() REPRESENTATION_CONTEXT('2D SPACE',''
  ) );
#12135 = PCURVE('',#10391,#12136);
#12136 = DEFINITIONAL_REPRESENTATION('',(#12137),#12141);
#12137 = LINE('',#12138,#12139);
#12138 = CARTESIAN_POINT('',(4.305786631314E-03,-9.232953442446E-02));
#12139 = VECTOR('',#12140,1.);
#12140 = DIRECTION('',(-1.,0.));
#12141 = ( GEOMETRIC_REPRESENTATION_CONTEXT(2) 
PARAMETRIC_REPRESENTATION_CONTEXT() REPRESENTATION_CONTEXT('2D SPACE',''
  ) );
#12142 = ORIENTED_EDGE('',*,*,#12143,.T.);
#12143 = EDGE_CURVE('',#12121,#12144,#12146,.T.);
#12144 = VERTEX_POINT('',#12145);
#12145 = CARTESIAN_POINT('',(2.288064479828,-8.847654610872E-02,0.625));
#12146 = SURFACE_CURVE('',#12147,(#12151,#12158),.PCURVE_S1.);
#12147 = LINE('',#12148,#12149);
#12148 = CARTESIAN_POINT('',(2.289764642715,-8.590573817492E-02,0.625));
#12149 = VECTOR('',#12150,1.);
#12150 = DIRECTION('',(-0.551617081397,-0.834097473627,0.));
#12151 = PCURVE('',#11781,#12152);
#12152 = DEFINITIONAL_REPRESENTATION('',(#12153),#12157);
#12153 = LINE('',#12154,#12155);
#12154 = CARTESIAN_POINT('',(9.411447926571E-02,-0.10829140029));
#12155 = VECTOR('',#12156,1.);
#12156 = DIRECTION('',(-0.551617081397,-0.834097473627));
#12157 = ( GEOMETRIC_REPRESENTATION_CONTEXT(2) 
PARAMETRIC_REPRESENTATION_CONTEXT() REPRESENTATION_CONTEXT('2D SPACE',''
  ) );
#12158 = PCURVE('',#10363,#12159);
#12159 = DEFINITIONAL_REPRESENTATION('',(#12160),#12164);
#12160 = LINE('',#12161,#12162);
#12161 = CARTESIAN_POINT('',(7.768684669371E-04,-9.451420317942E-02));
#12162 = VECTOR('',#12163,1.);
#12163 = DIRECTION('',(-1.,0.));
#12164 = ( GEOMETRIC_REPRESENTATION_CONTEXT(2) 
PARAMETRIC_REPRESENTATION_CONTEXT() REPRESENTATION_CONTEXT('2D SPACE',''
  ) );
#12165 = ORIENTED_EDGE('',*,*,#12166,.T.);
#12166 = EDGE_CURVE('',#12144,#12167,#12169,.T.);
#12167 = VERTEX_POINT('',#12168);
#12168 = CARTESIAN_POINT('',(2.281445741653,-9.630328416824E-02,0.625));
#12169 = SURFACE_CURVE('',#12170,(#12174,#12181),.PCURVE_S1.);
#12170 = LINE('',#12171,#12172);
#12171 = CARTESIAN_POINT('',(2.288064479828,-8.847654610872E-02,0.625));
#12172 = VECTOR('',#12173,1.);
#12173 = DIRECTION('',(-0.645721261817,-0.763573213279,0.));
#12174 = PCURVE('',#11781,#12175);
#12175 = DEFINITIONAL_REPRESENTATION('',(#12176),#12180);
#12176 = LINE('',#12177,#12178);
#12177 = CARTESIAN_POINT('',(9.241431637814E-02,-0.110862208224));
#12178 = VECTOR('',#12179,1.);
#12179 = DIRECTION('',(-0.645721261817,-0.763573213279));
#12180 = ( GEOMETRIC_REPRESENTATION_CONTEXT(2) 
PARAMETRIC_REPRESENTATION_CONTEXT() REPRESENTATION_CONTEXT('2D SPACE',''
  ) );
#12181 = PCURVE('',#10335,#12182);
#12182 = DEFINITIONAL_REPRESENTATION('',(#12183),#12187);
#12183 = LINE('',#12184,#12185);
#12184 = CARTESIAN_POINT('',(2.632528302391E-03,-9.624254544523E-02));
#12185 = VECTOR('',#12186,1.);
#12186 = DIRECTION('',(-1.,0.));
#12187 = ( GEOMETRIC_REPRESENTATION_CONTEXT(2) 
PARAMETRIC_REPRESENTATION_CONTEXT() REPRESENTATION_CONTEXT('2D SPACE',''
  ) );
#12188 = ORIENTED_EDGE('',*,*,#12189,.T.);
#12189 = EDGE_CURVE('',#12167,#12190,#12192,.T.);
#12190 = VERTEX_POINT('',#12191);
#12191 = CARTESIAN_POINT('',(2.268798589706,-0.107138462365,0.625));
#12192 = SURFACE_CURVE('',#12193,(#12197,#12204),.PCURVE_S1.);
#12193 = LINE('',#12194,#12195);
#12194 = CARTESIAN_POINT('',(2.281445741653,-9.630328416824E-02,0.625));
#12195 = VECTOR('',#12196,1.);
#12196 = DIRECTION('',(-0.759411984119,-0.650610050935,0.));
#12197 = PCURVE('',#11781,#12198);
#12198 = DEFINITIONAL_REPRESENTATION('',(#12199),#12203);
#12199 = LINE('',#12200,#12201);
#12200 = CARTESIAN_POINT('',(8.57955782037E-02,-0.118688946283));
#12201 = VECTOR('',#12202,1.);
#12202 = DIRECTION('',(-0.759411984119,-0.650610050935));
#12203 = ( GEOMETRIC_REPRESENTATION_CONTEXT(2) 
PARAMETRIC_REPRESENTATION_CONTEXT() REPRESENTATION_CONTEXT('2D SPACE',''
  ) );
#12204 = PCURVE('',#10307,#12205);
#12205 = DEFINITIONAL_REPRESENTATION('',(#12206),#12210);
#12206 = LINE('',#12207,#12208);
#12207 = CARTESIAN_POINT('',(-4.348006429175E-03,9.772893086673E-02));
#12208 = VECTOR('',#12209,1.);
#12209 = DIRECTION('',(1.,0.));
#12210 = ( GEOMETRIC_REPRESENTATION_CONTEXT(2) 
PARAMETRIC_REPRESENTATION_CONTEXT() REPRESENTATION_CONTEXT('2D SPACE',''
  ) );
#12211 = ORIENTED_EDGE('',*,*,#12212,.T.);
#12212 = EDGE_CURVE('',#12190,#12213,#12215,.T.);
#12213 = VERTEX_POINT('',#12214);
#12214 = CARTESIAN_POINT('',(2.240962505341,-0.124484546483,0.625));
#12215 = SURFACE_CURVE('',#12216,(#12220,#12227),.PCURVE_S1.);
#12216 = LINE('',#12217,#12218);
#12217 = CARTESIAN_POINT('',(2.268798589706,-0.107138462365,0.625));
#12218 = VECTOR('',#12219,1.);
#12219 = DIRECTION('',(-0.848702830537,-0.52887002698,0.));
#12220 = PCURVE('',#11781,#12221);
#12221 = DEFINITIONAL_REPRESENTATION('',(#12222),#12226);
#12222 = LINE('',#12223,#12224);
#12223 = CARTESIAN_POINT('',(7.314842625668E-02,-0.12952412448));
#12224 = VECTOR('',#12225,1.);
#12225 = DIRECTION('',(-0.848702830537,-0.52887002698));
#12226 = ( GEOMETRIC_REPRESENTATION_CONTEXT(2) 
PARAMETRIC_REPRESENTATION_CONTEXT() REPRESENTATION_CONTEXT('2D SPACE',''
  ) );
#12227 = PCURVE('',#10279,#12228);
#12228 = DEFINITIONAL_REPRESENTATION('',(#12229),#12233);
#12229 = LINE('',#12230,#12231);
#12230 = CARTESIAN_POINT('',(-8.911349399243E-03,0.101237844385));
#12231 = VECTOR('',#12232,1.);
#12232 = DIRECTION('',(1.,0.));
#12233 = ( GEOMETRIC_REPRESENTATION_CONTEXT(2) 
PARAMETRIC_REPRESENTATION_CONTEXT() REPRESENTATION_CONTEXT('2D SPACE',''
  ) );
#12234 = ORIENTED_EDGE('',*,*,#12235,.T.);
#12235 = EDGE_CURVE('',#12213,#12236,#12238,.T.);
#12236 = VERTEX_POINT('',#12237);
#12237 = CARTESIAN_POINT('',(2.122857809067,-0.181006252766,0.625));
#12238 = SURFACE_CURVE('',#12239,(#12243,#12250),.PCURVE_S1.);
#12239 = LINE('',#12240,#12241);
#12240 = CARTESIAN_POINT('',(2.240962505341,-0.124484546483,0.625));
#12241 = VECTOR('',#12242,1.);
#12242 = DIRECTION('',(-0.902024642127,-0.431684543383,0.));
#12243 = PCURVE('',#11781,#12244);
#12244 = DEFINITIONAL_REPRESENTATION('',(#12245),#12249);
#12245 = LINE('',#12246,#12247);
#12246 = CARTESIAN_POINT('',(4.531234189084E-02,-0.146870208598));
#12247 = VECTOR('',#12248,1.);
#12248 = DIRECTION('',(-0.902024642127,-0.431684543383));
#12249 = ( GEOMETRIC_REPRESENTATION_CONTEXT(2) 
PARAMETRIC_REPRESENTATION_CONTEXT() REPRESENTATION_CONTEXT('2D SPACE',''
  ) );
#12250 = PCURVE('',#10251,#12251);
#12251 = DEFINITIONAL_REPRESENTATION('',(#12252),#12256);
#12252 = LINE('',#12253,#12254);
#12253 = CARTESIAN_POINT('',(-4.303102749664E-02,0.116185419182));
#12254 = VECTOR('',#12255,1.);
#12255 = DIRECTION('',(1.,0.));
#12256 = ( GEOMETRIC_REPRESENTATION_CONTEXT(2) 
PARAMETRIC_REPRESENTATION_CONTEXT() REPRESENTATION_CONTEXT('2D SPACE',''
  ) );
#12257 = ORIENTED_EDGE('',*,*,#12258,.T.);
#12258 = EDGE_CURVE('',#12236,#12259,#12261,.T.);
#12259 = VERTEX_POINT('',#12260);
#12260 = CARTESIAN_POINT('',(2.102688550949,-0.192412689328,0.625));
#12261 = SURFACE_CURVE('',#12262,(#12266,#12273),.PCURVE_S1.);
#12262 = LINE('',#12263,#12264);
#12263 = CARTESIAN_POINT('',(2.122857809067,-0.181006252766,0.625));
#12264 = VECTOR('',#12265,1.);
#12265 = DIRECTION('',(-0.870444106345,-0.492267262501,0.));
#12266 = PCURVE('',#11781,#12267);
#12267 = DEFINITIONAL_REPRESENTATION('',(#12268),#12272);
#12268 = LINE('',#12269,#12270);
#12269 = CARTESIAN_POINT('',(-7.279235438297E-02,-0.203391914881));
#12270 = VECTOR('',#12271,1.);
#12271 = DIRECTION('',(-0.870444106345,-0.492267262501));
#12272 = ( GEOMETRIC_REPRESENTATION_CONTEXT(2) 
PARAMETRIC_REPRESENTATION_CONTEXT() REPRESENTATION_CONTEXT('2D SPACE',''
  ) );
#12273 = PCURVE('',#10223,#12274);
#12274 = DEFINITIONAL_REPRESENTATION('',(#12275),#12279);
#12275 = LINE('',#12276,#12277);
#12276 = CARTESIAN_POINT('',(-6.149387702461E-03,9.918622587724E-02));
#12277 = VECTOR('',#12278,1.);
#12278 = DIRECTION('',(1.,0.));
#12279 = ( GEOMETRIC_REPRESENTATION_CONTEXT(2) 
PARAMETRIC_REPRESENTATION_CONTEXT() REPRESENTATION_CONTEXT('2D SPACE',''
  ) );
#12280 = ORIENTED_EDGE('',*,*,#12281,.T.);
#12281 = EDGE_CURVE('',#12259,#12282,#12284,.T.);
#12282 = VERTEX_POINT('',#12283);
#12283 = CARTESIAN_POINT('',(2.081775188446,-0.207158535719,0.625));
#12284 = SURFACE_CURVE('',#12285,(#12289,#12296),.PCURVE_S1.);
#12285 = LINE('',#12286,#12287);
#12286 = CARTESIAN_POINT('',(2.102688550949,-0.192412689328,0.625));
#12287 = VECTOR('',#12288,1.);
#12288 = DIRECTION('',(-0.817272036099,-0.576252044691,0.));
#12289 = PCURVE('',#11781,#12290);
#12290 = DEFINITIONAL_REPRESENTATION('',(#12291),#12295);
#12291 = LINE('',#12292,#12293);
#12292 = CARTESIAN_POINT('',(-9.296161250064E-02,-0.214798351443));
#12293 = VECTOR('',#12294,1.);
#12294 = DIRECTION('',(-0.817272036099,-0.576252044691));
#12295 = ( GEOMETRIC_REPRESENTATION_CONTEXT(2) 
PARAMETRIC_REPRESENTATION_CONTEXT() REPRESENTATION_CONTEXT('2D SPACE',''
  ) );
#12296 = PCURVE('',#10195,#12297);
#12297 = DEFINITIONAL_REPRESENTATION('',(#12298),#12302);
#12298 = LINE('',#12299,#12300);
#12299 = CARTESIAN_POINT('',(-1.875739771707E-02,8.778721752688E-02));
#12300 = VECTOR('',#12301,1.);
#12301 = DIRECTION('',(1.,0.));
#12302 = ( GEOMETRIC_REPRESENTATION_CONTEXT(2) 
PARAMETRIC_REPRESENTATION_CONTEXT() REPRESENTATION_CONTEXT('2D SPACE',''
  ) );
#12303 = ORIENTED_EDGE('',*,*,#12304,.T.);
#12304 = EDGE_CURVE('',#12282,#12305,#12307,.T.);
#12305 = VERTEX_POINT('',#12306);
#12306 = CARTESIAN_POINT('',(2.072286128998,-0.216102004051,0.625));
#12307 = SURFACE_CURVE('',#12308,(#12312,#12319),.PCURVE_S1.);
#12308 = LINE('',#12309,#12310);
#12309 = CARTESIAN_POINT('',(2.081775188446,-0.207158535719,0.625));
#12310 = VECTOR('',#12311,1.);
#12311 = DIRECTION('',(-0.727717977613,-0.685876479447,0.));
#12312 = PCURVE('',#11781,#12313);
#12313 = DEFINITIONAL_REPRESENTATION('',(#12314),#12318);
#12314 = LINE('',#12315,#12316);
#12315 = CARTESIAN_POINT('',(-0.113874975004,-0.229544197834));
#12316 = VECTOR('',#12317,1.);
#12317 = DIRECTION('',(-0.727717977613,-0.685876479447));
#12318 = ( GEOMETRIC_REPRESENTATION_CONTEXT(2) 
PARAMETRIC_REPRESENTATION_CONTEXT() REPRESENTATION_CONTEXT('2D SPACE',''
  ) );
#12319 = PCURVE('',#10167,#12320);
#12320 = DEFINITIONAL_REPRESENTATION('',(#12321),#12325);
#12321 = LINE('',#12322,#12323);
#12322 = CARTESIAN_POINT('',(-9.666390098934E-03,9.060334676353E-02));
#12323 = VECTOR('',#12324,1.);
#12324 = DIRECTION('',(1.,0.));
#12325 = ( GEOMETRIC_REPRESENTATION_CONTEXT(2) 
PARAMETRIC_REPRESENTATION_CONTEXT() REPRESENTATION_CONTEXT('2D SPACE',''
  ) );
#12326 = ORIENTED_EDGE('',*,*,#12327,.T.);
#12327 = EDGE_CURVE('',#12305,#12328,#12330,.T.);
#12328 = VERTEX_POINT('',#12329);
#12329 = CARTESIAN_POINT('',(2.066264152527,-0.223624870181,0.625));
#12330 = SURFACE_CURVE('',#12331,(#12335,#12342),.PCURVE_S1.);
#12331 = LINE('',#12332,#12333);
#12332 = CARTESIAN_POINT('',(2.072286128998,-0.216102004051,0.625));
#12333 = VECTOR('',#12334,1.);
#12334 = DIRECTION('',(-0.62492810548,-0.780682306051,0.));
#12335 = PCURVE('',#11781,#12336);
#12336 = DEFINITIONAL_REPRESENTATION('',(#12337),#12341);
#12337 = LINE('',#12338,#12339);
#12338 = CARTESIAN_POINT('',(-0.123364034452,-0.238487666166));
#12339 = VECTOR('',#12340,1.);
#12340 = DIRECTION('',(-0.62492810548,-0.780682306051));
#12341 = ( GEOMETRIC_REPRESENTATION_CONTEXT(2) 
PARAMETRIC_REPRESENTATION_CONTEXT() REPRESENTATION_CONTEXT('2D SPACE',''
  ) );
#12342 = PCURVE('',#10139,#12343);
#12343 = DEFINITIONAL_REPRESENTATION('',(#12344),#12348);
#12344 = LINE('',#12345,#12346);
#12345 = CARTESIAN_POINT('',(7.165338799001E-03,-9.140279661381E-02));
#12346 = VECTOR('',#12347,1.);
#12347 = DIRECTION('',(-1.,0.));
#12348 = ( GEOMETRIC_REPRESENTATION_CONTEXT(2) 
PARAMETRIC_REPRESENTATION_CONTEXT() REPRESENTATION_CONTEXT('2D SPACE',''
  ) );
#12349 = ORIENTED_EDGE('',*,*,#12350,.T.);
#12350 = EDGE_CURVE('',#12328,#12351,#12353,.T.);
#12351 = VERTEX_POINT('',#12352);
#12352 = CARTESIAN_POINT('',(2.062497138977,-0.230161011219,0.625));
#12353 = SURFACE_CURVE('',#12354,(#12358,#12365),.PCURVE_S1.);
#12354 = LINE('',#12355,#12356);
#12355 = CARTESIAN_POINT('',(2.066264152527,-0.223624870181,0.625));
#12356 = VECTOR('',#12357,1.);
#12357 = DIRECTION('',(-0.499340795545,-0.866405661283,0.));
#12358 = PCURVE('',#11781,#12359);
#12359 = DEFINITIONAL_REPRESENTATION('',(#12360),#12364);
#12360 = LINE('',#12361,#12362);
#12361 = CARTESIAN_POINT('',(-0.129386010923,-0.246010532296));
#12362 = VECTOR('',#12363,1.);
#12363 = DIRECTION('',(-0.499340795545,-0.866405661283));
#12364 = ( GEOMETRIC_REPRESENTATION_CONTEXT(2) 
PARAMETRIC_REPRESENTATION_CONTEXT() REPRESENTATION_CONTEXT('2D SPACE',''
  ) );
#12365 = PCURVE('',#10111,#12366);
#12366 = DEFINITIONAL_REPRESENTATION('',(#12367),#12371);
#12367 = LINE('',#12368,#12369);
#12368 = CARTESIAN_POINT('',(5.620054177731E-03,-9.190193239277E-02));
#12369 = VECTOR('',#12370,1.);
#12370 = DIRECTION('',(-1.,0.));
#12371 = ( GEOMETRIC_REPRESENTATION_CONTEXT(2) 
PARAMETRIC_REPRESENTATION_CONTEXT() REPRESENTATION_CONTEXT('2D SPACE',''
  ) );
#12372 = ORIENTED_EDGE('',*,*,#12373,.T.);
#12373 = EDGE_CURVE('',#12351,#12374,#12376,.T.);
#12374 = VERTEX_POINT('',#12375);
#12375 = CARTESIAN_POINT('',(2.059981107712,-0.236835643649,0.625));
#12376 = SURFACE_CURVE('',#12377,(#12381,#12388),.PCURVE_S1.);
#12377 = LINE('',#12378,#12379);
#12378 = CARTESIAN_POINT('',(2.062497138977,-0.230161011219,0.625));
#12379 = VECTOR('',#12380,1.);
#12380 = DIRECTION('',(-0.352726146381,-0.935726597709,0.));
#12381 = PCURVE('',#11781,#12382);
#12382 = DEFINITIONAL_REPRESENTATION('',(#12383),#12387);
#12383 = LINE('',#12384,#12385);
#12384 = CARTESIAN_POINT('',(-0.133153024473,-0.252546673334));
#12385 = VECTOR('',#12386,1.);
#12386 = DIRECTION('',(-0.352726146381,-0.935726597709));
#12387 = ( GEOMETRIC_REPRESENTATION_CONTEXT(2) 
PARAMETRIC_REPRESENTATION_CONTEXT() REPRESENTATION_CONTEXT('2D SPACE',''
  ) );
#12388 = PCURVE('',#10083,#12389);
#12389 = DEFINITIONAL_REPRESENTATION('',(#12390),#12394);
#12390 = LINE('',#12391,#12392);
#12391 = CARTESIAN_POINT('',(5.315917340451E-03,-9.200063321311E-02));
#12392 = VECTOR('',#12393,1.);
#12393 = DIRECTION('',(-1.,0.));
#12394 = ( GEOMETRIC_REPRESENTATION_CONTEXT(2) 
PARAMETRIC_REPRESENTATION_CONTEXT() REPRESENTATION_CONTEXT('2D SPACE',''
  ) );
#12395 = ORIENTED_EDGE('',*,*,#12396,.T.);
#12396 = EDGE_CURVE('',#12374,#12397,#12399,.T.);
#12397 = VERTEX_POINT('',#12398);
#12398 = CARTESIAN_POINT('',(2.058654308319,-0.243636667728,0.625));
#12399 = SURFACE_CURVE('',#12400,(#12404,#12411),.PCURVE_S1.);
#12400 = LINE('',#12401,#12402);
#12401 = CARTESIAN_POINT('',(2.059981107712,-0.236835643649,0.625));
#12402 = VECTOR('',#12403,1.);
#12403 = DIRECTION('',(-0.191478426283,-0.981496822342,0.));
#12404 = PCURVE('',#11781,#12405);
#12405 = DEFINITIONAL_REPRESENTATION('',(#12406),#12410);
#12406 = LINE('',#12407,#12408);
#12407 = CARTESIAN_POINT('',(-0.135669055738,-0.259221305764));
#12408 = VECTOR('',#12409,1.);
#12409 = DIRECTION('',(-0.191478426283,-0.981496822342));
#12410 = ( GEOMETRIC_REPRESENTATION_CONTEXT(2) 
PARAMETRIC_REPRESENTATION_CONTEXT() REPRESENTATION_CONTEXT('2D SPACE',''
  ) );
#12411 = PCURVE('',#10055,#12412);
#12412 = DEFINITIONAL_REPRESENTATION('',(#12413),#12417);
#12413 = LINE('',#12414,#12415);
#12414 = CARTESIAN_POINT('',(5.164929108304E-03,-9.204968938281E-02));
#12415 = VECTOR('',#12416,1.);
#12416 = DIRECTION('',(-1.,0.));
#12417 = ( GEOMETRIC_REPRESENTATION_CONTEXT(2) 
PARAMETRIC_REPRESENTATION_CONTEXT() REPRESENTATION_CONTEXT('2D SPACE',''
  ) );
#12418 = ORIENTED_EDGE('',*,*,#12419,.T.);
#12419 = EDGE_CURVE('',#12397,#12420,#12422,.T.);
#12420 = VERTEX_POINT('',#12421);
#12421 = CARTESIAN_POINT('',(2.058456897736,-0.250510513783,0.625));
#12422 = SURFACE_CURVE('',#12423,(#12427,#12434),.PCURVE_S1.);
#12423 = LINE('',#12424,#12425);
#12424 = CARTESIAN_POINT('',(2.058654308319,-0.243636667728,0.625));
#12425 = VECTOR('',#12426,1.);
#12426 = DIRECTION('',(-2.870725086506E-02,-0.999587861945,0.));
#12427 = PCURVE('',#11781,#12428);
#12428 = DEFINITIONAL_REPRESENTATION('',(#12429),#12433);
#12429 = LINE('',#12430,#12431);
#12430 = CARTESIAN_POINT('',(-0.136995855131,-0.266022329844));
#12431 = VECTOR('',#12432,1.);
#12432 = DIRECTION('',(-2.870725086506E-02,-0.999587861945));
#12433 = ( GEOMETRIC_REPRESENTATION_CONTEXT(2) 
PARAMETRIC_REPRESENTATION_CONTEXT() REPRESENTATION_CONTEXT('2D SPACE',''
  ) );
#12434 = PCURVE('',#10027,#12435);
#12435 = DEFINITIONAL_REPRESENTATION('',(#12436),#12440);
#12436 = LINE('',#12437,#12438);
#12437 = CARTESIAN_POINT('',(1.750685275027E-03,-9.543765482281E-02));
#12438 = VECTOR('',#12439,1.);
#12439 = DIRECTION('',(-1.,0.));
#12440 = ( GEOMETRIC_REPRESENTATION_CONTEXT(2) 
PARAMETRIC_REPRESENTATION_CONTEXT() REPRESENTATION_CONTEXT('2D SPACE',''
  ) );
#12441 = ORIENTED_EDGE('',*,*,#12442,.T.);
#12442 = EDGE_CURVE('',#12420,#12443,#12445,.T.);
#12443 = VERTEX_POINT('',#12444);
#12444 = CARTESIAN_POINT('',(2.059389591217,-0.25778606534,0.625));
#12445 = SURFACE_CURVE('',#12446,(#12450,#12457),.PCURVE_S1.);
#12446 = LINE('',#12447,#12448);
#12447 = CARTESIAN_POINT('',(2.058456897736,-0.250510513783,0.625));
#12448 = VECTOR('',#12449,1.);
#12449 = DIRECTION('',(0.127154988999,-0.991882860409,0.));
#12450 = PCURVE('',#11781,#12451);
#12451 = DEFINITIONAL_REPRESENTATION('',(#12452),#12456);
#12452 = LINE('',#12453,#12454);
#12453 = CARTESIAN_POINT('',(-0.137193265714,-0.272896175898));
#12454 = VECTOR('',#12455,1.);
#12455 = DIRECTION('',(0.127154988999,-0.991882860409));
#12456 = ( GEOMETRIC_REPRESENTATION_CONTEXT(2) 
PARAMETRIC_REPRESENTATION_CONTEXT() REPRESENTATION_CONTEXT('2D SPACE',''
  ) );
#12457 = PCURVE('',#9999,#12458);
#12458 = DEFINITIONAL_REPRESENTATION('',(#12459),#12463);
#12459 = LINE('',#12460,#12461);
#12460 = CARTESIAN_POINT('',(1.869628211776E-03,-9.554791754788E-02));
#12461 = VECTOR('',#12462,1.);
#12462 = DIRECTION('',(-1.,0.));
#12463 = ( GEOMETRIC_REPRESENTATION_CONTEXT(2) 
PARAMETRIC_REPRESENTATION_CONTEXT() REPRESENTATION_CONTEXT('2D SPACE',''
  ) );
#12464 = ORIENTED_EDGE('',*,*,#12465,.T.);
#12465 = EDGE_CURVE('',#12443,#12466,#12468,.T.);
#12466 = VERTEX_POINT('',#12467);
#12467 = CARTESIAN_POINT('',(2.061672687531,-0.265820801258,0.625));
#12468 = SURFACE_CURVE('',#12469,(#12473,#12480),.PCURVE_S1.);
#12469 = LINE('',#12470,#12471);
#12470 = CARTESIAN_POINT('',(2.059389591217,-0.25778606534,0.625));
#12471 = VECTOR('',#12472,1.);
#12472 = DIRECTION('',(0.273332577162,-0.96191959241,0.));
#12473 = PCURVE('',#11781,#12474);
#12474 = DEFINITIONAL_REPRESENTATION('',(#12475),#12479);
#12475 = LINE('',#12476,#12477);
#12476 = CARTESIAN_POINT('',(-0.136260572233,-0.280171727455));
#12477 = VECTOR('',#12478,1.);
#12478 = DIRECTION('',(0.273332577162,-0.96191959241));
#12479 = ( GEOMETRIC_REPRESENTATION_CONTEXT(2) 
PARAMETRIC_REPRESENTATION_CONTEXT() REPRESENTATION_CONTEXT('2D SPACE',''
  ) );
#12480 = PCURVE('',#9971,#12481);
#12481 = DEFINITIONAL_REPRESENTATION('',(#12482),#12486);
#12482 = LINE('',#12483,#12484);
#12483 = CARTESIAN_POINT('',(2.134693577335E-03,-9.5791713672E-02));
#12484 = VECTOR('',#12485,1.);
#12485 = DIRECTION('',(-1.,0.));
#12486 = ( GEOMETRIC_REPRESENTATION_CONTEXT(2) 
PARAMETRIC_REPRESENTATION_CONTEXT() REPRESENTATION_CONTEXT('2D SPACE',''
  ) );
#12487 = ORIENTED_EDGE('',*,*,#12488,.T.);
#12488 = EDGE_CURVE('',#12466,#12489,#12491,.T.);
#12489 = VERTEX_POINT('',#12490);
#12490 = CARTESIAN_POINT('',(2.066020727158,-0.275470137596,0.625));
#12491 = SURFACE_CURVE('',#12492,(#12496,#12503),.PCURVE_S1.);
#12492 = LINE('',#12493,#12494);
#12493 = CARTESIAN_POINT('',(2.061672687531,-0.265820801258,0.625));
#12494 = VECTOR('',#12495,1.);
#12495 = DIRECTION('',(0.410823359582,-0.911714959415,0.));
#12496 = PCURVE('',#11781,#12497);
#12497 = DEFINITIONAL_REPRESENTATION('',(#12498),#12502);
#12498 = LINE('',#12499,#12500);
#12499 = CARTESIAN_POINT('',(-0.133977475919,-0.288206463373));
#12500 = VECTOR('',#12501,1.);
#12501 = DIRECTION('',(0.410823359582,-0.911714959415));
#12502 = ( GEOMETRIC_REPRESENTATION_CONTEXT(2) 
PARAMETRIC_REPRESENTATION_CONTEXT() REPRESENTATION_CONTEXT('2D SPACE',''
  ) );
#12503 = PCURVE('',#9943,#12504);
#12504 = DEFINITIONAL_REPRESENTATION('',(#12505),#12509);
#12505 = LINE('',#12506,#12507);
#12506 = CARTESIAN_POINT('',(2.720547504641E-03,-9.632131276287E-02));
#12507 = VECTOR('',#12508,1.);
#12508 = DIRECTION('',(-1.,0.));
#12509 = ( GEOMETRIC_REPRESENTATION_CONTEXT(2) 
PARAMETRIC_REPRESENTATION_CONTEXT() REPRESENTATION_CONTEXT('2D SPACE',''
  ) );
#12510 = ORIENTED_EDGE('',*,*,#12511,.T.);
#12511 = EDGE_CURVE('',#12489,#12512,#12514,.T.);
#12512 = VERTEX_POINT('',#12513);
#12513 = CARTESIAN_POINT('',(2.07492852211,-0.289104104042,0.625));
#12514 = SURFACE_CURVE('',#12515,(#12519,#12526),.PCURVE_S1.);
#12515 = LINE('',#12516,#12517);
#12516 = CARTESIAN_POINT('',(2.066020727158,-0.275470137596,0.625));
#12517 = VECTOR('',#12518,1.);
#12518 = DIRECTION('',(0.546960212001,-0.837158602947,0.));
#12519 = PCURVE('',#11781,#12520);
#12520 = DEFINITIONAL_REPRESENTATION('',(#12521),#12525);
#12521 = LINE('',#12522,#12523);
#12522 = CARTESIAN_POINT('',(-0.129629436292,-0.297855799711));
#12523 = VECTOR('',#12524,1.);
#12524 = DIRECTION('',(0.546960212001,-0.837158602947));
#12525 = ( GEOMETRIC_REPRESENTATION_CONTEXT(2) 
PARAMETRIC_REPRESENTATION_CONTEXT() REPRESENTATION_CONTEXT('2D SPACE',''
  ) );
#12526 = PCURVE('',#9915,#12527);
#12527 = DEFINITIONAL_REPRESENTATION('',(#12528),#12532);
#12528 = LINE('',#12529,#12530);
#12529 = CARTESIAN_POINT('',(1.203801097481E-02,-8.985498988425E-02));
#12530 = VECTOR('',#12531,1.);
#12531 = DIRECTION('',(-1.,0.));
#12532 = ( GEOMETRIC_REPRESENTATION_CONTEXT(2) 
PARAMETRIC_REPRESENTATION_CONTEXT() REPRESENTATION_CONTEXT('2D SPACE',''
  ) );
#12533 = ORIENTED_EDGE('',*,*,#12534,.T.);
#12534 = EDGE_CURVE('',#12512,#12535,#12537,.T.);
#12535 = VERTEX_POINT('',#12536);
#12536 = CARTESIAN_POINT('',(2.091598033905,-0.307357996702,0.625));
#12537 = SURFACE_CURVE('',#12538,(#12542,#12549),.PCURVE_S1.);
#12538 = LINE('',#12539,#12540);
#12539 = CARTESIAN_POINT('',(2.07492852211,-0.289104104042,0.625));
#12540 = VECTOR('',#12541,1.);
#12541 = DIRECTION('',(0.674333652087,-0.738426790998,0.));
#12542 = PCURVE('',#11781,#12543);
#12543 = DEFINITIONAL_REPRESENTATION('',(#12544),#12548);
#12544 = LINE('',#12545,#12546);
#12545 = CARTESIAN_POINT('',(-0.12072164134,-0.311489766157));
#12546 = VECTOR('',#12547,1.);
#12547 = DIRECTION('',(0.674333652087,-0.738426790998));
#12548 = ( GEOMETRIC_REPRESENTATION_CONTEXT(2) 
PARAMETRIC_REPRESENTATION_CONTEXT() REPRESENTATION_CONTEXT('2D SPACE',''
  ) );
#12549 = PCURVE('',#9887,#12550);
#12550 = DEFINITIONAL_REPRESENTATION('',(#12551),#12555);
#12551 = LINE('',#12552,#12553);
#12552 = CARTESIAN_POINT('',(1.813435234223E-02,-8.797563573152E-02));
#12553 = VECTOR('',#12554,1.);
#12554 = DIRECTION('',(-1.,0.));
#12555 = ( GEOMETRIC_REPRESENTATION_CONTEXT(2) 
PARAMETRIC_REPRESENTATION_CONTEXT() REPRESENTATION_CONTEXT('2D SPACE',''
  ) );
#12556 = ORIENTED_EDGE('',*,*,#12557,.T.);
#12557 = EDGE_CURVE('',#12535,#12558,#12560,.T.);
#12558 = VERTEX_POINT('',#12559);
#12559 = CARTESIAN_POINT('',(2.09658074379,-0.311912834644,0.625));
#12560 = SURFACE_CURVE('',#12561,(#12565,#12572),.PCURVE_S1.);
#12561 = LINE('',#12562,#12563);
#12562 = CARTESIAN_POINT('',(2.091598033905,-0.307357996702,0.625));
#12563 = VECTOR('',#12564,1.);
#12564 = DIRECTION('',(0.738086534818,-0.674706059793,0.));
#12565 = PCURVE('',#11781,#12566);
#12566 = DEFINITIONAL_REPRESENTATION('',(#12567),#12571);
#12567 = LINE('',#12568,#12569);
#12568 = CARTESIAN_POINT('',(-0.104052129545,-0.329743658817));
#12569 = VECTOR('',#12570,1.);
#12570 = DIRECTION('',(0.738086534818,-0.674706059793));
#12571 = ( GEOMETRIC_REPRESENTATION_CONTEXT(2) 
PARAMETRIC_REPRESENTATION_CONTEXT() REPRESENTATION_CONTEXT('2D SPACE',''
  ) );
#12572 = PCURVE('',#9859,#12573);
#12573 = DEFINITIONAL_REPRESENTATION('',(#12574),#12578);
#12574 = LINE('',#12575,#12576);
#12575 = CARTESIAN_POINT('',(-5.032763084348E-03,9.209266083249E-02));
#12576 = VECTOR('',#12577,1.);
#12577 = DIRECTION('',(1.,0.));
#12578 = ( GEOMETRIC_REPRESENTATION_CONTEXT(2) 
PARAMETRIC_REPRESENTATION_CONTEXT() REPRESENTATION_CONTEXT('2D SPACE',''
  ) );
#12579 = ORIENTED_EDGE('',*,*,#12580,.T.);
#12580 = EDGE_CURVE('',#12558,#12581,#12583,.T.);
#12581 = VERTEX_POINT('',#12582);
#12582 = CARTESIAN_POINT('',(2.133053541183,-0.338919997215,0.625));
#12583 = SURFACE_CURVE('',#12584,(#12588,#12595),.PCURVE_S1.);
#12584 = LINE('',#12585,#12586);
#12585 = CARTESIAN_POINT('',(2.09658074379,-0.311912834644,0.625));
#12586 = VECTOR('',#12587,1.);
#12587 = DIRECTION('',(0.803659667582,-0.595089185503,0.));
#12588 = PCURVE('',#11781,#12589);
#12589 = DEFINITIONAL_REPRESENTATION('',(#12590),#12594);
#12590 = LINE('',#12591,#12592);
#12591 = CARTESIAN_POINT('',(-9.906941966007E-02,-0.33429849676));
#12592 = VECTOR('',#12593,1.);
#12593 = DIRECTION('',(0.803659667582,-0.595089185503));
#12594 = ( GEOMETRIC_REPRESENTATION_CONTEXT(2) 
PARAMETRIC_REPRESENTATION_CONTEXT() REPRESENTATION_CONTEXT('2D SPACE',''
  ) );
#12595 = PCURVE('',#9831,#12596);
#12596 = DEFINITIONAL_REPRESENTATION('',(#12597),#12601);
#12597 = LINE('',#12598,#12599);
#12598 = CARTESIAN_POINT('',(-3.268398138994E-02,8.375771191324E-02));
#12599 = VECTOR('',#12600,1.);
#12600 = DIRECTION('',(1.,0.));
#12601 = ( GEOMETRIC_REPRESENTATION_CONTEXT(2) 
PARAMETRIC_REPRESENTATION_CONTEXT() REPRESENTATION_CONTEXT('2D SPACE',''
  ) );
#12602 = ORIENTED_EDGE('',*,*,#12603,.T.);
#12603 = EDGE_CURVE('',#12581,#12604,#12606,.T.);
#12604 = VERTEX_POINT('',#12605);
#12605 = CARTESIAN_POINT('',(2.195381402969,-0.371254503727,0.625));
#12606 = SURFACE_CURVE('',#12607,(#12611,#12618),.PCURVE_S1.);
#12607 = LINE('',#12608,#12609);
#12608 = CARTESIAN_POINT('',(2.133053541183,-0.338919997215,0.625));
#12609 = VECTOR('',#12610,1.);
#12610 = DIRECTION('',(0.887659322738,-0.460500734805,0.));
#12611 = PCURVE('',#11781,#12612);
#12612 = DEFINITIONAL_REPRESENTATION('',(#12613),#12617);
#12613 = LINE('',#12614,#12615);
#12614 = CARTESIAN_POINT('',(-6.259662226627E-02,-0.36130565933));
#12615 = VECTOR('',#12616,1.);
#12616 = DIRECTION('',(0.887659322738,-0.460500734805));
#12617 = ( GEOMETRIC_REPRESENTATION_CONTEXT(2) 
PARAMETRIC_REPRESENTATION_CONTEXT() REPRESENTATION_CONTEXT('2D SPACE',''
  ) );
#12618 = PCURVE('',#9803,#12619);
#12619 = DEFINITIONAL_REPRESENTATION('',(#12620),#12624);
#12620 = LINE('',#12621,#12622);
#12621 = CARTESIAN_POINT('',(-2.073304659552E-02,0.108124939199));
#12622 = VECTOR('',#12623,1.);
#12623 = DIRECTION('',(1.,0.));
#12624 = ( GEOMETRIC_REPRESENTATION_CONTEXT(2) 
PARAMETRIC_REPRESENTATION_CONTEXT() REPRESENTATION_CONTEXT('2D SPACE',''
  ) );
#12625 = ORIENTED_EDGE('',*,*,#12626,.T.);
#12626 = EDGE_CURVE('',#12604,#12627,#12629,.T.);
#12627 = VERTEX_POINT('',#12628);
#12628 = CARTESIAN_POINT('',(2.23301243782,-0.385519295931,0.625));
#12629 = SURFACE_CURVE('',#12630,(#12634,#12641),.PCURVE_S1.);
#12630 = LINE('',#12631,#12632);
#12631 = CARTESIAN_POINT('',(2.195381402969,-0.371254503727,0.625));
#12632 = VECTOR('',#12633,1.);
#12633 = DIRECTION('',(0.935072063957,-0.35445766349,0.));
#12634 = PCURVE('',#11781,#12635);
#12635 = DEFINITIONAL_REPRESENTATION('',(#12636),#12640);
#12636 = LINE('',#12637,#12638);
#12637 = CARTESIAN_POINT('',(-2.687604803788E-04,-0.393640165842));
#12638 = VECTOR('',#12639,1.);
#12639 = DIRECTION('',(0.935072063957,-0.35445766349));
#12640 = ( GEOMETRIC_REPRESENTATION_CONTEXT(2) 
PARAMETRIC_REPRESENTATION_CONTEXT() REPRESENTATION_CONTEXT('2D SPACE',''
  ) );
#12641 = PCURVE('',#9775,#12642);
#12642 = DEFINITIONAL_REPRESENTATION('',(#12643),#12647);
#12643 = LINE('',#12644,#12645);
#12644 = CARTESIAN_POINT('',(-2.911543306373E-02,8.475656410718E-02));
#12645 = VECTOR('',#12646,1.);
#12646 = DIRECTION('',(1.,0.));
#12647 = ( GEOMETRIC_REPRESENTATION_CONTEXT(2) 
PARAMETRIC_REPRESENTATION_CONTEXT() REPRESENTATION_CONTEXT('2D SPACE',''
  ) );
#12648 = ORIENTED_EDGE('',*,*,#12649,.T.);
#12649 = EDGE_CURVE('',#12627,#12650,#12652,.T.);
#12650 = VERTEX_POINT('',#12651);
#12651 = CARTESIAN_POINT('',(2.305689096451,-0.403758734465,0.625));
#12652 = SURFACE_CURVE('',#12653,(#12657,#12664),.PCURVE_S1.);
#12653 = LINE('',#12654,#12655);
#12654 = CARTESIAN_POINT('',(2.23301243782,-0.385519295931,0.625));
#12655 = VECTOR('',#12656,1.);
#12656 = DIRECTION('',(0.969921426918,-0.243418211325,0.));
#12657 = PCURVE('',#11781,#12658);
#12658 = DEFINITIONAL_REPRESENTATION('',(#12659),#12663);
#12659 = LINE('',#12660,#12661);
#12660 = CARTESIAN_POINT('',(3.73622743707E-02,-0.407904958046));
#12661 = VECTOR('',#12662,1.);
#12662 = DIRECTION('',(0.969921426918,-0.243418211325));
#12663 = ( GEOMETRIC_REPRESENTATION_CONTEXT(2) 
PARAMETRIC_REPRESENTATION_CONTEXT() REPRESENTATION_CONTEXT('2D SPACE',''
  ) );
#12664 = PCURVE('',#9747,#12665);
#12665 = DEFINITIONAL_REPRESENTATION('',(#12666),#12670);
#12666 = LINE('',#12667,#12668);
#12667 = CARTESIAN_POINT('',(-5.259337894371E-02,7.862185102924E-02));
#12668 = VECTOR('',#12669,1.);
#12669 = DIRECTION('',(1.,0.));
#12670 = ( GEOMETRIC_REPRESENTATION_CONTEXT(2) 
PARAMETRIC_REPRESENTATION_CONTEXT() REPRESENTATION_CONTEXT('2D SPACE',''
  ) );
#12671 = ORIENTED_EDGE('',*,*,#12672,.T.);
#12672 = EDGE_CURVE('',#12650,#12673,#12675,.T.);
#12673 = VERTEX_POINT('',#12674);
#12674 = CARTESIAN_POINT('',(2.382823467255,-0.410185605288,0.625));
#12675 = SURFACE_CURVE('',#12676,(#12680,#12687),.PCURVE_S1.);
#12676 = LINE('',#12677,#12678);
#12677 = CARTESIAN_POINT('',(2.305689096451,-0.403758734465,0.625));
#12678 = VECTOR('',#12679,1.);
#12679 = DIRECTION('',(0.996546820328,-8.303273387055E-02,0.));
#12680 = PCURVE('',#11781,#12681);
#12681 = DEFINITIONAL_REPRESENTATION('',(#12682),#12686);
#12682 = LINE('',#12683,#12684);
#12683 = CARTESIAN_POINT('',(0.110038933001,-0.42614439658));
#12684 = VECTOR('',#12685,1.);
#12685 = DIRECTION('',(0.996546820328,-8.303273387055E-02));
#12686 = ( GEOMETRIC_REPRESENTATION_CONTEXT(2) 
PARAMETRIC_REPRESENTATION_CONTEXT() REPRESENTATION_CONTEXT('2D SPACE',''
  ) );
#12687 = PCURVE('',#9719,#12688);
#12688 = DEFINITIONAL_REPRESENTATION('',(#12689),#12693);
#12689 = LINE('',#12690,#12691);
#12690 = CARTESIAN_POINT('',(-5.42142673632E-02,7.823655894541E-02));
#12691 = VECTOR('',#12692,1.);
#12692 = DIRECTION('',(1.,0.));
#12693 = ( GEOMETRIC_REPRESENTATION_CONTEXT(2) 
PARAMETRIC_REPRESENTATION_CONTEXT() REPRESENTATION_CONTEXT('2D SPACE',''
  ) );
#12694 = ORIENTED_EDGE('',*,*,#12695,.T.);
#12695 = EDGE_CURVE('',#12673,#12696,#12698,.T.);
#12696 = VERTEX_POINT('',#12697);
#12697 = CARTESIAN_POINT('',(2.460183143616,-0.404318481684,0.625));
#12698 = SURFACE_CURVE('',#12699,(#12703,#12710),.PCURVE_S1.);
#12699 = LINE('',#12700,#12701);
#12700 = CARTESIAN_POINT('',(2.382823467255,-0.410185605288,0.625));
#12701 = VECTOR('',#12702,1.);
#12702 = DIRECTION('',(0.997136332727,7.562495590935E-02,0.));
#12703 = PCURVE('',#11781,#12704);
#12704 = DEFINITIONAL_REPRESENTATION('',(#12705),#12709);
#12705 = LINE('',#12706,#12707);
#12706 = CARTESIAN_POINT('',(0.187173303805,-0.432571267403));
#12707 = VECTOR('',#12708,1.);
#12708 = DIRECTION('',(0.997136332727,7.562495590935E-02));
#12709 = ( GEOMETRIC_REPRESENTATION_CONTEXT(2) 
PARAMETRIC_REPRESENTATION_CONTEXT() REPRESENTATION_CONTEXT('2D SPACE',''
  ) );
#12710 = PCURVE('',#9691,#12711);
#12711 = DEFINITIONAL_REPRESENTATION('',(#12712),#12716);
#12712 = LINE('',#12713,#12714);
#12713 = CARTESIAN_POINT('',(-2.32496396427E-02,0.109291282833));
#12714 = VECTOR('',#12715,1.);
#12715 = DIRECTION('',(1.,0.));
#12716 = ( GEOMETRIC_REPRESENTATION_CONTEXT(2) 
PARAMETRIC_REPRESENTATION_CONTEXT() REPRESENTATION_CONTEXT('2D SPACE',''
  ) );
#12717 = ORIENTED_EDGE('',*,*,#12718,.T.);
#12718 = EDGE_CURVE('',#12696,#12719,#12721,.T.);
#12719 = VERTEX_POINT('',#12720);
#12720 = CARTESIAN_POINT('',(2.5,-0.396791279316,0.625));
#12721 = SURFACE_CURVE('',#12722,(#12726,#12733),.PCURVE_S1.);
#12722 = LINE('',#12723,#12724);
#12723 = CARTESIAN_POINT('',(2.460183143616,-0.404318481684,0.625));
#12724 = VECTOR('',#12725,1.);
#12725 = DIRECTION('',(0.982596002718,0.185755472176,0.));
#12726 = PCURVE('',#11781,#12727);
#12727 = DEFINITIONAL_REPRESENTATION('',(#12728),#12732);
#12728 = LINE('',#12729,#12730);
#12729 = CARTESIAN_POINT('',(0.264532980166,-0.426704143799));
#12730 = VECTOR('',#12731,1.);
#12731 = DIRECTION('',(0.982596002718,0.185755472176));
#12732 = ( GEOMETRIC_REPRESENTATION_CONTEXT(2) 
PARAMETRIC_REPRESENTATION_CONTEXT() REPRESENTATION_CONTEXT('2D SPACE',''
  ) );
#12733 = PCURVE('',#9663,#12734);
#12734 = DEFINITIONAL_REPRESENTATION('',(#12735),#12739);
#12735 = LINE('',#12736,#12737);
#12736 = CARTESIAN_POINT('',(-2.930937570477E-02,8.470167577221E-02));
#12737 = VECTOR('',#12738,1.);
#12738 = DIRECTION('',(1.,0.));
#12739 = ( GEOMETRIC_REPRESENTATION_CONTEXT(2) 
PARAMETRIC_REPRESENTATION_CONTEXT() REPRESENTATION_CONTEXT('2D SPACE',''
  ) );
#12740 = ORIENTED_EDGE('',*,*,#12741,.F.);
#12741 = EDGE_CURVE('',#12742,#12719,#12744,.T.);
#12742 = VERTEX_POINT('',#12743);
#12743 = CARTESIAN_POINT('',(2.5,0.437550336123,0.625));
#12744 = SURFACE_CURVE('',#12745,(#12749,#12755),.PCURVE_S1.);
#12745 = LINE('',#12746,#12747);
#12746 = CARTESIAN_POINT('',(2.5,0.437550336123,0.625));
#12747 = VECTOR('',#12748,1.);
#12748 = DIRECTION('',(0.,-1.,0.));
#12749 = PCURVE('',#11781,#12750);
#12750 = DEFINITIONAL_REPRESENTATION('',(#12751),#12754);
#12751 = B_SPLINE_CURVE_WITH_KNOTS('',1,(#12752,#12753),.UNSPECIFIED.,
  .F.,.F.,(2,2),(0.,0.834341615438),.PIECEWISE_BEZIER_KNOTS.);
#12752 = CARTESIAN_POINT('',(0.30434983655,0.415164674007));
#12753 = CARTESIAN_POINT('',(0.30434983655,-0.419176941431));
#12754 = ( GEOMETRIC_REPRESENTATION_CONTEXT(2) 
PARAMETRIC_REPRESENTATION_CONTEXT() REPRESENTATION_CONTEXT('2D SPACE',''
  ) );
#12755 = PCURVE('',#6046,#12756);
#12756 = DEFINITIONAL_REPRESENTATION('',(#12757),#12761);
#12757 = LINE('',#12758,#12759);
#12758 = CARTESIAN_POINT('',(-0.196428571429,-0.469674042293));
#12759 = VECTOR('',#12760,1.);
#12760 = DIRECTION('',(0.,1.));
#12761 = ( GEOMETRIC_REPRESENTATION_CONTEXT(2) 
PARAMETRIC_REPRESENTATION_CONTEXT() REPRESENTATION_CONTEXT('2D SPACE',''
  ) );
#12762 = ORIENTED_EDGE('',*,*,#12763,.T.);
#12763 = EDGE_CURVE('',#12742,#11721,#12764,.T.);
#12764 = SURFACE_CURVE('',#12765,(#12769,#12776),.PCURVE_S1.);
#12765 = LINE('',#12766,#12767);
#12766 = CARTESIAN_POINT('',(2.5,0.437550336123,0.625));
#12767 = VECTOR('',#12768,1.);
#12768 = DIRECTION('',(-0.97935880575,0.202129487213,0.));
#12769 = PCURVE('',#11781,#12770);
#12770 = DEFINITIONAL_REPRESENTATION('',(#12771),#12775);
#12771 = LINE('',#12772,#12773);
#12772 = CARTESIAN_POINT('',(0.30434983655,0.415164674007));
#12773 = VECTOR('',#12774,1.);
#12774 = DIRECTION('',(-0.97935880575,0.202129487213));
#12775 = ( GEOMETRIC_REPRESENTATION_CONTEXT(2) 
PARAMETRIC_REPRESENTATION_CONTEXT() REPRESENTATION_CONTEXT('2D SPACE',''
  ) );
#12776 = PCURVE('',#9132,#12777);
#12777 = DEFINITIONAL_REPRESENTATION('',(#12778),#12782);
#12778 = LINE('',#12779,#12780);
#12779 = CARTESIAN_POINT('',(-2.550875550858E-02,0.110269216308));
#12780 = VECTOR('',#12781,1.);
#12781 = DIRECTION('',(1.,0.));
#12782 = ( GEOMETRIC_REPRESENTATION_CONTEXT(2) 
PARAMETRIC_REPRESENTATION_CONTEXT() REPRESENTATION_CONTEXT('2D SPACE',''
  ) );
#12783 = ORIENTED_EDGE('',*,*,#11767,.T.);
#12784 = ORIENTED_EDGE('',*,*,#12785,.T.);
#12785 = EDGE_CURVE('',#11745,#12786,#12788,.T.);
#12786 = VERTEX_POINT('',#12787);
#12787 = CARTESIAN_POINT('',(2.362331390381,0.454291343689,0.625));
#12788 = SURFACE_CURVE('',#12789,(#12793,#12800),.PCURVE_S1.);
#12789 = LINE('',#12790,#12791);
#12790 = CARTESIAN_POINT('',(2.382650852203,0.456309080124,0.625));
#12791 = VECTOR('',#12792,1.);
#12792 = DIRECTION('',(-0.995105852113,-9.881469066284E-02,0.));
#12793 = PCURVE('',#11781,#12794);
#12794 = DEFINITIONAL_REPRESENTATION('',(#12795),#12799);
#12795 = LINE('',#12796,#12797);
#12796 = CARTESIAN_POINT('',(0.187000688754,0.433923418009));
#12797 = VECTOR('',#12798,1.);
#12798 = DIRECTION('',(-0.995105852113,-9.881469066284E-02));
#12799 = ( GEOMETRIC_REPRESENTATION_CONTEXT(2) 
PARAMETRIC_REPRESENTATION_CONTEXT() REPRESENTATION_CONTEXT('2D SPACE',''
  ) );
#12800 = PCURVE('',#11679,#12801);
#12801 = DEFINITIONAL_REPRESENTATION('',(#12802),#12806);
#12802 = LINE('',#12803,#12804);
#12803 = CARTESIAN_POINT('',(-5.381997881973E-03,9.857770080454E-02));
#12804 = VECTOR('',#12805,1.);
#12805 = DIRECTION('',(1.,0.));
#12806 = ( GEOMETRIC_REPRESENTATION_CONTEXT(2) 
PARAMETRIC_REPRESENTATION_CONTEXT() REPRESENTATION_CONTEXT('2D SPACE',''
  ) );
#12807 = ORIENTED_EDGE('',*,*,#12808,.T.);
#12808 = EDGE_CURVE('',#12786,#12809,#12811,.T.);
#12809 = VERTEX_POINT('',#12810);
#12810 = CARTESIAN_POINT('',(2.347107410431,0.450449645519,0.625));
#12811 = SURFACE_CURVE('',#12812,(#12816,#12823),.PCURVE_S1.);
#12812 = LINE('',#12813,#12814);
#12813 = CARTESIAN_POINT('',(2.362331390381,0.454291343689,0.625));
#12814 = VECTOR('',#12815,1.);
#12815 = DIRECTION('',(-0.969605101465,-0.244675187164,0.));
#12816 = PCURVE('',#11781,#12817);
#12817 = DEFINITIONAL_REPRESENTATION('',(#12818),#12822);
#12818 = LINE('',#12819,#12820);
#12819 = CARTESIAN_POINT('',(0.166681226931,0.431905681574));
#12820 = VECTOR('',#12821,1.);
#12821 = DIRECTION('',(-0.969605101465,-0.244675187164));
#12822 = ( GEOMETRIC_REPRESENTATION_CONTEXT(2) 
PARAMETRIC_REPRESENTATION_CONTEXT() REPRESENTATION_CONTEXT('2D SPACE',''
  ) );
#12823 = PCURVE('',#11651,#12824);
#12824 = DEFINITIONAL_REPRESENTATION('',(#12825),#12829);
#12825 = LINE('',#12826,#12827);
#12826 = CARTESIAN_POINT('',(-4.089369232719E-03,9.751123918867E-02));
#12827 = VECTOR('',#12828,1.);
#12828 = DIRECTION('',(1.,0.));
#12829 = ( GEOMETRIC_REPRESENTATION_CONTEXT(2) 
PARAMETRIC_REPRESENTATION_CONTEXT() REPRESENTATION_CONTEXT('2D SPACE',''
  ) );
#12830 = ORIENTED_EDGE('',*,*,#12831,.T.);
#12831 = EDGE_CURVE('',#12809,#12832,#12834,.T.);
#12832 = VERTEX_POINT('',#12833);
#12833 = CARTESIAN_POINT('',(2.334152936935,0.444837212563,0.625));
#12834 = SURFACE_CURVE('',#12835,(#12839,#12846),.PCURVE_S1.);
#12835 = LINE('',#12836,#12837);
#12836 = CARTESIAN_POINT('',(2.347107410431,0.450449645519,0.625));
#12837 = VECTOR('',#12838,1.);
#12838 = DIRECTION('',(-0.917585914423,-0.397537532382,0.));
#12839 = PCURVE('',#11781,#12840);
#12840 = DEFINITIONAL_REPRESENTATION('',(#12841),#12845);
#12841 = LINE('',#12842,#12843);
#12842 = CARTESIAN_POINT('',(0.151457246981,0.428063983404));
#12843 = VECTOR('',#12844,1.);
#12844 = DIRECTION('',(-0.917585914423,-0.397537532382));
#12845 = ( GEOMETRIC_REPRESENTATION_CONTEXT(2) 
PARAMETRIC_REPRESENTATION_CONTEXT() REPRESENTATION_CONTEXT('2D SPACE',''
  ) );
#12846 = PCURVE('',#11623,#12847);
#12847 = DEFINITIONAL_REPRESENTATION('',(#12848),#12852);
#12848 = LINE('',#12849,#12850);
#12849 = CARTESIAN_POINT('',(-3.662189507794E-03,9.714680807045E-02));
#12850 = VECTOR('',#12851,1.);
#12851 = DIRECTION('',(1.,0.));
#12852 = ( GEOMETRIC_REPRESENTATION_CONTEXT(2) 
PARAMETRIC_REPRESENTATION_CONTEXT() REPRESENTATION_CONTEXT('2D SPACE',''
  ) );
#12853 = ORIENTED_EDGE('',*,*,#12854,.T.);
#12854 = EDGE_CURVE('',#12832,#12855,#12857,.T.);
#12855 = VERTEX_POINT('',#12856);
#12856 = CARTESIAN_POINT('',(2.324501037598,0.438598781824,0.625));
#12857 = SURFACE_CURVE('',#12858,(#12862,#12869),.PCURVE_S1.);
#12858 = LINE('',#12859,#12860);
#12859 = CARTESIAN_POINT('',(2.334152936935,0.444837212563,0.625));
#12860 = VECTOR('',#12861,1.);
#12861 = DIRECTION('',(-0.839844518209,-0.542827030677,0.));
#12862 = PCURVE('',#11781,#12863);
#12863 = DEFINITIONAL_REPRESENTATION('',(#12864),#12868);
#12864 = LINE('',#12865,#12866);
#12865 = CARTESIAN_POINT('',(0.138502773486,0.422451550447));
#12866 = VECTOR('',#12867,1.);
#12867 = DIRECTION('',(-0.839844518209,-0.542827030677));
#12868 = ( GEOMETRIC_REPRESENTATION_CONTEXT(2) 
PARAMETRIC_REPRESENTATION_CONTEXT() REPRESENTATION_CONTEXT('2D SPACE',''
  ) );
#12869 = PCURVE('',#11595,#12870);
#12870 = DEFINITIONAL_REPRESENTATION('',(#12871),#12875);
#12871 = LINE('',#12872,#12873);
#12872 = CARTESIAN_POINT('',(-2.961089804038E-03,9.653515198745E-02));
#12873 = VECTOR('',#12874,1.);
#12874 = DIRECTION('',(1.,0.));
#12875 = ( GEOMETRIC_REPRESENTATION_CONTEXT(2) 
PARAMETRIC_REPRESENTATION_CONTEXT() REPRESENTATION_CONTEXT('2D SPACE',''
  ) );
#12876 = ORIENTED_EDGE('',*,*,#12877,.T.);
#12877 = EDGE_CURVE('',#12855,#12878,#12880,.T.);
#12878 = VERTEX_POINT('',#12879);
#12879 = CARTESIAN_POINT('',(2.315419197083,0.430322647095,0.625));
#12880 = SURFACE_CURVE('',#12881,(#12885,#12892),.PCURVE_S1.);
#12881 = LINE('',#12882,#12883);
#12882 = CARTESIAN_POINT('',(2.324501037598,0.438598781824,0.625));
#12883 = VECTOR('',#12884,1.);
#12884 = DIRECTION('',(-0.739132765448,-0.673559763526,0.));
#12885 = PCURVE('',#11781,#12886);
#12886 = DEFINITIONAL_REPRESENTATION('',(#12887),#12891);
#12887 = LINE('',#12888,#12889);
#12888 = CARTESIAN_POINT('',(0.128850874148,0.416213119709));
#12889 = VECTOR('',#12890,1.);
#12890 = DIRECTION('',(-0.739132765448,-0.673559763526));
#12891 = ( GEOMETRIC_REPRESENTATION_CONTEXT(2) 
PARAMETRIC_REPRESENTATION_CONTEXT() REPRESENTATION_CONTEXT('2D SPACE',''
  ) );
#12892 = PCURVE('',#11567,#12893);
#12893 = DEFINITIONAL_REPRESENTATION('',(#12894),#12898);
#12894 = LINE('',#12895,#12896);
#12895 = CARTESIAN_POINT('',(-3.172330975092E-03,9.672124764818E-02));
#12896 = VECTOR('',#12897,1.);
#12897 = DIRECTION('',(1.,0.));
#12898 = ( GEOMETRIC_REPRESENTATION_CONTEXT(2) 
PARAMETRIC_REPRESENTATION_CONTEXT() REPRESENTATION_CONTEXT('2D SPACE',''
  ) );
#12899 = ORIENTED_EDGE('',*,*,#12900,.T.);
#12900 = EDGE_CURVE('',#12878,#12901,#12903,.T.);
#12901 = VERTEX_POINT('',#12902);
#12902 = CARTESIAN_POINT('',(2.307801485062,0.420591682196,0.625));
#12903 = SURFACE_CURVE('',#12904,(#12908,#12915),.PCURVE_S1.);
#12904 = LINE('',#12905,#12906);
#12905 = CARTESIAN_POINT('',(2.315419197083,0.430322647095,0.625));
#12906 = VECTOR('',#12907,1.);
#12907 = DIRECTION('',(-0.616417367408,-0.78741960171,0.));
#12908 = PCURVE('',#11781,#12909);
#12909 = DEFINITIONAL_REPRESENTATION('',(#12910),#12914);
#12910 = LINE('',#12911,#12912);
#12911 = CARTESIAN_POINT('',(0.119769033633,0.407936984979));
#12912 = VECTOR('',#12913,1.);
#12913 = DIRECTION('',(-0.616417367408,-0.78741960171));
#12914 = ( GEOMETRIC_REPRESENTATION_CONTEXT(2) 
PARAMETRIC_REPRESENTATION_CONTEXT() REPRESENTATION_CONTEXT('2D SPACE',''
  ) );
#12915 = PCURVE('',#11539,#12916);
#12916 = DEFINITIONAL_REPRESENTATION('',(#12917),#12921);
#12917 = LINE('',#12918,#12919);
#12918 = CARTESIAN_POINT('',(3.191214434104E-03,-9.673780681323E-02));
#12919 = VECTOR('',#12920,1.);
#12920 = DIRECTION('',(-1.,0.));
#12921 = ( GEOMETRIC_REPRESENTATION_CONTEXT(2) 
PARAMETRIC_REPRESENTATION_CONTEXT() REPRESENTATION_CONTEXT('2D SPACE',''
  ) );
#12922 = ORIENTED_EDGE('',*,*,#12923,.T.);
#12923 = EDGE_CURVE('',#12901,#12924,#12926,.T.);
#12924 = VERTEX_POINT('',#12925);
#12925 = CARTESIAN_POINT('',(2.301211357117,0.408715218306,0.625));
#12926 = SURFACE_CURVE('',#12927,(#12931,#12938),.PCURVE_S1.);
#12927 = LINE('',#12928,#12929);
#12928 = CARTESIAN_POINT('',(2.307801485062,0.420591682196,0.625));
#12929 = VECTOR('',#12930,1.);
#12930 = DIRECTION('',(-0.48519798487,-0.874404320368,0.));
#12931 = PCURVE('',#11781,#12932);
#12932 = DEFINITIONAL_REPRESENTATION('',(#12933),#12937);
#12933 = LINE('',#12934,#12935);
#12934 = CARTESIAN_POINT('',(0.112151321612,0.39820602008));
#12935 = VECTOR('',#12936,1.);
#12936 = DIRECTION('',(-0.48519798487,-0.874404320368));
#12937 = ( GEOMETRIC_REPRESENTATION_CONTEXT(2) 
PARAMETRIC_REPRESENTATION_CONTEXT() REPRESENTATION_CONTEXT('2D SPACE',''
  ) );
#12938 = PCURVE('',#11511,#12939);
#12939 = DEFINITIONAL_REPRESENTATION('',(#12940),#12944);
#12940 = LINE('',#12941,#12942);
#12941 = CARTESIAN_POINT('',(3.518412901616E-03,-9.702276116593E-02));
#12942 = VECTOR('',#12943,1.);
#12943 = DIRECTION('',(-1.,0.));
#12944 = ( GEOMETRIC_REPRESENTATION_CONTEXT(2) 
PARAMETRIC_REPRESENTATION_CONTEXT() REPRESENTATION_CONTEXT('2D SPACE',''
  ) );
#12945 = ORIENTED_EDGE('',*,*,#12946,.T.);
#12946 = EDGE_CURVE('',#12924,#12947,#12949,.T.);
#12947 = VERTEX_POINT('',#12948);
#12948 = CARTESIAN_POINT('',(2.293748855591,0.38805770874,0.625));
#12949 = SURFACE_CURVE('',#12950,(#12954,#12961),.PCURVE_S1.);
#12950 = LINE('',#12951,#12952);
#12951 = CARTESIAN_POINT('',(2.301211357117,0.408715218306,0.625));
#12952 = VECTOR('',#12953,1.);
#12953 = DIRECTION('',(-0.339759060336,-0.940512509709,0.));
#12954 = PCURVE('',#11781,#12955);
#12955 = DEFINITIONAL_REPRESENTATION('',(#12956),#12960);
#12956 = LINE('',#12957,#12958);
#12957 = CARTESIAN_POINT('',(0.105561193667,0.38632955619));
#12958 = VECTOR('',#12959,1.);
#12959 = DIRECTION('',(-0.339759060336,-0.940512509709));
#12960 = ( GEOMETRIC_REPRESENTATION_CONTEXT(2) 
PARAMETRIC_REPRESENTATION_CONTEXT() REPRESENTATION_CONTEXT('2D SPACE',''
  ) );
#12961 = PCURVE('',#11483,#12962);
#12962 = DEFINITIONAL_REPRESENTATION('',(#12963),#12967);
#12963 = LINE('',#12964,#12965);
#12964 = CARTESIAN_POINT('',(5.811543278356E-03,-9.892050605757E-02));
#12965 = VECTOR('',#12966,1.);
#12966 = DIRECTION('',(-1.,0.));
#12967 = ( GEOMETRIC_REPRESENTATION_CONTEXT(2) 
PARAMETRIC_REPRESENTATION_CONTEXT() REPRESENTATION_CONTEXT('2D SPACE',''
  ) );
#12968 = ORIENTED_EDGE('',*,*,#12969,.T.);
#12969 = EDGE_CURVE('',#12947,#12970,#12972,.T.);
#12970 = VERTEX_POINT('',#12971);
#12971 = CARTESIAN_POINT('',(2.282519102097,0.335205852985,0.625));
#12972 = SURFACE_CURVE('',#12973,(#12977,#12984),.PCURVE_S1.);
#12973 = LINE('',#12974,#12975);
#12974 = CARTESIAN_POINT('',(2.293748855591,0.38805770874,0.625));
#12975 = VECTOR('',#12976,1.);
#12976 = DIRECTION('',(-0.207836340002,-0.978163614011,0.));
#12977 = PCURVE('',#11781,#12978);
#12978 = DEFINITIONAL_REPRESENTATION('',(#12979),#12983);
#12979 = LINE('',#12980,#12981);
#12980 = CARTESIAN_POINT('',(9.809869214108E-02,0.365672046625));
#12981 = VECTOR('',#12982,1.);
#12982 = DIRECTION('',(-0.207836340002,-0.978163614011));
#12983 = ( GEOMETRIC_REPRESENTATION_CONTEXT(2) 
PARAMETRIC_REPRESENTATION_CONTEXT() REPRESENTATION_CONTEXT('2D SPACE',''
  ) );
#12984 = PCURVE('',#11455,#12985);
#12985 = DEFINITIONAL_REPRESENTATION('',(#12986),#12990);
#12986 = LINE('',#12987,#12988);
#12987 = CARTESIAN_POINT('',(1.541540208693E-02,-0.105350454462));
#12988 = VECTOR('',#12989,1.);
#12989 = DIRECTION('',(-1.,0.));
#12990 = ( GEOMETRIC_REPRESENTATION_CONTEXT(2) 
PARAMETRIC_REPRESENTATION_CONTEXT() REPRESENTATION_CONTEXT('2D SPACE',''
  ) );
#12991 = ORIENTED_EDGE('',*,*,#12992,.T.);
#12992 = EDGE_CURVE('',#12970,#12993,#12995,.T.);
#12993 = VERTEX_POINT('',#12994);
#12994 = CARTESIAN_POINT('',(2.267906188965,0.271258354187,0.625));
#12995 = SURFACE_CURVE('',#12996,(#13000,#13007),.PCURVE_S1.);
#12996 = LINE('',#12997,#12998);
#12997 = CARTESIAN_POINT('',(2.282519102097,0.335205852985,0.625));
#12998 = VECTOR('',#12999,1.);
#12999 = DIRECTION('',(-0.222771803973,-0.974870618777,0.));
#13000 = PCURVE('',#11781,#13001);
#13001 = DEFINITIONAL_REPRESENTATION('',(#13002),#13006);
#13002 = LINE('',#13003,#13004);
#13003 = CARTESIAN_POINT('',(8.686893864682E-02,0.31282019087));
#13004 = VECTOR('',#13005,1.);
#13005 = DIRECTION('',(-0.222771803973,-0.974870618777));
#13006 = ( GEOMETRIC_REPRESENTATION_CONTEXT(2) 
PARAMETRIC_REPRESENTATION_CONTEXT() REPRESENTATION_CONTEXT('2D SPACE',''
  ) );
#13007 = PCURVE('',#11427,#13008);
#13008 = DEFINITIONAL_REPRESENTATION('',(#13009),#13013);
#13009 = LINE('',#13010,#13011);
#13010 = CARTESIAN_POINT('',(1.918473854665E-02,-0.107363202825));
#13011 = VECTOR('',#13012,1.);
#13012 = DIRECTION('',(-1.,0.));
#13013 = ( GEOMETRIC_REPRESENTATION_CONTEXT(2) 
PARAMETRIC_REPRESENTATION_CONTEXT() REPRESENTATION_CONTEXT('2D SPACE',''
  ) );
#13014 = ORIENTED_EDGE('',*,*,#13015,.T.);
#13015 = EDGE_CURVE('',#12993,#13016,#13018,.T.);
#13016 = VERTEX_POINT('',#13017);
#13017 = CARTESIAN_POINT('',(2.255183935165,0.239698931575,0.625));
#13018 = SURFACE_CURVE('',#13019,(#13023,#13030),.PCURVE_S1.);
#13019 = LINE('',#13020,#13021);
#13020 = CARTESIAN_POINT('',(2.267906188965,0.271258354187,0.625));
#13021 = VECTOR('',#13022,1.);
#13022 = DIRECTION('',(-0.37388441449,-0.927475306734,0.));
#13023 = PCURVE('',#11781,#13024);
#13024 = DEFINITIONAL_REPRESENTATION('',(#13025),#13029);
#13025 = LINE('',#13026,#13027);
#13026 = CARTESIAN_POINT('',(7.22560255151E-02,0.248872692072));
#13027 = VECTOR('',#13028,1.);
#13028 = DIRECTION('',(-0.37388441449,-0.927475306734));
#13029 = ( GEOMETRIC_REPRESENTATION_CONTEXT(2) 
PARAMETRIC_REPRESENTATION_CONTEXT() REPRESENTATION_CONTEXT('2D SPACE',''
  ) );
#13030 = PCURVE('',#11399,#13031);
#13031 = DEFINITIONAL_REPRESENTATION('',(#13032),#13036);
#13032 = LINE('',#13033,#13034);
#13033 = CARTESIAN_POINT('',(2.475477924886E-02,-8.600883954134E-02));
#13034 = VECTOR('',#13035,1.);
#13035 = DIRECTION('',(-1.,0.));
#13036 = ( GEOMETRIC_REPRESENTATION_CONTEXT(2) 
PARAMETRIC_REPRESENTATION_CONTEXT() REPRESENTATION_CONTEXT('2D SPACE',''
  ) );
#13037 = ORIENTED_EDGE('',*,*,#13038,.T.);
#13038 = EDGE_CURVE('',#13016,#13039,#13041,.T.);
#13039 = VERTEX_POINT('',#13040);
#13040 = CARTESIAN_POINT('',(2.244300365448,0.22178517282,0.625));
#13041 = SURFACE_CURVE('',#13042,(#13046,#13053),.PCURVE_S1.);
#13042 = LINE('',#13043,#13044);
#13043 = CARTESIAN_POINT('',(2.255183935165,0.239698931575,0.625));
#13044 = VECTOR('',#13045,1.);
#13045 = DIRECTION('',(-0.519234636101,-0.854631729269,0.));
#13046 = PCURVE('',#11781,#13047);
#13047 = DEFINITIONAL_REPRESENTATION('',(#13048),#13052);
#13048 = LINE('',#13049,#13050);
#13049 = CARTESIAN_POINT('',(5.953377171567E-02,0.21731326946));
#13050 = VECTOR('',#13051,1.);
#13051 = DIRECTION('',(-0.519234636101,-0.854631729269));
#13052 = ( GEOMETRIC_REPRESENTATION_CONTEXT(2) 
PARAMETRIC_REPRESENTATION_CONTEXT() REPRESENTATION_CONTEXT('2D SPACE',''
  ) );
#13053 = PCURVE('',#11371,#13054);
#13054 = DEFINITIONAL_REPRESENTATION('',(#13055),#13059);
#13055 = LINE('',#13056,#13057);
#13056 = CARTESIAN_POINT('',(1.542860095357E-02,-8.880179553841E-02));
#13057 = VECTOR('',#13058,1.);
#13058 = DIRECTION('',(-1.,0.));
#13059 = ( GEOMETRIC_REPRESENTATION_CONTEXT(2) 
PARAMETRIC_REPRESENTATION_CONTEXT() REPRESENTATION_CONTEXT('2D SPACE',''
  ) );
#13060 = ORIENTED_EDGE('',*,*,#13061,.T.);
#13061 = EDGE_CURVE('',#13039,#13062,#13064,.T.);
#13062 = VERTEX_POINT('',#13063);
#13063 = CARTESIAN_POINT('',(2.232615947723,0.207882404327,0.625));
#13064 = SURFACE_CURVE('',#13065,(#13069,#13076),.PCURVE_S1.);
#13065 = LINE('',#13066,#13067);
#13066 = CARTESIAN_POINT('',(2.244300365448,0.22178517282,0.625));
#13067 = VECTOR('',#13068,1.);
#13068 = DIRECTION('',(-0.643388746333,-0.765539627382,0.));
#13069 = PCURVE('',#11781,#13070);
#13070 = DEFINITIONAL_REPRESENTATION('',(#13071),#13075);
#13071 = LINE('',#13072,#13073);
#13072 = CARTESIAN_POINT('',(4.865020199826E-02,0.199399510705));
#13073 = VECTOR('',#13074,1.);
#13074 = DIRECTION('',(-0.643388746333,-0.765539627382));
#13075 = ( GEOMETRIC_REPRESENTATION_CONTEXT(2) 
PARAMETRIC_REPRESENTATION_CONTEXT() REPRESENTATION_CONTEXT('2D SPACE',''
  ) );
#13076 = PCURVE('',#11343,#13077);
#13077 = DEFINITIONAL_REPRESENTATION('',(#13078),#13082);
#13078 = LINE('',#13079,#13080);
#13079 = CARTESIAN_POINT('',(1.340119552831E-02,-8.942917601316E-02));
#13080 = VECTOR('',#13081,1.);
#13081 = DIRECTION('',(-1.,0.));
#13082 = ( GEOMETRIC_REPRESENTATION_CONTEXT(2) 
PARAMETRIC_REPRESENTATION_CONTEXT() REPRESENTATION_CONTEXT('2D SPACE',''
  ) );
#13083 = ORIENTED_EDGE('',*,*,#13084,.T.);
#13084 = EDGE_CURVE('',#13062,#13085,#13087,.T.);
#13085 = VERTEX_POINT('',#13086);
#13086 = CARTESIAN_POINT('',(2.219833850861,0.196781530976,0.625));
#13087 = SURFACE_CURVE('',#13088,(#13092,#13099),.PCURVE_S1.);
#13088 = LINE('',#13089,#13090);
#13089 = CARTESIAN_POINT('',(2.232615947723,0.207882404327,0.625));
#13090 = VECTOR('',#13091,1.);
#13091 = DIRECTION('',(-0.755014656124,-0.655707914423,0.));
#13092 = PCURVE('',#11781,#13093);
#13093 = DEFINITIONAL_REPRESENTATION('',(#13094),#13098);
#13094 = LINE('',#13095,#13096);
#13095 = CARTESIAN_POINT('',(3.696578427365E-02,0.185496742212));
#13096 = VECTOR('',#13097,1.);
#13097 = DIRECTION('',(-0.755014656124,-0.655707914423));
#13098 = ( GEOMETRIC_REPRESENTATION_CONTEXT(2) 
PARAMETRIC_REPRESENTATION_CONTEXT() REPRESENTATION_CONTEXT('2D SPACE',''
  ) );
#13099 = PCURVE('',#11315,#13100);
#13100 = DEFINITIONAL_REPRESENTATION('',(#13101),#13105);
#13101 = LINE('',#13102,#13103);
#13102 = CARTESIAN_POINT('',(-4.423086650839E-03,9.779171383953E-02));
#13103 = VECTOR('',#13104,1.);
#13104 = DIRECTION('',(1.,0.));
#13105 = ( GEOMETRIC_REPRESENTATION_CONTEXT(2) 
PARAMETRIC_REPRESENTATION_CONTEXT() REPRESENTATION_CONTEXT('2D SPACE',''
  ) );
#13106 = ORIENTED_EDGE('',*,*,#13107,.T.);
#13107 = EDGE_CURVE('',#13085,#13108,#13110,.T.);
#13108 = VERTEX_POINT('',#13109);
#13109 = CARTESIAN_POINT('',(2.203911781311,0.186959028244,0.625));
#13110 = SURFACE_CURVE('',#13111,(#13115,#13122),.PCURVE_S1.);
#13111 = LINE('',#13112,#13113);
#13112 = CARTESIAN_POINT('',(2.219833850861,0.196781530976,0.625));
#13113 = VECTOR('',#13114,1.);
#13114 = DIRECTION('',(-0.851077883149,-0.52503946215,0.));
#13115 = PCURVE('',#11781,#13116);
#13116 = DEFINITIONAL_REPRESENTATION('',(#13117),#13121);
#13117 = LINE('',#13118,#13119);
#13118 = CARTESIAN_POINT('',(2.418368741086E-02,0.174395868861));
#13119 = VECTOR('',#13120,1.);
#13120 = DIRECTION('',(-0.851077883149,-0.52503946215));
#13121 = ( GEOMETRIC_REPRESENTATION_CONTEXT(2) 
PARAMETRIC_REPRESENTATION_CONTEXT() REPRESENTATION_CONTEXT('2D SPACE',''
  ) );
#13122 = PCURVE('',#11287,#13123);
#13123 = DEFINITIONAL_REPRESENTATION('',(#13124),#13128);
#13124 = LINE('',#13125,#13126);
#13125 = CARTESIAN_POINT('',(-4.909782091313E-03,9.819427930824E-02));
#13126 = VECTOR('',#13127,1.);
#13127 = DIRECTION('',(1.,0.));
#13128 = ( GEOMETRIC_REPRESENTATION_CONTEXT(2) 
PARAMETRIC_REPRESENTATION_CONTEXT() REPRESENTATION_CONTEXT('2D SPACE',''
  ) );
#13129 = ORIENTED_EDGE('',*,*,#13130,.T.);
#13130 = EDGE_CURVE('',#13108,#13131,#13133,.T.);
#13131 = VERTEX_POINT('',#13132);
#13132 = CARTESIAN_POINT('',(2.177666187286,0.176107868552,0.625));
#13133 = SURFACE_CURVE('',#13134,(#13138,#13145),.PCURVE_S1.);
#13134 = LINE('',#13135,#13136);
#13135 = CARTESIAN_POINT('',(2.203911781311,0.186959028244,0.625));
#13136 = VECTOR('',#13137,1.);
#13137 = DIRECTION('',(-0.924129823068,-0.382078617716,0.));
#13138 = PCURVE('',#11781,#13139);
#13139 = DEFINITIONAL_REPRESENTATION('',(#13140),#13144);
#13140 = LINE('',#13141,#13142);
#13141 = CARTESIAN_POINT('',(8.261617861296E-03,0.164573366129));
#13142 = VECTOR('',#13143,1.);
#13143 = DIRECTION('',(-0.924129823068,-0.382078617716));
#13144 = ( GEOMETRIC_REPRESENTATION_CONTEXT(2) 
PARAMETRIC_REPRESENTATION_CONTEXT() REPRESENTATION_CONTEXT('2D SPACE',''
  ) );
#13145 = PCURVE('',#11259,#13146);
#13146 = DEFINITIONAL_REPRESENTATION('',(#13147),#13151);
#13147 = LINE('',#13148,#13149);
#13148 = CARTESIAN_POINT('',(-7.634753011912E-03,0.100315413117));
#13149 = VECTOR('',#13150,1.);
#13150 = DIRECTION('',(1.,0.));
#13151 = ( GEOMETRIC_REPRESENTATION_CONTEXT(2) 
PARAMETRIC_REPRESENTATION_CONTEXT() REPRESENTATION_CONTEXT('2D SPACE',''
  ) );
#13152 = ORIENTED_EDGE('',*,*,#13153,.T.);
#13153 = EDGE_CURVE('',#13131,#13154,#13156,.T.);
#13154 = VERTEX_POINT('',#13155);
#13155 = CARTESIAN_POINT('',(2.14447927475,0.167096793652,0.625));
#13156 = SURFACE_CURVE('',#13157,(#13161,#13168),.PCURVE_S1.);
#13157 = LINE('',#13158,#13159);
#13158 = CARTESIAN_POINT('',(2.177666187286,0.176107868552,0.625));
#13159 = VECTOR('',#13160,1.);
#13160 = DIRECTION('',(-0.965057756229,-0.262037262888,0.));
#13161 = PCURVE('',#11781,#13162);
#13162 = DEFINITIONAL_REPRESENTATION('',(#13163),#13167);
#13163 = LINE('',#13164,#13165);
#13164 = CARTESIAN_POINT('',(-1.798397616336E-02,0.153722206437));
#13165 = VECTOR('',#13166,1.);
#13166 = DIRECTION('',(-0.965057756229,-0.262037262888));
#13167 = ( GEOMETRIC_REPRESENTATION_CONTEXT(2) 
PARAMETRIC_REPRESENTATION_CONTEXT() REPRESENTATION_CONTEXT('2D SPACE',''
  ) );
#13168 = PCURVE('',#11231,#13169);
#13169 = DEFINITIONAL_REPRESENTATION('',(#13170),#13174);
#13170 = LINE('',#13171,#13172);
#13171 = CARTESIAN_POINT('',(-9.378991026295E-03,0.101565271349));
#13172 = VECTOR('',#13173,1.);
#13173 = DIRECTION('',(1.,0.));
#13174 = ( GEOMETRIC_REPRESENTATION_CONTEXT(2) 
PARAMETRIC_REPRESENTATION_CONTEXT() REPRESENTATION_CONTEXT('2D SPACE',''
  ) );
#13175 = ORIENTED_EDGE('',*,*,#13176,.T.);
#13176 = EDGE_CURVE('',#13154,#13177,#13179,.T.);
#13177 = VERTEX_POINT('',#13178);
#13178 = CARTESIAN_POINT('',(2.079147577286,0.154360741377,0.625));
#13179 = SURFACE_CURVE('',#13180,(#13184,#13191),.PCURVE_S1.);
#13180 = LINE('',#13181,#13182);
#13181 = CARTESIAN_POINT('',(2.14447927475,0.167096793652,0.625));
#13182 = VECTOR('',#13183,1.);
#13183 = DIRECTION('',(-0.981523324089,-0.191342531262,0.));
#13184 = PCURVE('',#11781,#13185);
#13185 = DEFINITIONAL_REPRESENTATION('',(#13186),#13190);
#13186 = LINE('',#13187,#13188);
#13187 = CARTESIAN_POINT('',(-5.117088869998E-02,0.144711131536));
#13188 = VECTOR('',#13189,1.);
#13189 = DIRECTION('',(-0.981523324089,-0.191342531262));
#13190 = ( GEOMETRIC_REPRESENTATION_CONTEXT(2) 
PARAMETRIC_REPRESENTATION_CONTEXT() REPRESENTATION_CONTEXT('2D SPACE',''
  ) );
#13191 = PCURVE('',#11203,#13192);
#13192 = DEFINITIONAL_REPRESENTATION('',(#13193),#13197);
#13193 = LINE('',#13194,#13195);
#13194 = CARTESIAN_POINT('',(-1.950639239855E-02,0.107524374273));
#13195 = VECTOR('',#13196,1.);
#13196 = DIRECTION('',(1.,0.));
#13197 = ( GEOMETRIC_REPRESENTATION_CONTEXT(2) 
PARAMETRIC_REPRESENTATION_CONTEXT() REPRESENTATION_CONTEXT('2D SPACE',''
  ) );
#13198 = ORIENTED_EDGE('',*,*,#13199,.T.);
#13199 = EDGE_CURVE('',#13177,#13200,#13202,.T.);
#13200 = VERTEX_POINT('',#13201);
#13201 = CARTESIAN_POINT('',(2.065090894699,0.150716111064,0.625));
#13202 = SURFACE_CURVE('',#13203,(#13207,#13214),.PCURVE_S1.);
#13203 = LINE('',#13204,#13205);
#13204 = CARTESIAN_POINT('',(2.079147577286,0.154360741377,0.625));
#13205 = VECTOR('',#13206,1.);
#13206 = DIRECTION('',(-0.967991792298,-0.250981852021,0.));
#13207 = PCURVE('',#11781,#13208);
#13208 = DEFINITIONAL_REPRESENTATION('',(#13209),#13213);
#13209 = LINE('',#13210,#13211);
#13210 = CARTESIAN_POINT('',(-0.116502586164,0.131975079262));
#13211 = VECTOR('',#13212,1.);
#13212 = DIRECTION('',(-0.967991792298,-0.250981852021));
#13213 = ( GEOMETRIC_REPRESENTATION_CONTEXT(2) 
PARAMETRIC_REPRESENTATION_CONTEXT() REPRESENTATION_CONTEXT('2D SPACE',''
  ) );
#13214 = PCURVE('',#11175,#13215);
#13215 = DEFINITIONAL_REPRESENTATION('',(#13216),#13220);
#13216 = LINE('',#13217,#13218);
#13217 = CARTESIAN_POINT('',(-3.770744616196E-03,9.724000010215E-02));
#13218 = VECTOR('',#13219,1.);
#13219 = DIRECTION('',(1.,0.));
#13220 = ( GEOMETRIC_REPRESENTATION_CONTEXT(2) 
PARAMETRIC_REPRESENTATION_CONTEXT() REPRESENTATION_CONTEXT('2D SPACE',''
  ) );
#13221 = ORIENTED_EDGE('',*,*,#13222,.T.);
#13222 = EDGE_CURVE('',#13200,#13223,#13225,.T.);
#13223 = VERTEX_POINT('',#13224);
#13224 = CARTESIAN_POINT('',(2.057433366776,0.147814750671,0.625));
#13225 = SURFACE_CURVE('',#13226,(#13230,#13237),.PCURVE_S1.);
#13226 = LINE('',#13227,#13228);
#13227 = CARTESIAN_POINT('',(2.065090894699,0.150716111064,0.625));
#13228 = VECTOR('',#13229,1.);
#13229 = DIRECTION('',(-0.935127822207,-0.354310536301,0.));
#13230 = PCURVE('',#11781,#13231);
#13231 = DEFINITIONAL_REPRESENTATION('',(#13232),#13236);
#13232 = LINE('',#13233,#13234);
#13233 = CARTESIAN_POINT('',(-0.130559268751,0.128330448949));
#13234 = VECTOR('',#13235,1.);
#13235 = DIRECTION('',(-0.935127822207,-0.354310536301));
#13236 = ( GEOMETRIC_REPRESENTATION_CONTEXT(2) 
PARAMETRIC_REPRESENTATION_CONTEXT() REPRESENTATION_CONTEXT('2D SPACE',''
  ) );
#13237 = PCURVE('',#11147,#13238);
#13238 = DEFINITIONAL_REPRESENTATION('',(#13239),#13243);
#13239 = LINE('',#13240,#13241);
#13240 = CARTESIAN_POINT('',(-2.091869946295E-03,9.575250503739E-02));
#13241 = VECTOR('',#13242,1.);
#13242 = DIRECTION('',(1.,0.));
#13243 = ( GEOMETRIC_REPRESENTATION_CONTEXT(2) 
PARAMETRIC_REPRESENTATION_CONTEXT() REPRESENTATION_CONTEXT('2D SPACE',''
  ) );
#13244 = ORIENTED_EDGE('',*,*,#13245,.T.);
#13245 = EDGE_CURVE('',#13223,#13246,#13248,.T.);
#13246 = VERTEX_POINT('',#13247);
#13247 = CARTESIAN_POINT('',(2.05345416069,0.145620554686,0.625));
#13248 = SURFACE_CURVE('',#13249,(#13253,#13260),.PCURVE_S1.);
#13249 = LINE('',#13250,#13251);
#13250 = CARTESIAN_POINT('',(2.057433366776,0.147814750671,0.625));
#13251 = VECTOR('',#13252,1.);
#13252 = DIRECTION('',(-0.875691970061,-0.48287014152,0.));
#13253 = PCURVE('',#11781,#13254);
#13254 = DEFINITIONAL_REPRESENTATION('',(#13255),#13259);
#13255 = LINE('',#13256,#13257);
#13256 = CARTESIAN_POINT('',(-0.138216796674,0.125429088556));
#13257 = VECTOR('',#13258,1.);
#13258 = DIRECTION('',(-0.875691970061,-0.48287014152));
#13259 = ( GEOMETRIC_REPRESENTATION_CONTEXT(2) 
PARAMETRIC_REPRESENTATION_CONTEXT() REPRESENTATION_CONTEXT('2D SPACE',''
  ) );
#13260 = PCURVE('',#11119,#13261);
#13261 = DEFINITIONAL_REPRESENTATION('',(#13262),#13266);
#13262 = LINE('',#13263,#13264);
#13263 = CARTESIAN_POINT('',(-1.149781332928E-03,9.487225393818E-02));
#13264 = VECTOR('',#13265,1.);
#13265 = DIRECTION('',(1.,0.));
#13266 = ( GEOMETRIC_REPRESENTATION_CONTEXT(2) 
PARAMETRIC_REPRESENTATION_CONTEXT() REPRESENTATION_CONTEXT('2D SPACE',''
  ) );
#13267 = ORIENTED_EDGE('',*,*,#13268,.T.);
#13268 = EDGE_CURVE('',#13246,#13269,#13271,.T.);
#13269 = VERTEX_POINT('',#13270);
#13270 = CARTESIAN_POINT('',(2.051447153091,0.144084125757,0.625));
#13271 = SURFACE_CURVE('',#13272,(#13276,#13283),.PCURVE_S1.);
#13272 = LINE('',#13273,#13274);
#13273 = CARTESIAN_POINT('',(2.05345416069,0.145620554686,0.625));
#13274 = VECTOR('',#13275,1.);
#13275 = DIRECTION('',(-0.79404112349,-0.607864042534,0.));
#13276 = PCURVE('',#11781,#13277);
#13277 = DEFINITIONAL_REPRESENTATION('',(#13278),#13282);
#13278 = LINE('',#13279,#13280);
#13279 = CARTESIAN_POINT('',(-0.142196002759,0.12323489257));
#13280 = VECTOR('',#13281,1.);
#13281 = DIRECTION('',(-0.79404112349,-0.607864042534));
#13282 = ( GEOMETRIC_REPRESENTATION_CONTEXT(2) 
PARAMETRIC_REPRESENTATION_CONTEXT() REPRESENTATION_CONTEXT('2D SPACE',''
  ) );
#13283 = PCURVE('',#11091,#13284);
#13284 = DEFINITIONAL_REPRESENTATION('',(#13285),#13289);
#13285 = LINE('',#13286,#13287);
#13286 = CARTESIAN_POINT('',(-6.361555524589E-04,9.437763768161E-02));
#13287 = VECTOR('',#13288,1.);
#13288 = DIRECTION('',(1.,0.));
#13289 = ( GEOMETRIC_REPRESENTATION_CONTEXT(2) 
PARAMETRIC_REPRESENTATION_CONTEXT() REPRESENTATION_CONTEXT('2D SPACE',''
  ) );
#13290 = ORIENTED_EDGE('',*,*,#13291,.T.);
#13291 = EDGE_CURVE('',#13269,#13292,#13294,.T.);
#13292 = VERTEX_POINT('',#13293);
#13293 = CARTESIAN_POINT('',(2.050155639648,0.142752975225,0.625));
#13294 = SURFACE_CURVE('',#13295,(#13299,#13306),.PCURVE_S1.);
#13295 = LINE('',#13296,#13297);
#13296 = CARTESIAN_POINT('',(2.051447153091,0.144084125757,0.625));
#13297 = VECTOR('',#13298,1.);
#13298 = DIRECTION('',(-0.696340547709,-0.717711530921,0.));
#13299 = PCURVE('',#11781,#13300);
#13300 = DEFINITIONAL_REPRESENTATION('',(#13301),#13305);
#13301 = LINE('',#13302,#13303);
#13302 = CARTESIAN_POINT('',(-0.144203010358,0.121698463642));
#13303 = VECTOR('',#13304,1.);
#13304 = DIRECTION('',(-0.696340547709,-0.717711530921));
#13305 = ( GEOMETRIC_REPRESENTATION_CONTEXT(2) 
PARAMETRIC_REPRESENTATION_CONTEXT() REPRESENTATION_CONTEXT('2D SPACE',''
  ) );
#13306 = PCURVE('',#11063,#13307);
#13307 = DEFINITIONAL_REPRESENTATION('',(#13308),#13312);
#13308 = LINE('',#13309,#13310);
#13309 = CARTESIAN_POINT('',(4.659720724558E-04,-9.42113855597E-02));
#13310 = VECTOR('',#13311,1.);
#13311 = DIRECTION('',(-1.,0.));
#13312 = ( GEOMETRIC_REPRESENTATION_CONTEXT(2) 
PARAMETRIC_REPRESENTATION_CONTEXT() REPRESENTATION_CONTEXT('2D SPACE',''
  ) );
#13313 = ORIENTED_EDGE('',*,*,#13314,.T.);
#13314 = EDGE_CURVE('',#13292,#13315,#13317,.T.);
#13315 = VERTEX_POINT('',#13316);
#13316 = CARTESIAN_POINT('',(2.049297094345,0.141539722681,0.625));
#13317 = SURFACE_CURVE('',#13318,(#13322,#13329),.PCURVE_S1.);
#13318 = LINE('',#13319,#13320);
#13319 = CARTESIAN_POINT('',(2.050155639648,0.142752975225,0.625));
#13320 = VECTOR('',#13321,1.);
#13321 = DIRECTION('',(-0.577640081326,-0.816291575631,0.));
#13322 = PCURVE('',#11781,#13323);
#13323 = DEFINITIONAL_REPRESENTATION('',(#13324),#13328);
#13324 = LINE('',#13325,#13326);
#13325 = CARTESIAN_POINT('',(-0.145494523801,0.12036731311));
#13326 = VECTOR('',#13327,1.);
#13327 = DIRECTION('',(-0.577640081326,-0.816291575631));
#13328 = ( GEOMETRIC_REPRESENTATION_CONTEXT(2) 
PARAMETRIC_REPRESENTATION_CONTEXT() REPRESENTATION_CONTEXT('2D SPACE',''
  ) );
#13329 = PCURVE('',#11035,#13330);
#13330 = DEFINITIONAL_REPRESENTATION('',(#13331),#13335);
#13331 = LINE('',#13332,#13333);
#13332 = CARTESIAN_POINT('',(3.730472005375E-04,-9.412010180444E-02));
#13333 = VECTOR('',#13334,1.);
#13334 = DIRECTION('',(-1.,0.));
#13335 = ( GEOMETRIC_REPRESENTATION_CONTEXT(2) 
PARAMETRIC_REPRESENTATION_CONTEXT() REPRESENTATION_CONTEXT('2D SPACE',''
  ) );
#13336 = ORIENTED_EDGE('',*,*,#13337,.T.);
#13337 = EDGE_CURVE('',#13315,#13338,#13340,.T.);
#13338 = VERTEX_POINT('',#13339);
#13339 = CARTESIAN_POINT('',(2.048712253571,0.140355363488,0.625));
#13340 = SURFACE_CURVE('',#13341,(#13345,#13352),.PCURVE_S1.);
#13341 = LINE('',#13342,#13343);
#13342 = CARTESIAN_POINT('',(2.049297094345,0.141539722681,0.625));
#13343 = VECTOR('',#13344,1.);
#13344 = DIRECTION('',(-0.442763293168,-0.896638537105,0.));
#13345 = PCURVE('',#11781,#13346);
#13346 = DEFINITIONAL_REPRESENTATION('',(#13347),#13351);
#13347 = LINE('',#13348,#13349);
#13348 = CARTESIAN_POINT('',(-0.146353069105,0.119154060566));
#13349 = VECTOR('',#13350,1.);
#13350 = DIRECTION('',(-0.442763293168,-0.896638537105));
#13351 = ( GEOMETRIC_REPRESENTATION_CONTEXT(2) 
PARAMETRIC_REPRESENTATION_CONTEXT() REPRESENTATION_CONTEXT('2D SPACE',''
  ) );
#13352 = PCURVE('',#11007,#13353);
#13353 = DEFINITIONAL_REPRESENTATION('',(#13354),#13358);
#13354 = LINE('',#13355,#13356);
#13355 = CARTESIAN_POINT('',(3.313851795373E-04,-9.407905888116E-02));
#13356 = VECTOR('',#13357,1.);
#13357 = DIRECTION('',(-1.,0.));
#13358 = ( GEOMETRIC_REPRESENTATION_CONTEXT(2) 
PARAMETRIC_REPRESENTATION_CONTEXT() REPRESENTATION_CONTEXT('2D SPACE',''
  ) );
#13359 = ORIENTED_EDGE('',*,*,#13360,.T.);
#13360 = EDGE_CURVE('',#13338,#13361,#13363,.T.);
#13361 = VERTEX_POINT('',#13362);
#13362 = CARTESIAN_POINT('',(2.048448324203,0.139581024647,0.625));
#13363 = SURFACE_CURVE('',#13364,(#13368,#13375),.PCURVE_S1.);
#13364 = LINE('',#13365,#13366);
#13365 = CARTESIAN_POINT('',(2.048712253571,0.140355363488,0.625));
#13366 = VECTOR('',#13367,1.);
#13367 = DIRECTION('',(-0.322619409477,-0.946528772214,0.));
#13368 = PCURVE('',#11781,#13369);
#13369 = DEFINITIONAL_REPRESENTATION('',(#13370),#13374);
#13370 = LINE('',#13371,#13372);
#13371 = CARTESIAN_POINT('',(-0.146937909879,0.117969701373));
#13372 = VECTOR('',#13373,1.);
#13373 = DIRECTION('',(-0.322619409477,-0.946528772214));
#13374 = ( GEOMETRIC_REPRESENTATION_CONTEXT(2) 
PARAMETRIC_REPRESENTATION_CONTEXT() REPRESENTATION_CONTEXT('2D SPACE',''
  ) );
#13375 = PCURVE('',#10979,#13376);
#13376 = DEFINITIONAL_REPRESENTATION('',(#13377),#13381);
#13377 = LINE('',#13378,#13379);
#13378 = CARTESIAN_POINT('',(2.049668531307E-04,-9.395407451157E-02));
#13379 = VECTOR('',#13380,1.);
#13380 = DIRECTION('',(-1.,0.));
#13381 = ( GEOMETRIC_REPRESENTATION_CONTEXT(2) 
PARAMETRIC_REPRESENTATION_CONTEXT() REPRESENTATION_CONTEXT('2D SPACE',''
  ) );
#13382 = ORIENTED_EDGE('',*,*,#13383,.T.);
#13383 = EDGE_CURVE('',#13361,#13384,#13386,.T.);
#13384 = VERTEX_POINT('',#13385);
#13385 = CARTESIAN_POINT('',(2.048190355301,0.13827931881,0.625));
#13386 = SURFACE_CURVE('',#13387,(#13391,#13398),.PCURVE_S1.);
#13387 = LINE('',#13388,#13389);
#13388 = CARTESIAN_POINT('',(2.048448324203,0.139581024647,0.625));
#13389 = VECTOR('',#13390,1.);
#13390 = DIRECTION('',(-0.194396928803,-0.98092295012,0.));
#13391 = PCURVE('',#11781,#13392);
#13392 = DEFINITIONAL_REPRESENTATION('',(#13393),#13397);
#13393 = LINE('',#13394,#13395);
#13394 = CARTESIAN_POINT('',(-0.147201839246,0.117195362532));
#13395 = VECTOR('',#13396,1.);
#13396 = DIRECTION('',(-0.194396928803,-0.98092295012));
#13397 = ( GEOMETRIC_REPRESENTATION_CONTEXT(2) 
PARAMETRIC_REPRESENTATION_CONTEXT() REPRESENTATION_CONTEXT('2D SPACE',''
  ) );
#13398 = PCURVE('',#10951,#13399);
#13399 = DEFINITIONAL_REPRESENTATION('',(#13400),#13404);
#13400 = LINE('',#13401,#13402);
#13401 = CARTESIAN_POINT('',(3.329293491066E-04,-9.408058139712E-02));
#13402 = VECTOR('',#13403,1.);
#13403 = DIRECTION('',(-1.,0.));
#13404 = ( GEOMETRIC_REPRESENTATION_CONTEXT(2) 
PARAMETRIC_REPRESENTATION_CONTEXT() REPRESENTATION_CONTEXT('2D SPACE',''
  ) );
#13405 = ORIENTED_EDGE('',*,*,#13406,.T.);
#13406 = EDGE_CURVE('',#13384,#13407,#13409,.T.);
#13407 = VERTEX_POINT('',#13408);
#13408 = CARTESIAN_POINT('',(2.048141956329,0.136904910207,0.625));
#13409 = SURFACE_CURVE('',#13410,(#13414,#13421),.PCURVE_S1.);
#13410 = LINE('',#13411,#13412);
#13411 = CARTESIAN_POINT('',(2.048190355301,0.13827931881,0.625));
#13412 = VECTOR('',#13413,1.);
#13413 = DIRECTION('',(-3.519258441602E-02,-0.999380549141,0.));
#13414 = PCURVE('',#11781,#13415);
#13415 = DEFINITIONAL_REPRESENTATION('',(#13416),#13420);
#13416 = LINE('',#13417,#13418);
#13417 = CARTESIAN_POINT('',(-0.147459808149,0.115893656694));
#13418 = VECTOR('',#13419,1.);
#13419 = DIRECTION('',(-3.519258441602E-02,-0.999380549141));
#13420 = ( GEOMETRIC_REPRESENTATION_CONTEXT(2) 
PARAMETRIC_REPRESENTATION_CONTEXT() REPRESENTATION_CONTEXT('2D SPACE',''
  ) );
#13421 = PCURVE('',#10923,#13422);
#13422 = DEFINITIONAL_REPRESENTATION('',(#13423),#13427);
#13423 = LINE('',#13424,#13425);
#13424 = CARTESIAN_POINT('',(3.450760046082E-04,-9.40925542499E-02));
#13425 = VECTOR('',#13426,1.);
#13426 = DIRECTION('',(-1.,0.));
#13427 = ( GEOMETRIC_REPRESENTATION_CONTEXT(2) 
PARAMETRIC_REPRESENTATION_CONTEXT() REPRESENTATION_CONTEXT('2D SPACE',''
  ) );
#13428 = ORIENTED_EDGE('',*,*,#13429,.T.);
#13429 = EDGE_CURVE('',#13407,#13430,#13432,.T.);
#13430 = VERTEX_POINT('',#13431);
#13431 = CARTESIAN_POINT('',(2.048321485519,0.135385647416,0.625));
#13432 = SURFACE_CURVE('',#13433,(#13437,#13444),.PCURVE_S1.);
#13433 = LINE('',#13434,#13435);
#13434 = CARTESIAN_POINT('',(2.048141956329,0.136904910207,0.625));
#13435 = VECTOR('',#13436,1.);
#13436 = DIRECTION('',(0.117352120121,-0.993090368447,0.));
#13437 = PCURVE('',#11781,#13438);
#13438 = DEFINITIONAL_REPRESENTATION('',(#13439),#13443);
#13439 = LINE('',#13440,#13441);
#13440 = CARTESIAN_POINT('',(-0.14750820712,0.114519248092));
#13441 = VECTOR('',#13442,1.);
#13442 = DIRECTION('',(0.117352120121,-0.993090368447));
#13443 = ( GEOMETRIC_REPRESENTATION_CONTEXT(2) 
PARAMETRIC_REPRESENTATION_CONTEXT() REPRESENTATION_CONTEXT('2D SPACE',''
  ) );
#13444 = PCURVE('',#10895,#13445);
#13445 = DEFINITIONAL_REPRESENTATION('',(#13446),#13450);
#13446 = LINE('',#13447,#13448);
#13447 = CARTESIAN_POINT('',(3.840185780492E-04,-9.413089810977E-02));
#13448 = VECTOR('',#13449,1.);
#13449 = DIRECTION('',(-1.,0.));
#13450 = ( GEOMETRIC_REPRESENTATION_CONTEXT(2) 
PARAMETRIC_REPRESENTATION_CONTEXT() REPRESENTATION_CONTEXT('2D SPACE',''
  ) );
#13451 = ORIENTED_EDGE('',*,*,#13452,.T.);
#13452 = EDGE_CURVE('',#13430,#13453,#13455,.T.);
#13453 = VERTEX_POINT('',#13454);
#13454 = CARTESIAN_POINT('',(2.048796653748,0.133618101478,0.625));
#13455 = SURFACE_CURVE('',#13456,(#13460,#13467),.PCURVE_S1.);
#13456 = LINE('',#13457,#13458);
#13457 = CARTESIAN_POINT('',(2.048321485519,0.135385647416,0.625));
#13458 = VECTOR('',#13459,1.);
#13459 = DIRECTION('',(0.259612000873,-0.965713005506,0.));
#13460 = PCURVE('',#11781,#13461);
#13461 = DEFINITIONAL_REPRESENTATION('',(#13462),#13466);
#13462 = LINE('',#13463,#13464);
#13463 = CARTESIAN_POINT('',(-0.14732867793,0.112999985301));
#13464 = VECTOR('',#13465,1.);
#13465 = DIRECTION('',(0.259612000873,-0.965713005506));
#13466 = ( GEOMETRIC_REPRESENTATION_CONTEXT(2) 
PARAMETRIC_REPRESENTATION_CONTEXT() REPRESENTATION_CONTEXT('2D SPACE',''
  ) );
#13467 = PCURVE('',#10867,#13468);
#13468 = DEFINITIONAL_REPRESENTATION('',(#13469),#13473);
#13469 = LINE('',#13470,#13471);
#13470 = CARTESIAN_POINT('',(4.598086512321E-04,-9.420534208631E-02));
#13471 = VECTOR('',#13472,1.);
#13472 = DIRECTION('',(-1.,0.));
#13473 = ( GEOMETRIC_REPRESENTATION_CONTEXT(2) 
PARAMETRIC_REPRESENTATION_CONTEXT() REPRESENTATION_CONTEXT('2D SPACE',''
  ) );
#13474 = ORIENTED_EDGE('',*,*,#13475,.T.);
#13475 = EDGE_CURVE('',#13453,#13476,#13478,.T.);
#13476 = VERTEX_POINT('',#13477);
#13477 = CARTESIAN_POINT('',(2.049960851669,0.130974188447,0.625));
#13478 = SURFACE_CURVE('',#13479,(#13483,#13490),.PCURVE_S1.);
#13479 = LINE('',#13480,#13481);
#13480 = CARTESIAN_POINT('',(2.048796653748,0.133618101478,0.625));
#13481 = VECTOR('',#13482,1.);
#13482 = DIRECTION('',(0.402992701277,-0.915203192038,0.));
#13483 = PCURVE('',#11781,#13484);
#13484 = DEFINITIONAL_REPRESENTATION('',(#13485),#13489);
#13485 = LINE('',#13486,#13487);
#13486 = CARTESIAN_POINT('',(-0.146853509702,0.111232439362));
#13487 = VECTOR('',#13488,1.);
#13488 = DIRECTION('',(0.402992701277,-0.915203192038));
#13489 = ( GEOMETRIC_REPRESENTATION_CONTEXT(2) 
PARAMETRIC_REPRESENTATION_CONTEXT() REPRESENTATION_CONTEXT('2D SPACE',''
  ) );
#13490 = PCURVE('',#10839,#13491);
#13491 = DEFINITIONAL_REPRESENTATION('',(#13492),#13496);
#13492 = LINE('',#13493,#13494);
#13493 = CARTESIAN_POINT('',(7.27783652727E-04,-9.446665680248E-02));
#13494 = VECTOR('',#13495,1.);
#13495 = DIRECTION('',(-1.,0.));
#13496 = ( GEOMETRIC_REPRESENTATION_CONTEXT(2) 
PARAMETRIC_REPRESENTATION_CONTEXT() REPRESENTATION_CONTEXT('2D SPACE',''
  ) );
#13497 = ORIENTED_EDGE('',*,*,#13498,.T.);
#13498 = EDGE_CURVE('',#13476,#11797,#13499,.T.);
#13499 = SURFACE_CURVE('',#13500,(#13504,#13511),.PCURVE_S1.);
#13500 = LINE('',#13501,#13502);
#13501 = CARTESIAN_POINT('',(2.049960851669,0.130974188447,0.625));
#13502 = VECTOR('',#13503,1.);
#13503 = DIRECTION('',(0.54380218705,-0.839213430159,0.));
#13504 = PCURVE('',#11781,#13505);
#13505 = DEFINITIONAL_REPRESENTATION('',(#13506),#13510);
#13506 = LINE('',#13507,#13508);
#13507 = CARTESIAN_POINT('',(-0.14568931178,0.108588526332));
#13508 = VECTOR('',#13509,1.);
#13509 = DIRECTION('',(0.54380218705,-0.839213430159));
#13510 = ( GEOMETRIC_REPRESENTATION_CONTEXT(2) 
PARAMETRIC_REPRESENTATION_CONTEXT() REPRESENTATION_CONTEXT('2D SPACE',''
  ) );
#13511 = PCURVE('',#10811,#13512);
#13512 = DEFINITIONAL_REPRESENTATION('',(#13513),#13517);
#13513 = LINE('',#13514,#13515);
#13514 = CARTESIAN_POINT('',(1.189825816962E-03,-9.491037214787E-02));
#13515 = VECTOR('',#13516,1.);
#13516 = DIRECTION('',(-1.,0.));
#13517 = ( GEOMETRIC_REPRESENTATION_CONTEXT(2) 
PARAMETRIC_REPRESENTATION_CONTEXT() REPRESENTATION_CONTEXT('2D SPACE',''
  ) );
#13518 = ADVANCED_FACE('',(#13519),#11679,.T.);
#13519 = FACE_BOUND('',#13520,.T.);
#13520 = EDGE_LOOP('',(#13521,#13522,#13523,#13544));
#13521 = ORIENTED_EDGE('',*,*,#11744,.F.);
#13522 = ORIENTED_EDGE('',*,*,#11663,.F.);
#13523 = ORIENTED_EDGE('',*,*,#13524,.T.);
#13524 = EDGE_CURVE('',#11636,#12786,#13525,.T.);
#13525 = SURFACE_CURVE('',#13526,(#13530,#13537),.PCURVE_S1.);
#13526 = LINE('',#13527,#13528);
#13527 = CARTESIAN_POINT('',(2.362331390381,0.454291343689,0.8125));
#13528 = VECTOR('',#13529,1.);
#13529 = DIRECTION('',(0.,0.,-1.));
#13530 = PCURVE('',#11679,#13531);
#13531 = DEFINITIONAL_REPRESENTATION('',(#13532),#13536);
#13532 = LINE('',#13533,#13534);
#13533 = CARTESIAN_POINT('',(1.503739949105E-02,-8.892229919546E-02));
#13534 = VECTOR('',#13535,1.);
#13535 = DIRECTION('',(-0.,1.));
#13536 = ( GEOMETRIC_REPRESENTATION_CONTEXT(2) 
PARAMETRIC_REPRESENTATION_CONTEXT() REPRESENTATION_CONTEXT('2D SPACE',''
  ) );
#13537 = PCURVE('',#11651,#13538);
#13538 = DEFINITIONAL_REPRESENTATION('',(#13539),#13543);
#13539 = LINE('',#13540,#13541);
#13540 = CARTESIAN_POINT('',(-4.089369232719E-03,-8.998876081133E-02));
#13541 = VECTOR('',#13542,1.);
#13542 = DIRECTION('',(-0.,1.));
#13543 = ( GEOMETRIC_REPRESENTATION_CONTEXT(2) 
PARAMETRIC_REPRESENTATION_CONTEXT() REPRESENTATION_CONTEXT('2D SPACE',''
  ) );
#13544 = ORIENTED_EDGE('',*,*,#12785,.F.);
#13545 = ADVANCED_FACE('',(#13546),#11651,.T.);
#13546 = FACE_BOUND('',#13547,.T.);
#13547 = EDGE_LOOP('',(#13548,#13549,#13550,#13571));
#13548 = ORIENTED_EDGE('',*,*,#13524,.F.);
#13549 = ORIENTED_EDGE('',*,*,#11635,.F.);
#13550 = ORIENTED_EDGE('',*,*,#13551,.T.);
#13551 = EDGE_CURVE('',#11608,#12809,#13552,.T.);
#13552 = SURFACE_CURVE('',#13553,(#13557,#13564),.PCURVE_S1.);
#13553 = LINE('',#13554,#13555);
#13554 = CARTESIAN_POINT('',(2.347107410431,0.450449645519,0.8125));
#13555 = VECTOR('',#13556,1.);
#13556 = DIRECTION('',(0.,0.,-1.));
#13557 = PCURVE('',#11651,#13558);
#13558 = DEFINITIONAL_REPRESENTATION('',(#13559),#13563);
#13559 = LINE('',#13560,#13561);
#13560 = CARTESIAN_POINT('',(1.161184761005E-02,-8.998876081133E-02));
#13561 = VECTOR('',#13562,1.);
#13562 = DIRECTION('',(-0.,1.));
#13563 = ( GEOMETRIC_REPRESENTATION_CONTEXT(2) 
PARAMETRIC_REPRESENTATION_CONTEXT() REPRESENTATION_CONTEXT('2D SPACE',''
  ) );
#13564 = PCURVE('',#11623,#13565);
#13565 = DEFINITIONAL_REPRESENTATION('',(#13566),#13570);
#13566 = LINE('',#13567,#13568);
#13567 = CARTESIAN_POINT('',(-3.662189507794E-03,-9.035319192955E-02));
#13568 = VECTOR('',#13569,1.);
#13569 = DIRECTION('',(-0.,1.));
#13570 = ( GEOMETRIC_REPRESENTATION_CONTEXT(2) 
PARAMETRIC_REPRESENTATION_CONTEXT() REPRESENTATION_CONTEXT('2D SPACE',''
  ) );
#13571 = ORIENTED_EDGE('',*,*,#12808,.F.);
#13572 = ADVANCED_FACE('',(#13573),#11623,.T.);
#13573 = FACE_BOUND('',#13574,.T.);
#13574 = EDGE_LOOP('',(#13575,#13576,#13577,#13598));
#13575 = ORIENTED_EDGE('',*,*,#13551,.F.);
#13576 = ORIENTED_EDGE('',*,*,#11607,.F.);
#13577 = ORIENTED_EDGE('',*,*,#13578,.T.);
#13578 = EDGE_CURVE('',#11580,#12832,#13579,.T.);
#13579 = SURFACE_CURVE('',#13580,(#13584,#13591),.PCURVE_S1.);
#13580 = LINE('',#13581,#13582);
#13581 = CARTESIAN_POINT('',(2.334152936935,0.444837212563,0.8125));
#13582 = VECTOR('',#13583,1.);
#13583 = DIRECTION('',(0.,0.,-1.));
#13584 = PCURVE('',#11623,#13585);
#13585 = DEFINITIONAL_REPRESENTATION('',(#13586),#13590);
#13586 = LINE('',#13587,#13588);
#13587 = CARTESIAN_POINT('',(1.045580564869E-02,-9.035319192955E-02));
#13588 = VECTOR('',#13589,1.);
#13589 = DIRECTION('',(-0.,1.));
#13590 = ( GEOMETRIC_REPRESENTATION_CONTEXT(2) 
PARAMETRIC_REPRESENTATION_CONTEXT() REPRESENTATION_CONTEXT('2D SPACE',''
  ) );
#13591 = PCURVE('',#11595,#13592);
#13592 = DEFINITIONAL_REPRESENTATION('',(#13593),#13597);
#13593 = LINE('',#13594,#13595);
#13594 = CARTESIAN_POINT('',(-2.961089804038E-03,-9.096484801255E-02));
#13595 = VECTOR('',#13596,1.);
#13596 = DIRECTION('',(-0.,1.));
#13597 = ( GEOMETRIC_REPRESENTATION_CONTEXT(2) 
PARAMETRIC_REPRESENTATION_CONTEXT() REPRESENTATION_CONTEXT('2D SPACE',''
  ) );
#13598 = ORIENTED_EDGE('',*,*,#12831,.F.);
#13599 = ADVANCED_FACE('',(#13600),#11595,.T.);
#13600 = FACE_BOUND('',#13601,.T.);
#13601 = EDGE_LOOP('',(#13602,#13603,#13604,#13625));
#13602 = ORIENTED_EDGE('',*,*,#13578,.F.);
#13603 = ORIENTED_EDGE('',*,*,#11579,.F.);
#13604 = ORIENTED_EDGE('',*,*,#13605,.T.);
#13605 = EDGE_CURVE('',#11552,#12855,#13606,.T.);
#13606 = SURFACE_CURVE('',#13607,(#13611,#13618),.PCURVE_S1.);
#13607 = LINE('',#13608,#13609);
#13608 = CARTESIAN_POINT('',(2.324501037598,0.438598781824,0.8125));
#13609 = VECTOR('',#13610,1.);
#13610 = DIRECTION('',(0.,0.,-1.));
#13611 = PCURVE('',#11595,#13612);
#13612 = DEFINITIONAL_REPRESENTATION('',(#13613),#13617);
#13613 = LINE('',#13614,#13615);
#13614 = CARTESIAN_POINT('',(8.531393778932E-03,-9.096484801255E-02));
#13615 = VECTOR('',#13616,1.);
#13616 = DIRECTION('',(-0.,1.));
#13617 = ( GEOMETRIC_REPRESENTATION_CONTEXT(2) 
PARAMETRIC_REPRESENTATION_CONTEXT() REPRESENTATION_CONTEXT('2D SPACE',''
  ) );
#13618 = PCURVE('',#11567,#13619);
#13619 = DEFINITIONAL_REPRESENTATION('',(#13620),#13624);
#13620 = LINE('',#13621,#13622);
#13621 = CARTESIAN_POINT('',(-3.172330975092E-03,-9.077875235182E-02));
#13622 = VECTOR('',#13623,1.);
#13623 = DIRECTION('',(-0.,1.));
#13624 = ( GEOMETRIC_REPRESENTATION_CONTEXT(2) 
PARAMETRIC_REPRESENTATION_CONTEXT() REPRESENTATION_CONTEXT('2D SPACE',''
  ) );
#13625 = ORIENTED_EDGE('',*,*,#12854,.F.);
#13626 = ADVANCED_FACE('',(#13627),#11567,.T.);
#13627 = FACE_BOUND('',#13628,.T.);
#13628 = EDGE_LOOP('',(#13629,#13630,#13631,#13652));
#13629 = ORIENTED_EDGE('',*,*,#13605,.F.);
#13630 = ORIENTED_EDGE('',*,*,#11551,.F.);
#13631 = ORIENTED_EDGE('',*,*,#13632,.F.);
#13632 = EDGE_CURVE('',#12878,#11524,#13633,.T.);
#13633 = SURFACE_CURVE('',#13634,(#13638,#13645),.PCURVE_S1.);
#13634 = LINE('',#13635,#13636);
#13635 = CARTESIAN_POINT('',(2.315419197083,0.430322647095,0.625));
#13636 = VECTOR('',#13637,1.);
#13637 = DIRECTION('',(0.,0.,1.));
#13638 = PCURVE('',#11567,#13639);
#13639 = DEFINITIONAL_REPRESENTATION('',(#13640),#13644);
#13640 = LINE('',#13641,#13642);
#13641 = CARTESIAN_POINT('',(9.114826271452E-03,9.672124764818E-02));
#13642 = VECTOR('',#13643,1.);
#13643 = DIRECTION('',(0.,-1.));
#13644 = ( GEOMETRIC_REPRESENTATION_CONTEXT(2) 
PARAMETRIC_REPRESENTATION_CONTEXT() REPRESENTATION_CONTEXT('2D SPACE',''
  ) );
#13645 = PCURVE('',#11539,#13646);
#13646 = DEFINITIONAL_REPRESENTATION('',(#13647),#13651);
#13647 = LINE('',#13648,#13649);
#13648 = CARTESIAN_POINT('',(3.191214434104E-03,-9.673780681323E-02));
#13649 = VECTOR('',#13650,1.);
#13650 = DIRECTION('',(0.,1.));
#13651 = ( GEOMETRIC_REPRESENTATION_CONTEXT(2) 
PARAMETRIC_REPRESENTATION_CONTEXT() REPRESENTATION_CONTEXT('2D SPACE',''
  ) );
#13652 = ORIENTED_EDGE('',*,*,#12877,.F.);
#13653 = ADVANCED_FACE('',(#13654),#11539,.T.);
#13654 = FACE_BOUND('',#13655,.T.);
#13655 = EDGE_LOOP('',(#13656,#13657,#13658,#13679));
#13656 = ORIENTED_EDGE('',*,*,#13632,.T.);
#13657 = ORIENTED_EDGE('',*,*,#11523,.F.);
#13658 = ORIENTED_EDGE('',*,*,#13659,.T.);
#13659 = EDGE_CURVE('',#11496,#12901,#13660,.T.);
#13660 = SURFACE_CURVE('',#13661,(#13665,#13672),.PCURVE_S1.);
#13661 = LINE('',#13662,#13663);
#13662 = CARTESIAN_POINT('',(2.307801485062,0.420591682196,0.8125));
#13663 = VECTOR('',#13664,1.);
#13664 = DIRECTION('',(0.,0.,-1.));
#13665 = PCURVE('',#11539,#13666);
#13666 = DEFINITIONAL_REPRESENTATION('',(#13667),#13671);
#13667 = LINE('',#13668,#13669);
#13668 = CARTESIAN_POINT('',(-9.166828060554E-03,9.076219318677E-02));
#13669 = VECTOR('',#13670,1.);
#13670 = DIRECTION('',(0.,-1.));
#13671 = ( GEOMETRIC_REPRESENTATION_CONTEXT(2) 
PARAMETRIC_REPRESENTATION_CONTEXT() REPRESENTATION_CONTEXT('2D SPACE',''
  ) );
#13672 = PCURVE('',#11511,#13673);
#13673 = DEFINITIONAL_REPRESENTATION('',(#13674),#13678);
#13674 = LINE('',#13675,#13676);
#13675 = CARTESIAN_POINT('',(3.518412901616E-03,9.047723883407E-02));
#13676 = VECTOR('',#13677,1.);
#13677 = DIRECTION('',(0.,-1.));
#13678 = ( GEOMETRIC_REPRESENTATION_CONTEXT(2) 
PARAMETRIC_REPRESENTATION_CONTEXT() REPRESENTATION_CONTEXT('2D SPACE',''
  ) );
#13679 = ORIENTED_EDGE('',*,*,#12900,.F.);
#13680 = ADVANCED_FACE('',(#13681),#11511,.T.);
#13681 = FACE_BOUND('',#13682,.T.);
#13682 = EDGE_LOOP('',(#13683,#13684,#13685,#13706));
#13683 = ORIENTED_EDGE('',*,*,#13659,.F.);
#13684 = ORIENTED_EDGE('',*,*,#11495,.F.);
#13685 = ORIENTED_EDGE('',*,*,#13686,.T.);
#13686 = EDGE_CURVE('',#11468,#12924,#13687,.T.);
#13687 = SURFACE_CURVE('',#13688,(#13692,#13699),.PCURVE_S1.);
#13688 = LINE('',#13689,#13690);
#13689 = CARTESIAN_POINT('',(2.301211357117,0.408715218306,0.8125));
#13690 = VECTOR('',#13691,1.);
#13691 = DIRECTION('',(0.,0.,-1.));
#13692 = PCURVE('',#11511,#13693);
#13693 = DEFINITIONAL_REPRESENTATION('',(#13694),#13698);
#13694 = LINE('',#13695,#13696);
#13695 = CARTESIAN_POINT('',(-1.006393523348E-02,9.047723883407E-02));
#13696 = VECTOR('',#13697,1.);
#13697 = DIRECTION('',(0.,-1.));
#13698 = ( GEOMETRIC_REPRESENTATION_CONTEXT(2) 
PARAMETRIC_REPRESENTATION_CONTEXT() REPRESENTATION_CONTEXT('2D SPACE',''
  ) );
#13699 = PCURVE('',#11483,#13700);
#13700 = DEFINITIONAL_REPRESENTATION('',(#13701),#13705);
#13701 = LINE('',#13702,#13703);
#13702 = CARTESIAN_POINT('',(5.811543278356E-03,8.857949394243E-02));
#13703 = VECTOR('',#13704,1.);
#13704 = DIRECTION('',(0.,-1.));
#13705 = ( GEOMETRIC_REPRESENTATION_CONTEXT(2) 
PARAMETRIC_REPRESENTATION_CONTEXT() REPRESENTATION_CONTEXT('2D SPACE',''
  ) );
#13706 = ORIENTED_EDGE('',*,*,#12923,.F.);
#13707 = ADVANCED_FACE('',(#13708),#11483,.T.);
#13708 = FACE_BOUND('',#13709,.T.);
#13709 = EDGE_LOOP('',(#13710,#13711,#13712,#13733));
#13710 = ORIENTED_EDGE('',*,*,#13686,.F.);
#13711 = ORIENTED_EDGE('',*,*,#11467,.F.);
#13712 = ORIENTED_EDGE('',*,*,#13713,.T.);
#13713 = EDGE_CURVE('',#11440,#12947,#13714,.T.);
#13714 = SURFACE_CURVE('',#13715,(#13719,#13726),.PCURVE_S1.);
#13715 = LINE('',#13716,#13717);
#13716 = CARTESIAN_POINT('',(2.293748855591,0.38805770874,0.8125));
#13717 = VECTOR('',#13718,1.);
#13718 = DIRECTION('',(0.,0.,-1.));
#13719 = PCURVE('',#11483,#13720);
#13720 = DEFINITIONAL_REPRESENTATION('',(#13721),#13725);
#13721 = LINE('',#13722,#13723);
#13722 = CARTESIAN_POINT('',(-1.615255539349E-02,8.857949394243E-02));
#13723 = VECTOR('',#13724,1.);
#13724 = DIRECTION('',(0.,-1.));
#13725 = ( GEOMETRIC_REPRESENTATION_CONTEXT(2) 
PARAMETRIC_REPRESENTATION_CONTEXT() REPRESENTATION_CONTEXT('2D SPACE',''
  ) );
#13726 = PCURVE('',#11455,#13727);
#13727 = DEFINITIONAL_REPRESENTATION('',(#13728),#13732);
#13728 = LINE('',#13729,#13730);
#13729 = CARTESIAN_POINT('',(1.541540208693E-02,8.214954553807E-02));
#13730 = VECTOR('',#13731,1.);
#13731 = DIRECTION('',(0.,-1.));
#13732 = ( GEOMETRIC_REPRESENTATION_CONTEXT(2) 
PARAMETRIC_REPRESENTATION_CONTEXT() REPRESENTATION_CONTEXT('2D SPACE',''
  ) );
#13733 = ORIENTED_EDGE('',*,*,#12946,.F.);
#13734 = ADVANCED_FACE('',(#13735),#11455,.T.);
#13735 = FACE_BOUND('',#13736,.T.);
#13736 = EDGE_LOOP('',(#13737,#13738,#13739,#13760));
#13737 = ORIENTED_EDGE('',*,*,#13713,.F.);
#13738 = ORIENTED_EDGE('',*,*,#11439,.F.);
#13739 = ORIENTED_EDGE('',*,*,#13740,.T.);
#13740 = EDGE_CURVE('',#11412,#12970,#13741,.T.);
#13741 = SURFACE_CURVE('',#13742,(#13746,#13753),.PCURVE_S1.);
#13742 = LINE('',#13743,#13744);
#13743 = CARTESIAN_POINT('',(2.282519102097,0.335205852985,0.8125));
#13744 = VECTOR('',#13745,1.);
#13745 = DIRECTION('',(0.,0.,-1.));
#13746 = PCURVE('',#11455,#13747);
#13747 = DEFINITIONAL_REPRESENTATION('',(#13748),#13752);
#13748 = LINE('',#13749,#13750);
#13749 = CARTESIAN_POINT('',(-3.861631101079E-02,8.214954553807E-02));
#13750 = VECTOR('',#13751,1.);
#13751 = DIRECTION('',(0.,-1.));
#13752 = ( GEOMETRIC_REPRESENTATION_CONTEXT(2) 
PARAMETRIC_REPRESENTATION_CONTEXT() REPRESENTATION_CONTEXT('2D SPACE',''
  ) );
#13753 = PCURVE('',#11427,#13754);
#13754 = DEFINITIONAL_REPRESENTATION('',(#13755),#13759);
#13755 = LINE('',#13756,#13757);
#13756 = CARTESIAN_POINT('',(1.918473854665E-02,8.013679717542E-02));
#13757 = VECTOR('',#13758,1.);
#13758 = DIRECTION('',(0.,-1.));
#13759 = ( GEOMETRIC_REPRESENTATION_CONTEXT(2) 
PARAMETRIC_REPRESENTATION_CONTEXT() REPRESENTATION_CONTEXT('2D SPACE',''
  ) );
#13760 = ORIENTED_EDGE('',*,*,#12969,.F.);
#13761 = ADVANCED_FACE('',(#13762),#11427,.T.);
#13762 = FACE_BOUND('',#13763,.T.);
#13763 = EDGE_LOOP('',(#13764,#13765,#13766,#13787));
#13764 = ORIENTED_EDGE('',*,*,#13740,.F.);
#13765 = ORIENTED_EDGE('',*,*,#11411,.F.);
#13766 = ORIENTED_EDGE('',*,*,#13767,.T.);
#13767 = EDGE_CURVE('',#11384,#12993,#13768,.T.);
#13768 = SURFACE_CURVE('',#13769,(#13773,#13780),.PCURVE_S1.);
#13769 = LINE('',#13770,#13771);
#13770 = CARTESIAN_POINT('',(2.267906188965,0.271258354187,0.8125));
#13771 = VECTOR('',#13772,1.);
#13772 = DIRECTION('',(0.,0.,-1.));
#13773 = PCURVE('',#11427,#13774);
#13774 = DEFINITIONAL_REPRESENTATION('',(#13775),#13779);
#13775 = LINE('',#13776,#13777);
#13776 = CARTESIAN_POINT('',(-4.641114419581E-02,8.013679717542E-02));
#13777 = VECTOR('',#13778,1.);
#13778 = DIRECTION('',(0.,-1.));
#13779 = ( GEOMETRIC_REPRESENTATION_CONTEXT(2) 
PARAMETRIC_REPRESENTATION_CONTEXT() REPRESENTATION_CONTEXT('2D SPACE',''
  ) );
#13780 = PCURVE('',#11399,#13781);
#13781 = DEFINITIONAL_REPRESENTATION('',(#13782),#13786);
#13782 = LINE('',#13783,#13784);
#13783 = CARTESIAN_POINT('',(2.475477924886E-02,0.101491160459));
#13784 = VECTOR('',#13785,1.);
#13785 = DIRECTION('',(0.,-1.));
#13786 = ( GEOMETRIC_REPRESENTATION_CONTEXT(2) 
PARAMETRIC_REPRESENTATION_CONTEXT() REPRESENTATION_CONTEXT('2D SPACE',''
  ) );
#13787 = ORIENTED_EDGE('',*,*,#12992,.F.);
#13788 = ADVANCED_FACE('',(#13789),#11399,.T.);
#13789 = FACE_BOUND('',#13790,.T.);
#13790 = EDGE_LOOP('',(#13791,#13812,#13813,#13814));
#13791 = ORIENTED_EDGE('',*,*,#13792,.F.);
#13792 = EDGE_CURVE('',#13016,#11356,#13793,.T.);
#13793 = SURFACE_CURVE('',#13794,(#13798,#13805),.PCURVE_S1.);
#13794 = LINE('',#13795,#13796);
#13795 = CARTESIAN_POINT('',(2.255183935165,0.239698931575,0.625));
#13796 = VECTOR('',#13797,1.);
#13797 = DIRECTION('',(0.,0.,1.));
#13798 = PCURVE('',#11399,#13799);
#13799 = DEFINITIONAL_REPRESENTATION('',(#13800),#13804);
#13800 = LINE('',#13801,#13802);
#13801 = CARTESIAN_POINT('',(-9.27245833153E-03,-8.600883954134E-02));
#13802 = VECTOR('',#13803,1.);
#13803 = DIRECTION('',(0.,1.));
#13804 = ( GEOMETRIC_REPRESENTATION_CONTEXT(2) 
PARAMETRIC_REPRESENTATION_CONTEXT() REPRESENTATION_CONTEXT('2D SPACE',''
  ) );
#13805 = PCURVE('',#11371,#13806);
#13806 = DEFINITIONAL_REPRESENTATION('',(#13807),#13811);
#13807 = LINE('',#13808,#13809);
#13808 = CARTESIAN_POINT('',(1.542860095357E-02,-8.880179553841E-02));
#13809 = VECTOR('',#13810,1.);
#13810 = DIRECTION('',(0.,1.));
#13811 = ( GEOMETRIC_REPRESENTATION_CONTEXT(2) 
PARAMETRIC_REPRESENTATION_CONTEXT() REPRESENTATION_CONTEXT('2D SPACE',''
  ) );
#13812 = ORIENTED_EDGE('',*,*,#13015,.F.);
#13813 = ORIENTED_EDGE('',*,*,#13767,.F.);
#13814 = ORIENTED_EDGE('',*,*,#11383,.F.);
#13815 = ADVANCED_FACE('',(#13816),#11371,.T.);
#13816 = FACE_BOUND('',#13817,.T.);
#13817 = EDGE_LOOP('',(#13818,#13839,#13840,#13841));
#13818 = ORIENTED_EDGE('',*,*,#13819,.F.);
#13819 = EDGE_CURVE('',#13039,#11328,#13820,.T.);
#13820 = SURFACE_CURVE('',#13821,(#13825,#13832),.PCURVE_S1.);
#13821 = LINE('',#13822,#13823);
#13822 = CARTESIAN_POINT('',(2.244300365448,0.22178517282,0.625));
#13823 = VECTOR('',#13824,1.);
#13824 = DIRECTION('',(0.,0.,1.));
#13825 = PCURVE('',#11371,#13826);
#13826 = DEFINITIONAL_REPRESENTATION('',(#13827),#13831);
#13827 = LINE('',#13828,#13829);
#13828 = CARTESIAN_POINT('',(-5.532192030386E-03,-8.880179553841E-02));
#13829 = VECTOR('',#13830,1.);
#13830 = DIRECTION('',(0.,1.));
#13831 = ( GEOMETRIC_REPRESENTATION_CONTEXT(2) 
PARAMETRIC_REPRESENTATION_CONTEXT() REPRESENTATION_CONTEXT('2D SPACE',''
  ) );
#13832 = PCURVE('',#11343,#13833);
#13833 = DEFINITIONAL_REPRESENTATION('',(#13834),#13838);
#13834 = LINE('',#13835,#13836);
#13835 = CARTESIAN_POINT('',(1.340119552831E-02,-8.942917601316E-02));
#13836 = VECTOR('',#13837,1.);
#13837 = DIRECTION('',(0.,1.));
#13838 = ( GEOMETRIC_REPRESENTATION_CONTEXT(2) 
PARAMETRIC_REPRESENTATION_CONTEXT() REPRESENTATION_CONTEXT('2D SPACE',''
  ) );
#13839 = ORIENTED_EDGE('',*,*,#13038,.F.);
#13840 = ORIENTED_EDGE('',*,*,#13792,.T.);
#13841 = ORIENTED_EDGE('',*,*,#11355,.F.);
#13842 = ADVANCED_FACE('',(#13843),#11343,.T.);
#13843 = FACE_BOUND('',#13844,.T.);
#13844 = EDGE_LOOP('',(#13845,#13866,#13867,#13868));
#13845 = ORIENTED_EDGE('',*,*,#13846,.T.);
#13846 = EDGE_CURVE('',#11300,#13062,#13847,.T.);
#13847 = SURFACE_CURVE('',#13848,(#13852,#13859),.PCURVE_S1.);
#13848 = LINE('',#13849,#13850);
#13849 = CARTESIAN_POINT('',(2.232615947723,0.207882404327,0.8125));
#13850 = VECTOR('',#13851,1.);
#13851 = DIRECTION('',(0.,0.,-1.));
#13852 = PCURVE('',#11343,#13853);
#13853 = DEFINITIONAL_REPRESENTATION('',(#13854),#13858);
#13854 = LINE('',#13855,#13856);
#13855 = CARTESIAN_POINT('',(-4.759547554636E-03,9.807082398684E-02));
#13856 = VECTOR('',#13857,1.);
#13857 = DIRECTION('',(0.,-1.));
#13858 = ( GEOMETRIC_REPRESENTATION_CONTEXT(2) 
PARAMETRIC_REPRESENTATION_CONTEXT() REPRESENTATION_CONTEXT('2D SPACE',''
  ) );
#13859 = PCURVE('',#11315,#13860);
#13860 = DEFINITIONAL_REPRESENTATION('',(#13861),#13865);
#13861 = LINE('',#13862,#13863);
#13862 = CARTESIAN_POINT('',(-4.423086650839E-03,-8.970828616047E-02));
#13863 = VECTOR('',#13864,1.);
#13864 = DIRECTION('',(-0.,1.));
#13865 = ( GEOMETRIC_REPRESENTATION_CONTEXT(2) 
PARAMETRIC_REPRESENTATION_CONTEXT() REPRESENTATION_CONTEXT('2D SPACE',''
  ) );
#13866 = ORIENTED_EDGE('',*,*,#13061,.F.);
#13867 = ORIENTED_EDGE('',*,*,#13819,.T.);
#13868 = ORIENTED_EDGE('',*,*,#11327,.F.);
#13869 = ADVANCED_FACE('',(#13870),#11315,.T.);
#13870 = FACE_BOUND('',#13871,.T.);
#13871 = EDGE_LOOP('',(#13872,#13873,#13874,#13895));
#13872 = ORIENTED_EDGE('',*,*,#13846,.F.);
#13873 = ORIENTED_EDGE('',*,*,#11299,.F.);
#13874 = ORIENTED_EDGE('',*,*,#13875,.T.);
#13875 = EDGE_CURVE('',#11272,#13085,#13876,.T.);
#13876 = SURFACE_CURVE('',#13877,(#13881,#13888),.PCURVE_S1.);
#13877 = LINE('',#13878,#13879);
#13878 = CARTESIAN_POINT('',(2.219833850861,0.196781530976,0.8125));
#13879 = VECTOR('',#13880,1.);
#13880 = DIRECTION('',(0.,0.,-1.));
#13881 = PCURVE('',#11315,#13882);
#13882 = DEFINITIONAL_REPRESENTATION('',(#13883),#13887);
#13883 = LINE('',#13884,#13885);
#13884 = CARTESIAN_POINT('',(1.25065143299E-02,-8.970828616047E-02));
#13885 = VECTOR('',#13886,1.);
#13886 = DIRECTION('',(-0.,1.));
#13887 = ( GEOMETRIC_REPRESENTATION_CONTEXT(2) 
PARAMETRIC_REPRESENTATION_CONTEXT() REPRESENTATION_CONTEXT('2D SPACE',''
  ) );
#13888 = PCURVE('',#11287,#13889);
#13889 = DEFINITIONAL_REPRESENTATION('',(#13890),#13894);
#13890 = LINE('',#13891,#13892);
#13891 = CARTESIAN_POINT('',(-4.909782091313E-03,-8.930572069176E-02));
#13892 = VECTOR('',#13893,1.);
#13893 = DIRECTION('',(-0.,1.));
#13894 = ( GEOMETRIC_REPRESENTATION_CONTEXT(2) 
PARAMETRIC_REPRESENTATION_CONTEXT() REPRESENTATION_CONTEXT('2D SPACE',''
  ) );
#13895 = ORIENTED_EDGE('',*,*,#13084,.F.);
#13896 = ADVANCED_FACE('',(#13897),#11287,.T.);
#13897 = FACE_BOUND('',#13898,.T.);
#13898 = EDGE_LOOP('',(#13899,#13900,#13901,#13922));
#13899 = ORIENTED_EDGE('',*,*,#13875,.F.);
#13900 = ORIENTED_EDGE('',*,*,#11271,.F.);
#13901 = ORIENTED_EDGE('',*,*,#13902,.T.);
#13902 = EDGE_CURVE('',#11244,#13108,#13903,.T.);
#13903 = SURFACE_CURVE('',#13904,(#13908,#13915),.PCURVE_S1.);
#13904 = LINE('',#13905,#13906);
#13905 = CARTESIAN_POINT('',(2.203911781311,0.186959028244,0.8125));
#13906 = VECTOR('',#13907,1.);
#13907 = DIRECTION('',(0.,0.,-1.));
#13908 = PCURVE('',#11287,#13909);
#13909 = DEFINITIONAL_REPRESENTATION('',(#13910),#13914);
#13910 = LINE('',#13911,#13912);
#13911 = CARTESIAN_POINT('',(1.37983407078E-02,-8.930572069176E-02));
#13912 = VECTOR('',#13913,1.);
#13913 = DIRECTION('',(-0.,1.));
#13914 = ( GEOMETRIC_REPRESENTATION_CONTEXT(2) 
PARAMETRIC_REPRESENTATION_CONTEXT() REPRESENTATION_CONTEXT('2D SPACE',''
  ) );
#13915 = PCURVE('',#11259,#13916);
#13916 = DEFINITIONAL_REPRESENTATION('',(#13917),#13921);
#13917 = LINE('',#13918,#13919);
#13918 = CARTESIAN_POINT('',(-7.634753011912E-03,-8.718458688292E-02));
#13919 = VECTOR('',#13920,1.);
#13920 = DIRECTION('',(-0.,1.));
#13921 = ( GEOMETRIC_REPRESENTATION_CONTEXT(2) 
PARAMETRIC_REPRESENTATION_CONTEXT() REPRESENTATION_CONTEXT('2D SPACE',''
  ) );
#13922 = ORIENTED_EDGE('',*,*,#13107,.F.);
#13923 = ADVANCED_FACE('',(#13924),#11259,.T.);
#13924 = FACE_BOUND('',#13925,.T.);
#13925 = EDGE_LOOP('',(#13926,#13927,#13928,#13949));
#13926 = ORIENTED_EDGE('',*,*,#13902,.F.);
#13927 = ORIENTED_EDGE('',*,*,#11243,.F.);
#13928 = ORIENTED_EDGE('',*,*,#13929,.T.);
#13929 = EDGE_CURVE('',#11216,#13131,#13930,.T.);
#13930 = SURFACE_CURVE('',#13931,(#13935,#13942),.PCURVE_S1.);
#13931 = LINE('',#13932,#13933);
#13932 = CARTESIAN_POINT('',(2.177666187286,0.176107868552,0.8125));
#13933 = VECTOR('',#13934,1.);
#13934 = DIRECTION('',(0.,0.,-1.));
#13935 = PCURVE('',#11259,#13936);
#13936 = DEFINITIONAL_REPRESENTATION('',(#13937),#13941);
#13937 = LINE('',#13938,#13939);
#13938 = CARTESIAN_POINT('',(2.076557924608E-02,-8.718458688292E-02));
#13939 = VECTOR('',#13940,1.);
#13940 = DIRECTION('',(-0.,1.));
#13941 = ( GEOMETRIC_REPRESENTATION_CONTEXT(2) 
PARAMETRIC_REPRESENTATION_CONTEXT() REPRESENTATION_CONTEXT('2D SPACE',''
  ) );
#13942 = PCURVE('',#11231,#13943);
#13943 = DEFINITIONAL_REPRESENTATION('',(#13944),#13948);
#13944 = LINE('',#13945,#13946);
#13945 = CARTESIAN_POINT('',(-9.378991026295E-03,-8.593472865059E-02));
#13946 = VECTOR('',#13947,1.);
#13947 = DIRECTION('',(-0.,1.));
#13948 = ( GEOMETRIC_REPRESENTATION_CONTEXT(2) 
PARAMETRIC_REPRESENTATION_CONTEXT() REPRESENTATION_CONTEXT('2D SPACE',''
  ) );
#13949 = ORIENTED_EDGE('',*,*,#13130,.F.);
#13950 = ADVANCED_FACE('',(#13951),#11231,.T.);
#13951 = FACE_BOUND('',#13952,.T.);
#13952 = EDGE_LOOP('',(#13953,#13954,#13955,#13976));
#13953 = ORIENTED_EDGE('',*,*,#13929,.F.);
#13954 = ORIENTED_EDGE('',*,*,#11215,.F.);
#13955 = ORIENTED_EDGE('',*,*,#13956,.T.);
#13956 = EDGE_CURVE('',#11188,#13154,#13957,.T.);
#13957 = SURFACE_CURVE('',#13958,(#13962,#13969),.PCURVE_S1.);
#13958 = LINE('',#13959,#13960);
#13959 = CARTESIAN_POINT('',(2.14447927475,0.167096793652,0.8125));
#13960 = VECTOR('',#13961,1.);
#13961 = DIRECTION('',(0.,0.,-1.));
#13962 = PCURVE('',#11231,#13963);
#13963 = DEFINITIONAL_REPRESENTATION('',(#13964),#13968);
#13964 = LINE('',#13965,#13966);
#13965 = CARTESIAN_POINT('',(2.500953372511E-02,-8.593472865059E-02));
#13966 = VECTOR('',#13967,1.);
#13967 = DIRECTION('',(-0.,1.));
#13968 = ( GEOMETRIC_REPRESENTATION_CONTEXT(2) 
PARAMETRIC_REPRESENTATION_CONTEXT() REPRESENTATION_CONTEXT('2D SPACE',''
  ) );
#13969 = PCURVE('',#11203,#13970);
#13970 = DEFINITIONAL_REPRESENTATION('',(#13971),#13975);
#13971 = LINE('',#13972,#13973);
#13972 = CARTESIAN_POINT('',(-1.950639239855E-02,-7.997562572668E-02));
#13973 = VECTOR('',#13974,1.);
#13974 = DIRECTION('',(-0.,1.));
#13975 = ( GEOMETRIC_REPRESENTATION_CONTEXT(2) 
PARAMETRIC_REPRESENTATION_CONTEXT() REPRESENTATION_CONTEXT('2D SPACE',''
  ) );
#13976 = ORIENTED_EDGE('',*,*,#13153,.F.);
#13977 = ADVANCED_FACE('',(#13978),#11203,.T.);
#13978 = FACE_BOUND('',#13979,.T.);
#13979 = EDGE_LOOP('',(#13980,#13981,#13982,#14003));
#13980 = ORIENTED_EDGE('',*,*,#13956,.F.);
#13981 = ORIENTED_EDGE('',*,*,#11187,.F.);
#13982 = ORIENTED_EDGE('',*,*,#13983,.T.);
#13983 = EDGE_CURVE('',#11160,#13177,#13984,.T.);
#13984 = SURFACE_CURVE('',#13985,(#13989,#13996),.PCURVE_S1.);
#13985 = LINE('',#13986,#13987);
#13986 = CARTESIAN_POINT('',(2.079147577286,0.154360741377,0.8125));
#13987 = VECTOR('',#13988,1.);
#13988 = DIRECTION('',(0.,0.,-1.));
#13989 = PCURVE('',#11203,#13990);
#13990 = DEFINITIONAL_REPRESENTATION('',(#13991),#13995);
#13991 = LINE('',#13992,#13993);
#13992 = CARTESIAN_POINT('',(4.705514094519E-02,-7.997562572668E-02));
#13993 = VECTOR('',#13994,1.);
#13994 = DIRECTION('',(-0.,1.));
#13995 = ( GEOMETRIC_REPRESENTATION_CONTEXT(2) 
PARAMETRIC_REPRESENTATION_CONTEXT() REPRESENTATION_CONTEXT('2D SPACE',''
  ) );
#13996 = PCURVE('',#11175,#13997);
#13997 = DEFINITIONAL_REPRESENTATION('',(#13998),#14002);
#13998 = LINE('',#13999,#14000);
#13999 = CARTESIAN_POINT('',(-3.770744616196E-03,-9.025999989785E-02));
#14000 = VECTOR('',#14001,1.);
#14001 = DIRECTION('',(-0.,1.));
#14002 = ( GEOMETRIC_REPRESENTATION_CONTEXT(2) 
PARAMETRIC_REPRESENTATION_CONTEXT() REPRESENTATION_CONTEXT('2D SPACE',''
  ) );
#14003 = ORIENTED_EDGE('',*,*,#13176,.F.);
#14004 = ADVANCED_FACE('',(#14005),#11175,.T.);
#14005 = FACE_BOUND('',#14006,.T.);
#14006 = EDGE_LOOP('',(#14007,#14008,#14009,#14030));
#14007 = ORIENTED_EDGE('',*,*,#13983,.F.);
#14008 = ORIENTED_EDGE('',*,*,#11159,.F.);
#14009 = ORIENTED_EDGE('',*,*,#14010,.T.);
#14010 = EDGE_CURVE('',#11132,#13200,#14011,.T.);
#14011 = SURFACE_CURVE('',#14012,(#14016,#14023),.PCURVE_S1.);
#14012 = LINE('',#14013,#14014);
#14013 = CARTESIAN_POINT('',(2.065090894699,0.150716111064,0.8125));
#14014 = VECTOR('',#14015,1.);
#14015 = DIRECTION('',(0.,0.,-1.));
#14016 = PCURVE('',#11175,#14017);
#14017 = DEFINITIONAL_REPRESENTATION('',(#14018),#14022);
#14018 = LINE('',#14019,#14020);
#14019 = CARTESIAN_POINT('',(1.075074482051E-02,-9.025999989785E-02));
#14020 = VECTOR('',#14021,1.);
#14021 = DIRECTION('',(-0.,1.));
#14022 = ( GEOMETRIC_REPRESENTATION_CONTEXT(2) 
PARAMETRIC_REPRESENTATION_CONTEXT() REPRESENTATION_CONTEXT('2D SPACE',''
  ) );
#14023 = PCURVE('',#11147,#14024);
#14024 = DEFINITIONAL_REPRESENTATION('',(#14025),#14029);
#14025 = LINE('',#14026,#14027);
#14026 = CARTESIAN_POINT('',(-2.091869946295E-03,-9.174749496261E-02));
#14027 = VECTOR('',#14028,1.);
#14028 = DIRECTION('',(-0.,1.));
#14029 = ( GEOMETRIC_REPRESENTATION_CONTEXT(2) 
PARAMETRIC_REPRESENTATION_CONTEXT() REPRESENTATION_CONTEXT('2D SPACE',''
  ) );
#14030 = ORIENTED_EDGE('',*,*,#13199,.F.);
#14031 = ADVANCED_FACE('',(#14032),#11147,.T.);
#14032 = FACE_BOUND('',#14033,.T.);
#14033 = EDGE_LOOP('',(#14034,#14035,#14036,#14057));
#14034 = ORIENTED_EDGE('',*,*,#14010,.F.);
#14035 = ORIENTED_EDGE('',*,*,#11131,.F.);
#14036 = ORIENTED_EDGE('',*,*,#14037,.T.);
#14037 = EDGE_CURVE('',#11104,#13223,#14038,.T.);
#14038 = SURFACE_CURVE('',#14039,(#14043,#14050),.PCURVE_S1.);
#14039 = LINE('',#14040,#14041);
#14040 = CARTESIAN_POINT('',(2.057433366776,0.147814750671,0.8125));
#14041 = VECTOR('',#14042,1.);
#14042 = DIRECTION('',(0.,0.,-1.));
#14043 = PCURVE('',#11147,#14044);
#14044 = DEFINITIONAL_REPRESENTATION('',(#14045),#14049);
#14045 = LINE('',#14046,#14047);
#14046 = CARTESIAN_POINT('',(6.096880021071E-03,-9.174749496261E-02));
#14047 = VECTOR('',#14048,1.);
#14048 = DIRECTION('',(-0.,1.));
#14049 = ( GEOMETRIC_REPRESENTATION_CONTEXT(2) 
PARAMETRIC_REPRESENTATION_CONTEXT() REPRESENTATION_CONTEXT('2D SPACE',''
  ) );
#14050 = PCURVE('',#11119,#14051);
#14051 = DEFINITIONAL_REPRESENTATION('',(#14052),#14056);
#14052 = LINE('',#14053,#14054);
#14053 = CARTESIAN_POINT('',(-1.149781332928E-03,-9.262774606182E-02));
#14054 = VECTOR('',#14055,1.);
#14055 = DIRECTION('',(-0.,1.));
#14056 = ( GEOMETRIC_REPRESENTATION_CONTEXT(2) 
PARAMETRIC_REPRESENTATION_CONTEXT() REPRESENTATION_CONTEXT('2D SPACE',''
  ) );
#14057 = ORIENTED_EDGE('',*,*,#13222,.F.);
#14058 = ADVANCED_FACE('',(#14059),#11119,.T.);
#14059 = FACE_BOUND('',#14060,.T.);
#14060 = EDGE_LOOP('',(#14061,#14062,#14063,#14084));
#14061 = ORIENTED_EDGE('',*,*,#14037,.F.);
#14062 = ORIENTED_EDGE('',*,*,#11103,.F.);
#14063 = ORIENTED_EDGE('',*,*,#14064,.T.);
#14064 = EDGE_CURVE('',#11076,#13246,#14065,.T.);
#14065 = SURFACE_CURVE('',#14066,(#14070,#14077),.PCURVE_S1.);
#14066 = LINE('',#14067,#14068);
#14067 = CARTESIAN_POINT('',(2.05345416069,0.145620554686,0.8125));
#14068 = VECTOR('',#14069,1.);
#14069 = DIRECTION('',(0.,0.,-1.));
#14070 = PCURVE('',#11119,#14071);
#14071 = DEFINITIONAL_REPRESENTATION('',(#14072),#14076);
#14072 = LINE('',#14073,#14074);
#14073 = CARTESIAN_POINT('',(3.394289209285E-03,-9.262774606182E-02));
#14074 = VECTOR('',#14075,1.);
#14075 = DIRECTION('',(-0.,1.));
#14076 = ( GEOMETRIC_REPRESENTATION_CONTEXT(2) 
PARAMETRIC_REPRESENTATION_CONTEXT() REPRESENTATION_CONTEXT('2D SPACE',''
  ) );
#14077 = PCURVE('',#11091,#14078);
#14078 = DEFINITIONAL_REPRESENTATION('',(#14079),#14083);
#14079 = LINE('',#14080,#14081);
#14080 = CARTESIAN_POINT('',(-6.361555524589E-04,-9.312236231839E-02));
#14081 = VECTOR('',#14082,1.);
#14082 = DIRECTION('',(-0.,1.));
#14083 = ( GEOMETRIC_REPRESENTATION_CONTEXT(2) 
PARAMETRIC_REPRESENTATION_CONTEXT() REPRESENTATION_CONTEXT('2D SPACE',''
  ) );
#14084 = ORIENTED_EDGE('',*,*,#13245,.F.);
#14085 = ADVANCED_FACE('',(#14086),#11091,.T.);
#14086 = FACE_BOUND('',#14087,.T.);
#14087 = EDGE_LOOP('',(#14088,#14089,#14090,#14111));
#14088 = ORIENTED_EDGE('',*,*,#14064,.F.);
#14089 = ORIENTED_EDGE('',*,*,#11075,.F.);
#14090 = ORIENTED_EDGE('',*,*,#14091,.T.);
#14091 = EDGE_CURVE('',#11048,#13269,#14092,.T.);
#14092 = SURFACE_CURVE('',#14093,(#14097,#14104),.PCURVE_S1.);
#14093 = LINE('',#14094,#14095);
#14094 = CARTESIAN_POINT('',(2.051447153091,0.144084125757,0.8125));
#14095 = VECTOR('',#14096,1.);
#14096 = DIRECTION('',(0.,0.,-1.));
#14097 = PCURVE('',#11091,#14098);
#14098 = DEFINITIONAL_REPRESENTATION('',(#14099),#14103);
#14099 = LINE('',#14100,#14101);
#14100 = CARTESIAN_POINT('',(1.891430915676E-03,-9.312236231839E-02));
#14101 = VECTOR('',#14102,1.);
#14102 = DIRECTION('',(-0.,1.));
#14103 = ( GEOMETRIC_REPRESENTATION_CONTEXT(2) 
PARAMETRIC_REPRESENTATION_CONTEXT() REPRESENTATION_CONTEXT('2D SPACE',''
  ) );
#14104 = PCURVE('',#11063,#14105);
#14105 = DEFINITIONAL_REPRESENTATION('',(#14106),#14110);
#14106 = LINE('',#14107,#14108);
#14107 = CARTESIAN_POINT('',(4.659720724558E-04,9.32886144403E-02));
#14108 = VECTOR('',#14109,1.);
#14109 = DIRECTION('',(0.,-1.));
#14110 = ( GEOMETRIC_REPRESENTATION_CONTEXT(2) 
PARAMETRIC_REPRESENTATION_CONTEXT() REPRESENTATION_CONTEXT('2D SPACE',''
  ) );
#14111 = ORIENTED_EDGE('',*,*,#13268,.F.);
#14112 = ADVANCED_FACE('',(#14113),#11063,.T.);
#14113 = FACE_BOUND('',#14114,.T.);
#14114 = EDGE_LOOP('',(#14115,#14116,#14117,#14138));
#14115 = ORIENTED_EDGE('',*,*,#14091,.F.);
#14116 = ORIENTED_EDGE('',*,*,#11047,.F.);
#14117 = ORIENTED_EDGE('',*,*,#14118,.T.);
#14118 = EDGE_CURVE('',#11020,#13292,#14119,.T.);
#14119 = SURFACE_CURVE('',#14120,(#14124,#14131),.PCURVE_S1.);
#14120 = LINE('',#14121,#14122);
#14121 = CARTESIAN_POINT('',(2.050155639648,0.142752975225,0.8125));
#14122 = VECTOR('',#14123,1.);
#14123 = DIRECTION('',(0.,0.,-1.));
#14124 = PCURVE('',#11063,#14125);
#14125 = DEFINITIONAL_REPRESENTATION('',(#14126),#14130);
#14126 = LINE('',#14127,#14128);
#14127 = CARTESIAN_POINT('',(-1.388743191853E-03,9.32886144403E-02));
#14128 = VECTOR('',#14129,1.);
#14129 = DIRECTION('',(0.,-1.));
#14130 = ( GEOMETRIC_REPRESENTATION_CONTEXT(2) 
PARAMETRIC_REPRESENTATION_CONTEXT() REPRESENTATION_CONTEXT('2D SPACE',''
  ) );
#14131 = PCURVE('',#11035,#14132);
#14132 = DEFINITIONAL_REPRESENTATION('',(#14133),#14137);
#14133 = LINE('',#14134,#14135);
#14134 = CARTESIAN_POINT('',(3.730472005375E-04,9.337989819556E-02));
#14135 = VECTOR('',#14136,1.);
#14136 = DIRECTION('',(0.,-1.));
#14137 = ( GEOMETRIC_REPRESENTATION_CONTEXT(2) 
PARAMETRIC_REPRESENTATION_CONTEXT() REPRESENTATION_CONTEXT('2D SPACE',''
  ) );
#14138 = ORIENTED_EDGE('',*,*,#13291,.F.);
#14139 = ADVANCED_FACE('',(#14140),#11035,.T.);
#14140 = FACE_BOUND('',#14141,.T.);
#14141 = EDGE_LOOP('',(#14142,#14143,#14144,#14165));
#14142 = ORIENTED_EDGE('',*,*,#14118,.F.);
#14143 = ORIENTED_EDGE('',*,*,#11019,.F.);
#14144 = ORIENTED_EDGE('',*,*,#14145,.T.);
#14145 = EDGE_CURVE('',#10992,#13315,#14146,.T.);
#14146 = SURFACE_CURVE('',#14147,(#14151,#14158),.PCURVE_S1.);
#14147 = LINE('',#14148,#14149);
#14148 = CARTESIAN_POINT('',(2.049297094345,0.141539722681,0.8125));
#14149 = VECTOR('',#14150,1.);
#14150 = DIRECTION('',(0.,0.,-1.));
#14151 = PCURVE('',#11035,#14152);
#14152 = DEFINITIONAL_REPRESENTATION('',(#14153),#14157);
#14153 = LINE('',#14154,#14155);
#14154 = CARTESIAN_POINT('',(-1.113250809417E-03,9.337989819556E-02));
#14155 = VECTOR('',#14156,1.);
#14156 = DIRECTION('',(0.,-1.));
#14157 = ( GEOMETRIC_REPRESENTATION_CONTEXT(2) 
PARAMETRIC_REPRESENTATION_CONTEXT() REPRESENTATION_CONTEXT('2D SPACE',''
  ) );
#14158 = PCURVE('',#11007,#14159);
#14159 = DEFINITIONAL_REPRESENTATION('',(#14160),#14164);
#14160 = LINE('',#14161,#14162);
#14161 = CARTESIAN_POINT('',(3.313851795373E-04,9.342094111884E-02));
#14162 = VECTOR('',#14163,1.);
#14163 = DIRECTION('',(0.,-1.));
#14164 = ( GEOMETRIC_REPRESENTATION_CONTEXT(2) 
PARAMETRIC_REPRESENTATION_CONTEXT() REPRESENTATION_CONTEXT('2D SPACE',''
  ) );
#14165 = ORIENTED_EDGE('',*,*,#13314,.F.);
#14166 = ADVANCED_FACE('',(#14167),#11007,.T.);
#14167 = FACE_BOUND('',#14168,.T.);
#14168 = EDGE_LOOP('',(#14169,#14170,#14171,#14192));
#14169 = ORIENTED_EDGE('',*,*,#14145,.F.);
#14170 = ORIENTED_EDGE('',*,*,#10991,.F.);
#14171 = ORIENTED_EDGE('',*,*,#14172,.T.);
#14172 = EDGE_CURVE('',#10964,#13338,#14173,.T.);
#14173 = SURFACE_CURVE('',#14174,(#14178,#14185),.PCURVE_S1.);
#14174 = LINE('',#14175,#14176);
#14175 = CARTESIAN_POINT('',(2.048712253571,0.140355363488,0.8125));
#14176 = VECTOR('',#14177,1.);
#14177 = DIRECTION('',(0.,0.,-1.));
#14178 = PCURVE('',#11007,#14179);
#14179 = DEFINITIONAL_REPRESENTATION('',(#14180),#14184);
#14180 = LINE('',#14181,#14182);
#14181 = CARTESIAN_POINT('',(-9.895029418584E-04,9.342094111884E-02));
#14182 = VECTOR('',#14183,1.);
#14183 = DIRECTION('',(0.,-1.));
#14184 = ( GEOMETRIC_REPRESENTATION_CONTEXT(2) 
PARAMETRIC_REPRESENTATION_CONTEXT() REPRESENTATION_CONTEXT('2D SPACE',''
  ) );
#14185 = PCURVE('',#10979,#14186);
#14186 = DEFINITIONAL_REPRESENTATION('',(#14187),#14191);
#14187 = LINE('',#14188,#14189);
#14188 = CARTESIAN_POINT('',(2.049668531307E-04,9.354592548843E-02));
#14189 = VECTOR('',#14190,1.);
#14190 = DIRECTION('',(0.,-1.));
#14191 = ( GEOMETRIC_REPRESENTATION_CONTEXT(2) 
PARAMETRIC_REPRESENTATION_CONTEXT() REPRESENTATION_CONTEXT('2D SPACE',''
  ) );
#14192 = ORIENTED_EDGE('',*,*,#13337,.F.);
#14193 = ADVANCED_FACE('',(#14194),#10979,.T.);
#14194 = FACE_BOUND('',#14195,.T.);
#14195 = EDGE_LOOP('',(#14196,#14197,#14198,#14219));
#14196 = ORIENTED_EDGE('',*,*,#14172,.F.);
#14197 = ORIENTED_EDGE('',*,*,#10963,.F.);
#14198 = ORIENTED_EDGE('',*,*,#14199,.T.);
#14199 = EDGE_CURVE('',#10936,#13361,#14200,.T.);
#14200 = SURFACE_CURVE('',#14201,(#14205,#14212),.PCURVE_S1.);
#14201 = LINE('',#14202,#14203);
#14202 = CARTESIAN_POINT('',(2.048448324203,0.139581024647,0.8125));
#14203 = VECTOR('',#14204,1.);
#14204 = DIRECTION('',(0.,0.,-1.));
#14205 = PCURVE('',#10979,#14206);
#14206 = DEFINITIONAL_REPRESENTATION('',(#14207),#14211);
#14207 = LINE('',#14208,#14209);
#14208 = CARTESIAN_POINT('',(-6.131158762797E-04,9.354592548843E-02));
#14209 = VECTOR('',#14210,1.);
#14210 = DIRECTION('',(0.,-1.));
#14211 = ( GEOMETRIC_REPRESENTATION_CONTEXT(2) 
PARAMETRIC_REPRESENTATION_CONTEXT() REPRESENTATION_CONTEXT('2D SPACE',''
  ) );
#14212 = PCURVE('',#10951,#14213);
#14213 = DEFINITIONAL_REPRESENTATION('',(#14214),#14218);
#14214 = LINE('',#14215,#14216);
#14215 = CARTESIAN_POINT('',(3.329293491066E-04,9.341941860288E-02));
#14216 = VECTOR('',#14217,1.);
#14217 = DIRECTION('',(0.,-1.));
#14218 = ( GEOMETRIC_REPRESENTATION_CONTEXT(2) 
PARAMETRIC_REPRESENTATION_CONTEXT() REPRESENTATION_CONTEXT('2D SPACE',''
  ) );
#14219 = ORIENTED_EDGE('',*,*,#13360,.F.);
#14220 = ADVANCED_FACE('',(#14221),#10951,.T.);
#14221 = FACE_BOUND('',#14222,.T.);
#14222 = EDGE_LOOP('',(#14223,#14224,#14225,#14246));
#14223 = ORIENTED_EDGE('',*,*,#14199,.F.);
#14224 = ORIENTED_EDGE('',*,*,#10935,.F.);
#14225 = ORIENTED_EDGE('',*,*,#14226,.T.);
#14226 = EDGE_CURVE('',#10908,#13384,#14227,.T.);
#14227 = SURFACE_CURVE('',#14228,(#14232,#14239),.PCURVE_S1.);
#14228 = LINE('',#14229,#14230);
#14229 = CARTESIAN_POINT('',(2.048190355301,0.13827931881,0.8125));
#14230 = VECTOR('',#14231,1.);
#14231 = DIRECTION('',(0.,0.,-1.));
#14232 = PCURVE('',#10951,#14233);
#14233 = DEFINITIONAL_REPRESENTATION('',(#14234),#14238);
#14234 = LINE('',#14235,#14236);
#14235 = CARTESIAN_POINT('',(-9.940921433465E-04,9.341941860288E-02));
#14236 = VECTOR('',#14237,1.);
#14237 = DIRECTION('',(0.,-1.));
#14238 = ( GEOMETRIC_REPRESENTATION_CONTEXT(2) 
PARAMETRIC_REPRESENTATION_CONTEXT() REPRESENTATION_CONTEXT('2D SPACE',''
  ) );
#14239 = PCURVE('',#10923,#14240);
#14240 = DEFINITIONAL_REPRESENTATION('',(#14241),#14245);
#14241 = LINE('',#14242,#14243);
#14242 = CARTESIAN_POINT('',(3.450760046082E-04,9.34074457501E-02));
#14243 = VECTOR('',#14244,1.);
#14244 = DIRECTION('',(0.,-1.));
#14245 = ( GEOMETRIC_REPRESENTATION_CONTEXT(2) 
PARAMETRIC_REPRESENTATION_CONTEXT() REPRESENTATION_CONTEXT('2D SPACE',''
  ) );
#14246 = ORIENTED_EDGE('',*,*,#13383,.F.);
#14247 = ADVANCED_FACE('',(#14248),#10923,.T.);
#14248 = FACE_BOUND('',#14249,.T.);
#14249 = EDGE_LOOP('',(#14250,#14251,#14252,#14273));
#14250 = ORIENTED_EDGE('',*,*,#14226,.F.);
#14251 = ORIENTED_EDGE('',*,*,#10907,.F.);
#14252 = ORIENTED_EDGE('',*,*,#14253,.T.);
#14253 = EDGE_CURVE('',#10880,#13407,#14254,.T.);
#14254 = SURFACE_CURVE('',#14255,(#14259,#14266),.PCURVE_S1.);
#14255 = LINE('',#14256,#14257);
#14256 = CARTESIAN_POINT('',(2.048141956329,0.136904910207,0.8125));
#14257 = VECTOR('',#14258,1.);
#14258 = DIRECTION('',(0.,0.,-1.));
#14259 = PCURVE('',#10923,#14260);
#14260 = DEFINITIONAL_REPRESENTATION('',(#14261),#14265);
#14261 = LINE('',#14262,#14263);
#14262 = CARTESIAN_POINT('',(-1.030184504409E-03,9.34074457501E-02));
#14263 = VECTOR('',#14264,1.);
#14264 = DIRECTION('',(0.,-1.));
#14265 = ( GEOMETRIC_REPRESENTATION_CONTEXT(2) 
PARAMETRIC_REPRESENTATION_CONTEXT() REPRESENTATION_CONTEXT('2D SPACE',''
  ) );
#14266 = PCURVE('',#10895,#14267);
#14267 = DEFINITIONAL_REPRESENTATION('',(#14268),#14272);
#14268 = LINE('',#14269,#14270);
#14269 = CARTESIAN_POINT('',(3.840185780492E-04,9.336910189023E-02));
#14270 = VECTOR('',#14271,1.);
#14271 = DIRECTION('',(0.,-1.));
#14272 = ( GEOMETRIC_REPRESENTATION_CONTEXT(2) 
PARAMETRIC_REPRESENTATION_CONTEXT() REPRESENTATION_CONTEXT('2D SPACE',''
  ) );
#14273 = ORIENTED_EDGE('',*,*,#13406,.F.);
#14274 = ADVANCED_FACE('',(#14275),#10895,.T.);
#14275 = FACE_BOUND('',#14276,.T.);
#14276 = EDGE_LOOP('',(#14277,#14278,#14279,#14300));
#14277 = ORIENTED_EDGE('',*,*,#14253,.F.);
#14278 = ORIENTED_EDGE('',*,*,#10879,.F.);
#14279 = ORIENTED_EDGE('',*,*,#14280,.T.);
#14280 = EDGE_CURVE('',#10852,#13430,#14281,.T.);
#14281 = SURFACE_CURVE('',#14282,(#14286,#14293),.PCURVE_S1.);
#14282 = LINE('',#14283,#14284);
#14283 = CARTESIAN_POINT('',(2.048321485519,0.135385647416,0.8125));
#14284 = VECTOR('',#14285,1.);
#14285 = DIRECTION('',(0.,0.,-1.));
#14286 = PCURVE('',#10895,#14287);
#14287 = DEFINITIONAL_REPRESENTATION('',(#14288),#14292);
#14288 = LINE('',#14289,#14290);
#14289 = CARTESIAN_POINT('',(-1.145814797593E-03,9.336910189023E-02));
#14290 = VECTOR('',#14291,1.);
#14291 = DIRECTION('',(0.,-1.));
#14292 = ( GEOMETRIC_REPRESENTATION_CONTEXT(2) 
PARAMETRIC_REPRESENTATION_CONTEXT() REPRESENTATION_CONTEXT('2D SPACE',''
  ) );
#14293 = PCURVE('',#10867,#14294);
#14294 = DEFINITIONAL_REPRESENTATION('',(#14295),#14299);
#14295 = LINE('',#14296,#14297);
#14296 = CARTESIAN_POINT('',(4.598086512321E-04,9.329465791369E-02));
#14297 = VECTOR('',#14298,1.);
#14298 = DIRECTION('',(0.,-1.));
#14299 = ( GEOMETRIC_REPRESENTATION_CONTEXT(2) 
PARAMETRIC_REPRESENTATION_CONTEXT() REPRESENTATION_CONTEXT('2D SPACE',''
  ) );
#14300 = ORIENTED_EDGE('',*,*,#13429,.F.);
#14301 = ADVANCED_FACE('',(#14302),#10867,.T.);
#14302 = FACE_BOUND('',#14303,.T.);
#14303 = EDGE_LOOP('',(#14304,#14305,#14306,#14327));
#14304 = ORIENTED_EDGE('',*,*,#14280,.F.);
#14305 = ORIENTED_EDGE('',*,*,#10851,.F.);
#14306 = ORIENTED_EDGE('',*,*,#14307,.T.);
#14307 = EDGE_CURVE('',#10824,#13453,#14308,.T.);
#14308 = SURFACE_CURVE('',#14309,(#14313,#14320),.PCURVE_S1.);
#14309 = LINE('',#14310,#14311);
#14310 = CARTESIAN_POINT('',(2.048796653748,0.133618101478,0.8125));
#14311 = VECTOR('',#14312,1.);
#14312 = DIRECTION('',(0.,0.,-1.));
#14313 = PCURVE('',#10867,#14314);
#14314 = DEFINITIONAL_REPRESENTATION('',(#14315),#14319);
#14315 = LINE('',#14316,#14317);
#14316 = CARTESIAN_POINT('',(-1.370492823859E-03,9.329465791369E-02));
#14317 = VECTOR('',#14318,1.);
#14318 = DIRECTION('',(0.,-1.));
#14319 = ( GEOMETRIC_REPRESENTATION_CONTEXT(2) 
PARAMETRIC_REPRESENTATION_CONTEXT() REPRESENTATION_CONTEXT('2D SPACE',''
  ) );
#14320 = PCURVE('',#10839,#14321);
#14321 = DEFINITIONAL_REPRESENTATION('',(#14322),#14326);
#14322 = LINE('',#14323,#14324);
#14323 = CARTESIAN_POINT('',(7.27783652727E-04,9.303334319752E-02));
#14324 = VECTOR('',#14325,1.);
#14325 = DIRECTION('',(0.,-1.));
#14326 = ( GEOMETRIC_REPRESENTATION_CONTEXT(2) 
PARAMETRIC_REPRESENTATION_CONTEXT() REPRESENTATION_CONTEXT('2D SPACE',''
  ) );
#14327 = ORIENTED_EDGE('',*,*,#13452,.F.);
#14328 = ADVANCED_FACE('',(#14329),#10839,.T.);
#14329 = FACE_BOUND('',#14330,.T.);
#14330 = EDGE_LOOP('',(#14331,#14332,#14333,#14354));
#14331 = ORIENTED_EDGE('',*,*,#14307,.F.);
#14332 = ORIENTED_EDGE('',*,*,#10823,.F.);
#14333 = ORIENTED_EDGE('',*,*,#14334,.T.);
#14334 = EDGE_CURVE('',#10796,#13476,#14335,.T.);
#14335 = SURFACE_CURVE('',#14336,(#14340,#14347),.PCURVE_S1.);
#14336 = LINE('',#14337,#14338);
#14337 = CARTESIAN_POINT('',(2.049960851669,0.130974188447,0.8125));
#14338 = VECTOR('',#14339,1.);
#14339 = DIRECTION('',(0.,0.,-1.));
#14340 = PCURVE('',#10839,#14341);
#14341 = DEFINITIONAL_REPRESENTATION('',(#14342),#14346);
#14342 = LINE('',#14343,#14344);
#14343 = CARTESIAN_POINT('',(-2.161097257681E-03,9.303334319752E-02));
#14344 = VECTOR('',#14345,1.);
#14345 = DIRECTION('',(0.,-1.));
#14346 = ( GEOMETRIC_REPRESENTATION_CONTEXT(2) 
PARAMETRIC_REPRESENTATION_CONTEXT() REPRESENTATION_CONTEXT('2D SPACE',''
  ) );
#14347 = PCURVE('',#10811,#14348);
#14348 = DEFINITIONAL_REPRESENTATION('',(#14349),#14353);
#14349 = LINE('',#14350,#14351);
#14350 = CARTESIAN_POINT('',(1.189825816962E-03,9.258962785213E-02));
#14351 = VECTOR('',#14352,1.);
#14352 = DIRECTION('',(0.,-1.));
#14353 = ( GEOMETRIC_REPRESENTATION_CONTEXT(2) 
PARAMETRIC_REPRESENTATION_CONTEXT() REPRESENTATION_CONTEXT('2D SPACE',''
  ) );
#14354 = ORIENTED_EDGE('',*,*,#13475,.F.);
#14355 = ADVANCED_FACE('',(#14356),#10811,.T.);
#14356 = FACE_BOUND('',#14357,.T.);
#14357 = EDGE_LOOP('',(#14358,#14359,#14360,#14381));
#14358 = ORIENTED_EDGE('',*,*,#14334,.F.);
#14359 = ORIENTED_EDGE('',*,*,#10795,.F.);
#14360 = ORIENTED_EDGE('',*,*,#14361,.T.);
#14361 = EDGE_CURVE('',#10768,#11797,#14362,.T.);
#14362 = SURFACE_CURVE('',#14363,(#14367,#14374),.PCURVE_S1.);
#14363 = LINE('',#14364,#14365);
#14364 = CARTESIAN_POINT('',(2.052516937256,0.127029553056,0.8125));
#14365 = VECTOR('',#14366,1.);
#14366 = DIRECTION('',(0.,0.,-1.));
#14367 = PCURVE('',#10811,#14368);
#14368 = DEFINITIONAL_REPRESENTATION('',(#14369),#14373);
#14369 = LINE('',#14370,#14371);
#14370 = CARTESIAN_POINT('',(-3.510570112696E-03,9.258962785213E-02));
#14371 = VECTOR('',#14372,1.);
#14372 = DIRECTION('',(0.,-1.));
#14373 = ( GEOMETRIC_REPRESENTATION_CONTEXT(2) 
PARAMETRIC_REPRESENTATION_CONTEXT() REPRESENTATION_CONTEXT('2D SPACE',''
  ) );
#14374 = PCURVE('',#10783,#14375);
#14375 = DEFINITIONAL_REPRESENTATION('',(#14376),#14380);
#14376 = LINE('',#14377,#14378);
#14377 = CARTESIAN_POINT('',(6.70597101892E-03,9.594923667925E-02));
#14378 = VECTOR('',#14379,1.);
#14379 = DIRECTION('',(0.,-1.));
#14380 = ( GEOMETRIC_REPRESENTATION_CONTEXT(2) 
PARAMETRIC_REPRESENTATION_CONTEXT() REPRESENTATION_CONTEXT('2D SPACE',''
  ) );
#14381 = ORIENTED_EDGE('',*,*,#13498,.F.);
#14382 = ADVANCED_FACE('',(#14383),#10783,.T.);
#14383 = FACE_BOUND('',#14384,.T.);
#14384 = EDGE_LOOP('',(#14385,#14406,#14407,#14408));
#14385 = ORIENTED_EDGE('',*,*,#14386,.T.);
#14386 = EDGE_CURVE('',#10740,#11799,#14387,.T.);
#14387 = SURFACE_CURVE('',#14388,(#14392,#14399),.PCURVE_S1.);
#14388 = LINE('',#14389,#14390);
#14389 = CARTESIAN_POINT('',(2.05854177475,0.120325528085,0.8125));
#14390 = VECTOR('',#14391,1.);
#14391 = DIRECTION('',(0.,0.,-1.));
#14392 = PCURVE('',#10783,#14393);
#14393 = DEFINITIONAL_REPRESENTATION('',(#14394),#14398);
#14394 = LINE('',#14395,#14396);
#14395 = CARTESIAN_POINT('',(-2.307497660416E-03,9.594923667925E-02));
#14396 = VECTOR('',#14397,1.);
#14397 = DIRECTION('',(0.,-1.));
#14398 = ( GEOMETRIC_REPRESENTATION_CONTEXT(2) 
PARAMETRIC_REPRESENTATION_CONTEXT() REPRESENTATION_CONTEXT('2D SPACE',''
  ) );
#14399 = PCURVE('',#10755,#14400);
#14400 = DEFINITIONAL_REPRESENTATION('',(#14401),#14405);
#14401 = LINE('',#14402,#14403);
#14402 = CARTESIAN_POINT('',(-7.178400783403E-03,-8.752490533722E-02));
#14403 = VECTOR('',#14404,1.);
#14404 = DIRECTION('',(0.,1.));
#14405 = ( GEOMETRIC_REPRESENTATION_CONTEXT(2) 
PARAMETRIC_REPRESENTATION_CONTEXT() REPRESENTATION_CONTEXT('2D SPACE',''
  ) );
#14406 = ORIENTED_EDGE('',*,*,#11796,.F.);
#14407 = ORIENTED_EDGE('',*,*,#14361,.F.);
#14408 = ORIENTED_EDGE('',*,*,#10767,.F.);
#14409 = ADVANCED_FACE('',(#14410),#10755,.T.);
#14410 = FACE_BOUND('',#14411,.T.);
#14411 = EDGE_LOOP('',(#14412,#14413,#14414,#14435));
#14412 = ORIENTED_EDGE('',*,*,#14386,.F.);
#14413 = ORIENTED_EDGE('',*,*,#10739,.F.);
#14414 = ORIENTED_EDGE('',*,*,#14415,.T.);
#14415 = EDGE_CURVE('',#10712,#11822,#14416,.T.);
#14416 = SURFACE_CURVE('',#14417,(#14421,#14428),.PCURVE_S1.);
#14417 = LINE('',#14418,#14419);
#14418 = CARTESIAN_POINT('',(2.079395532608,0.103481076658,0.8125));
#14419 = VECTOR('',#14420,1.);
#14420 = DIRECTION('',(0.,0.,-1.));
#14421 = PCURVE('',#10755,#14422);
#14422 = DEFINITIONAL_REPRESENTATION('',(#14423),#14427);
#14423 = LINE('',#14424,#14425);
#14424 = CARTESIAN_POINT('',(1.962859010897E-02,-8.752490533722E-02));
#14425 = VECTOR('',#14426,1.);
#14426 = DIRECTION('',(0.,1.));
#14427 = ( GEOMETRIC_REPRESENTATION_CONTEXT(2) 
PARAMETRIC_REPRESENTATION_CONTEXT() REPRESENTATION_CONTEXT('2D SPACE',''
  ) );
#14428 = PCURVE('',#10727,#14429);
#14429 = DEFINITIONAL_REPRESENTATION('',(#14430),#14434);
#14430 = LINE('',#14431,#14432);
#14431 = CARTESIAN_POINT('',(-4.634743691934E-02,-7.044513716452E-02));
#14432 = VECTOR('',#14433,1.);
#14433 = DIRECTION('',(0.,1.));
#14434 = ( GEOMETRIC_REPRESENTATION_CONTEXT(2) 
PARAMETRIC_REPRESENTATION_CONTEXT() REPRESENTATION_CONTEXT('2D SPACE',''
  ) );
#14435 = ORIENTED_EDGE('',*,*,#11821,.F.);
#14436 = ADVANCED_FACE('',(#14437),#10727,.T.);
#14437 = FACE_BOUND('',#14438,.T.);
#14438 = EDGE_LOOP('',(#14439,#14440,#14441,#14462));
#14439 = ORIENTED_EDGE('',*,*,#14415,.F.);
#14440 = ORIENTED_EDGE('',*,*,#10711,.F.);
#14441 = ORIENTED_EDGE('',*,*,#14442,.T.);
#14442 = EDGE_CURVE('',#10684,#11845,#14443,.T.);
#14443 = SURFACE_CURVE('',#14444,(#14448,#14455),.PCURVE_S1.);
#14444 = LINE('',#14445,#14446);
#14445 = CARTESIAN_POINT('',(2.197268009186,2.92392373085E-02,0.8125));
#14446 = VECTOR('',#14447,1.);
#14447 = DIRECTION('',(0.,0.,-1.));
#14448 = PCURVE('',#10727,#14449);
#14449 = DEFINITIONAL_REPRESENTATION('',(#14450),#14454);
#14450 = LINE('',#14451,#14452);
#14451 = CARTESIAN_POINT('',(9.295716259029E-02,-7.044513716452E-02));
#14452 = VECTOR('',#14453,1.);
#14453 = DIRECTION('',(0.,1.));
#14454 = ( GEOMETRIC_REPRESENTATION_CONTEXT(2) 
PARAMETRIC_REPRESENTATION_CONTEXT() REPRESENTATION_CONTEXT('2D SPACE',''
  ) );
#14455 = PCURVE('',#10699,#14456);
#14456 = DEFINITIONAL_REPRESENTATION('',(#14457),#14461);
#14457 = LINE('',#14458,#14459);
#14458 = CARTESIAN_POINT('',(-1.240975702953E-02,-8.393791018289E-02));
#14459 = VECTOR('',#14460,1.);
#14460 = DIRECTION('',(0.,1.));
#14461 = ( GEOMETRIC_REPRESENTATION_CONTEXT(2) 
PARAMETRIC_REPRESENTATION_CONTEXT() REPRESENTATION_CONTEXT('2D SPACE',''
  ) );
#14462 = ORIENTED_EDGE('',*,*,#11844,.F.);
#14463 = ADVANCED_FACE('',(#14464),#10699,.T.);
#14464 = FACE_BOUND('',#14465,.T.);
#14465 = EDGE_LOOP('',(#14466,#14467,#14468,#14489));
#14466 = ORIENTED_EDGE('',*,*,#14442,.F.);
#14467 = ORIENTED_EDGE('',*,*,#10683,.F.);
#14468 = ORIENTED_EDGE('',*,*,#14469,.T.);
#14469 = EDGE_CURVE('',#10656,#11868,#14470,.T.);
#14470 = SURFACE_CURVE('',#14471,(#14475,#14482),.PCURVE_S1.);
#14471 = LINE('',#14472,#14473);
#14472 = CARTESIAN_POINT('',(2.234050035477,4.292805679142E-03,0.8125));
#14473 = VECTOR('',#14474,1.);
#14474 = DIRECTION('',(0.,0.,-1.));
#14475 = PCURVE('',#10699,#14476);
#14476 = DEFINITIONAL_REPRESENTATION('',(#14477),#14481);
#14477 = LINE('',#14478,#14479);
#14478 = CARTESIAN_POINT('',(3.203393666375E-02,-8.393791018289E-02));
#14479 = VECTOR('',#14480,1.);
#14480 = DIRECTION('',(0.,1.));
#14481 = ( GEOMETRIC_REPRESENTATION_CONTEXT(2) 
PARAMETRIC_REPRESENTATION_CONTEXT() REPRESENTATION_CONTEXT('2D SPACE',''
  ) );
#14482 = PCURVE('',#10671,#14483);
#14483 = DEFINITIONAL_REPRESENTATION('',(#14484),#14488);
#14484 = LINE('',#14485,#14486);
#14485 = CARTESIAN_POINT('',(-8.451622662656E-03,-8.658943618378E-02));
#14486 = VECTOR('',#14487,1.);
#14487 = DIRECTION('',(0.,1.));
#14488 = ( GEOMETRIC_REPRESENTATION_CONTEXT(2) 
PARAMETRIC_REPRESENTATION_CONTEXT() REPRESENTATION_CONTEXT('2D SPACE',''
  ) );
#14489 = ORIENTED_EDGE('',*,*,#11867,.F.);
#14490 = ADVANCED_FACE('',(#14491),#10671,.T.);
#14491 = FACE_BOUND('',#14492,.T.);
#14492 = EDGE_LOOP('',(#14493,#14494,#14495,#14516));
#14493 = ORIENTED_EDGE('',*,*,#14469,.F.);
#14494 = ORIENTED_EDGE('',*,*,#10655,.F.);
#14495 = ORIENTED_EDGE('',*,*,#14496,.T.);
#14496 = EDGE_CURVE('',#10628,#11891,#14497,.T.);
#14497 = SURFACE_CURVE('',#14498,(#14502,#14509),.PCURVE_S1.);
#14498 = LINE('',#14499,#14500);
#14499 = CARTESIAN_POINT('',(2.258639335632,-1.495109684765E-02,0.8125)
  );
#14500 = VECTOR('',#14501,1.);
#14501 = DIRECTION('',(0.,0.,-1.));
#14502 = PCURVE('',#10671,#14503);
#14503 = DEFINITIONAL_REPRESENTATION('',(#14504),#14508);
#14504 = LINE('',#14505,#14506);
#14505 = CARTESIAN_POINT('',(2.27727502951E-02,-8.658943618378E-02));
#14506 = VECTOR('',#14507,1.);
#14507 = DIRECTION('',(0.,1.));
#14508 = ( GEOMETRIC_REPRESENTATION_CONTEXT(2) 
PARAMETRIC_REPRESENTATION_CONTEXT() REPRESENTATION_CONTEXT('2D SPACE',''
  ) );
#14509 = PCURVE('',#10643,#14510);
#14510 = DEFINITIONAL_REPRESENTATION('',(#14511),#14515);
#14511 = LINE('',#14512,#14513);
#14512 = CARTESIAN_POINT('',(-5.771571233387E-03,-8.8611158187E-02));
#14513 = VECTOR('',#14514,1.);
#14514 = DIRECTION('',(0.,1.));
#14515 = ( GEOMETRIC_REPRESENTATION_CONTEXT(2) 
PARAMETRIC_REPRESENTATION_CONTEXT() REPRESENTATION_CONTEXT('2D SPACE',''
  ) );
#14516 = ORIENTED_EDGE('',*,*,#11890,.F.);
#14517 = ADVANCED_FACE('',(#14518),#10643,.T.);
#14518 = FACE_BOUND('',#14519,.T.);
#14519 = EDGE_LOOP('',(#14520,#14521,#14522,#14543));
#14520 = ORIENTED_EDGE('',*,*,#14496,.F.);
#14521 = ORIENTED_EDGE('',*,*,#10627,.F.);
#14522 = ORIENTED_EDGE('',*,*,#14523,.F.);
#14523 = EDGE_CURVE('',#11914,#10600,#14524,.T.);
#14524 = SURFACE_CURVE('',#14525,(#14529,#14536),.PCURVE_S1.);
#14525 = LINE('',#14526,#14527);
#14526 = CARTESIAN_POINT('',(2.274519205093,-2.991699799895E-02,0.625));
#14527 = VECTOR('',#14528,1.);
#14528 = DIRECTION('',(0.,0.,1.));
#14529 = PCURVE('',#10643,#14530);
#14530 = DEFINITIONAL_REPRESENTATION('',(#14531),#14535);
#14531 = LINE('',#14532,#14533);
#14532 = CARTESIAN_POINT('',(1.604925485938E-02,9.8888841813E-02));
#14533 = VECTOR('',#14534,1.);
#14534 = DIRECTION('',(0.,-1.));
#14535 = ( GEOMETRIC_REPRESENTATION_CONTEXT(2) 
PARAMETRIC_REPRESENTATION_CONTEXT() REPRESENTATION_CONTEXT('2D SPACE',''
  ) );
#14536 = PCURVE('',#10615,#14537);
#14537 = DEFINITIONAL_REPRESENTATION('',(#14538),#14542);
#14538 = LINE('',#14539,#14540);
#14539 = CARTESIAN_POINT('',(4.006612460941E-03,-9.744111649618E-02));
#14540 = VECTOR('',#14541,1.);
#14541 = DIRECTION('',(0.,1.));
#14542 = ( GEOMETRIC_REPRESENTATION_CONTEXT(2) 
PARAMETRIC_REPRESENTATION_CONTEXT() REPRESENTATION_CONTEXT('2D SPACE',''
  ) );
#14543 = ORIENTED_EDGE('',*,*,#11913,.F.);
#14544 = ADVANCED_FACE('',(#14545),#10615,.T.);
#14545 = FACE_BOUND('',#14546,.T.);
#14546 = EDGE_LOOP('',(#14547,#14548,#14549,#14570));
#14547 = ORIENTED_EDGE('',*,*,#14523,.T.);
#14548 = ORIENTED_EDGE('',*,*,#10599,.F.);
#14549 = ORIENTED_EDGE('',*,*,#14550,.F.);
#14550 = EDGE_CURVE('',#11937,#10572,#14551,.T.);
#14551 = SURFACE_CURVE('',#14552,(#14556,#14563),.PCURVE_S1.);
#14552 = LINE('',#14553,#14554);
#14553 = CARTESIAN_POINT('',(2.284427165985,-4.170056432486E-02,0.625));
#14554 = VECTOR('',#14555,1.);
#14555 = DIRECTION('',(0.,0.,1.));
#14556 = PCURVE('',#10615,#14557);
#14557 = DEFINITIONAL_REPRESENTATION('',(#14558),#14562);
#14558 = LINE('',#14559,#14560);
#14559 = CARTESIAN_POINT('',(-1.138884545329E-02,-9.744111649618E-02));
#14560 = VECTOR('',#14561,1.);
#14561 = DIRECTION('',(0.,1.));
#14562 = ( GEOMETRIC_REPRESENTATION_CONTEXT(2) 
PARAMETRIC_REPRESENTATION_CONTEXT() REPRESENTATION_CONTEXT('2D SPACE',''
  ) );
#14563 = PCURVE('',#10587,#14564);
#14564 = DEFINITIONAL_REPRESENTATION('',(#14565),#14569);
#14565 = LINE('',#14566,#14567);
#14566 = CARTESIAN_POINT('',(8.271917724463E-03,-9.10477952064E-02));
#14567 = VECTOR('',#14568,1.);
#14568 = DIRECTION('',(0.,1.));
#14569 = ( GEOMETRIC_REPRESENTATION_CONTEXT(2) 
PARAMETRIC_REPRESENTATION_CONTEXT() REPRESENTATION_CONTEXT('2D SPACE',''
  ) );
#14570 = ORIENTED_EDGE('',*,*,#11936,.F.);
#14571 = ADVANCED_FACE('',(#14572),#10587,.T.);
#14572 = FACE_BOUND('',#14573,.T.);
#14573 = EDGE_LOOP('',(#14574,#14595,#14596,#14597));
#14574 = ORIENTED_EDGE('',*,*,#14575,.F.);
#14575 = EDGE_CURVE('',#11960,#10544,#14576,.T.);
#14576 = SURFACE_CURVE('',#14577,(#14581,#14588),.PCURVE_S1.);
#14577 = LINE('',#14578,#14579);
#14578 = CARTESIAN_POINT('',(2.290328025818,-5.114866793156E-02,0.625));
#14579 = VECTOR('',#14580,1.);
#14580 = DIRECTION('',(0.,0.,1.));
#14581 = PCURVE('',#10587,#14582);
#14582 = DEFINITIONAL_REPRESENTATION('',(#14583),#14587);
#14583 = LINE('',#14584,#14585);
#14584 = CARTESIAN_POINT('',(-2.867508137263E-03,-9.10477952064E-02));
#14585 = VECTOR('',#14586,1.);
#14586 = DIRECTION('',(0.,1.));
#14587 = ( GEOMETRIC_REPRESENTATION_CONTEXT(2) 
PARAMETRIC_REPRESENTATION_CONTEXT() REPRESENTATION_CONTEXT('2D SPACE',''
  ) );
#14588 = PCURVE('',#10559,#14589);
#14589 = DEFINITIONAL_REPRESENTATION('',(#14590),#14594);
#14590 = LINE('',#14591,#14592);
#14591 = CARTESIAN_POINT('',(1.31590642529E-03,-9.502997413332E-02));
#14592 = VECTOR('',#14593,1.);
#14593 = DIRECTION('',(0.,1.));
#14594 = ( GEOMETRIC_REPRESENTATION_CONTEXT(2) 
PARAMETRIC_REPRESENTATION_CONTEXT() REPRESENTATION_CONTEXT('2D SPACE',''
  ) );
#14595 = ORIENTED_EDGE('',*,*,#11959,.F.);
#14596 = ORIENTED_EDGE('',*,*,#14550,.T.);
#14597 = ORIENTED_EDGE('',*,*,#10571,.F.);
#14598 = ADVANCED_FACE('',(#14599),#10559,.T.);
#14599 = FACE_BOUND('',#14600,.T.);
#14600 = EDGE_LOOP('',(#14601,#14602,#14603,#14624));
#14601 = ORIENTED_EDGE('',*,*,#14575,.T.);
#14602 = ORIENTED_EDGE('',*,*,#10543,.F.);
#14603 = ORIENTED_EDGE('',*,*,#14604,.T.);
#14604 = EDGE_CURVE('',#10516,#11983,#14605,.T.);
#14605 = SURFACE_CURVE('',#14606,(#14610,#14617),.PCURVE_S1.);
#14606 = LINE('',#14607,#14608);
#14607 = CARTESIAN_POINT('',(2.292478322983,-5.587419494987E-02,0.8125)
  );
#14608 = VECTOR('',#14609,1.);
#14609 = DIRECTION('',(0.,0.,-1.));
#14610 = PCURVE('',#10559,#14611);
#14611 = DEFINITIONAL_REPRESENTATION('',(#14612),#14616);
#14612 = LINE('',#14613,#14614);
#14613 = CARTESIAN_POINT('',(-3.875854691924E-03,9.247002586668E-02));
#14614 = VECTOR('',#14615,1.);
#14615 = DIRECTION('',(0.,-1.));
#14616 = ( GEOMETRIC_REPRESENTATION_CONTEXT(2) 
PARAMETRIC_REPRESENTATION_CONTEXT() REPRESENTATION_CONTEXT('2D SPACE',''
  ) );
#14617 = PCURVE('',#10531,#14618);
#14618 = DEFINITIONAL_REPRESENTATION('',(#14619),#14623);
#14619 = LINE('',#14620,#14621);
#14620 = CARTESIAN_POINT('',(1.552768076544E-03,9.224701924167E-02));
#14621 = VECTOR('',#14622,1.);
#14622 = DIRECTION('',(0.,-1.));
#14623 = ( GEOMETRIC_REPRESENTATION_CONTEXT(2) 
PARAMETRIC_REPRESENTATION_CONTEXT() REPRESENTATION_CONTEXT('2D SPACE',''
  ) );
#14624 = ORIENTED_EDGE('',*,*,#11982,.F.);
#14625 = ADVANCED_FACE('',(#14626),#10531,.T.);
#14626 = FACE_BOUND('',#14627,.T.);
#14627 = EDGE_LOOP('',(#14628,#14629,#14630,#14651));
#14628 = ORIENTED_EDGE('',*,*,#14604,.F.);
#14629 = ORIENTED_EDGE('',*,*,#10515,.F.);
#14630 = ORIENTED_EDGE('',*,*,#14631,.T.);
#14631 = EDGE_CURVE('',#10488,#12006,#14632,.T.);
#14632 = SURFACE_CURVE('',#14633,(#14637,#14644),.PCURVE_S1.);
#14633 = LINE('',#14634,#14635);
#14634 = CARTESIAN_POINT('',(2.294293165207,-6.171001121402E-02,0.8125)
  );
#14635 = VECTOR('',#14636,1.);
#14636 = DIRECTION('',(0.,0.,-1.));
#14637 = PCURVE('',#10531,#14638);
#14638 = DEFINITIONAL_REPRESENTATION('',(#14639),#14643);
#14639 = LINE('',#14640,#14641);
#14640 = CARTESIAN_POINT('',(-4.558729593209E-03,9.224701924167E-02));
#14641 = VECTOR('',#14642,1.);
#14642 = DIRECTION('',(0.,-1.));
#14643 = ( GEOMETRIC_REPRESENTATION_CONTEXT(2) 
PARAMETRIC_REPRESENTATION_CONTEXT() REPRESENTATION_CONTEXT('2D SPACE',''
  ) );
#14644 = PCURVE('',#10503,#14645);
#14645 = DEFINITIONAL_REPRESENTATION('',(#14646),#14650);
#14646 = LINE('',#14647,#14648);
#14647 = CARTESIAN_POINT('',(1.257386584576E-03,9.252546075866E-02));
#14648 = VECTOR('',#14649,1.);
#14649 = DIRECTION('',(0.,-1.));
#14650 = ( GEOMETRIC_REPRESENTATION_CONTEXT(2) 
PARAMETRIC_REPRESENTATION_CONTEXT() REPRESENTATION_CONTEXT('2D SPACE',''
  ) );
#14651 = ORIENTED_EDGE('',*,*,#12005,.F.);
#14652 = ADVANCED_FACE('',(#14653),#10503,.T.);
#14653 = FACE_BOUND('',#14654,.T.);
#14654 = EDGE_LOOP('',(#14655,#14656,#14657,#14678));
#14655 = ORIENTED_EDGE('',*,*,#14631,.F.);
#14656 = ORIENTED_EDGE('',*,*,#10487,.F.);
#14657 = ORIENTED_EDGE('',*,*,#14658,.T.);
#14658 = EDGE_CURVE('',#10460,#12029,#14659,.T.);
#14659 = SURFACE_CURVE('',#14660,(#14664,#14671),.PCURVE_S1.);
#14660 = LINE('',#14661,#14662);
#14661 = CARTESIAN_POINT('',(2.295017957687,-6.662066280842E-02,0.8125)
  );
#14662 = VECTOR('',#14663,1.);
#14663 = DIRECTION('',(0.,0.,-1.));
#14664 = PCURVE('',#10503,#14665);
#14665 = DEFINITIONAL_REPRESENTATION('',(#14666),#14670);
#14666 = LINE('',#14667,#14668);
#14667 = CARTESIAN_POINT('',(-3.706465067249E-03,9.252546075866E-02));
#14668 = VECTOR('',#14669,1.);
#14669 = DIRECTION('',(0.,-1.));
#14670 = ( GEOMETRIC_REPRESENTATION_CONTEXT(2) 
PARAMETRIC_REPRESENTATION_CONTEXT() REPRESENTATION_CONTEXT('2D SPACE',''
  ) );
#14671 = PCURVE('',#10475,#14672);
#14672 = DEFINITIONAL_REPRESENTATION('',(#14673),#14677);
#14673 = LINE('',#14674,#14675);
#14674 = CARTESIAN_POINT('',(1.202607963581E-03,9.25774739389E-02));
#14675 = VECTOR('',#14676,1.);
#14676 = DIRECTION('',(0.,-1.));
#14677 = ( GEOMETRIC_REPRESENTATION_CONTEXT(2) 
PARAMETRIC_REPRESENTATION_CONTEXT() REPRESENTATION_CONTEXT('2D SPACE',''
  ) );
#14678 = ORIENTED_EDGE('',*,*,#12028,.F.);
#14679 = ADVANCED_FACE('',(#14680),#10475,.T.);
#14680 = FACE_BOUND('',#14681,.T.);
#14681 = EDGE_LOOP('',(#14682,#14683,#14684,#14705));
#14682 = ORIENTED_EDGE('',*,*,#14658,.F.);
#14683 = ORIENTED_EDGE('',*,*,#10459,.F.);
#14684 = ORIENTED_EDGE('',*,*,#14685,.T.);
#14685 = EDGE_CURVE('',#10432,#12052,#14686,.T.);
#14686 = SURFACE_CURVE('',#14687,(#14691,#14698),.PCURVE_S1.);
#14687 = LINE('',#14688,#14689);
#14688 = CARTESIAN_POINT('',(2.294944524765,-7.137036323547E-02,0.8125)
  );
#14689 = VECTOR('',#14690,1.);
#14690 = DIRECTION('',(0.,0.,-1.));
#14691 = PCURVE('',#10475,#14692);
#14692 = DEFINITIONAL_REPRESENTATION('',(#14693),#14697);
#14693 = LINE('',#14694,#14695);
#14694 = CARTESIAN_POINT('',(-3.547660085789E-03,9.25774739389E-02));
#14695 = VECTOR('',#14696,1.);
#14696 = DIRECTION('',(0.,-1.));
#14697 = ( GEOMETRIC_REPRESENTATION_CONTEXT(2) 
PARAMETRIC_REPRESENTATION_CONTEXT() REPRESENTATION_CONTEXT('2D SPACE',''
  ) );
#14698 = PCURVE('',#10447,#14699);
#14699 = DEFINITIONAL_REPRESENTATION('',(#14700),#14704);
#14700 = LINE('',#14701,#14702);
#14701 = CARTESIAN_POINT('',(1.201734314167E-03,9.25783044433E-02));
#14702 = VECTOR('',#14703,1.);
#14703 = DIRECTION('',(0.,-1.));
#14704 = ( GEOMETRIC_REPRESENTATION_CONTEXT(2) 
PARAMETRIC_REPRESENTATION_CONTEXT() REPRESENTATION_CONTEXT('2D SPACE',''
  ) );
#14705 = ORIENTED_EDGE('',*,*,#12051,.F.);
#14706 = ADVANCED_FACE('',(#14707),#10447,.T.);
#14707 = FACE_BOUND('',#14708,.T.);
#14708 = EDGE_LOOP('',(#14709,#14710,#14711,#14732));
#14709 = ORIENTED_EDGE('',*,*,#14685,.F.);
#14710 = ORIENTED_EDGE('',*,*,#10431,.F.);
#14711 = ORIENTED_EDGE('',*,*,#14712,.T.);
#14712 = EDGE_CURVE('',#10404,#12075,#14713,.T.);
#14713 = SURFACE_CURVE('',#14714,(#14718,#14725),.PCURVE_S1.);
#14714 = LINE('',#14715,#14716);
#14715 = CARTESIAN_POINT('',(2.294099569321,-7.604141533375E-02,0.8125)
  );
#14716 = VECTOR('',#14717,1.);
#14717 = DIRECTION('',(0.,0.,-1.));
#14718 = PCURVE('',#10447,#14719);
#14719 = DEFINITIONAL_REPRESENTATION('',(#14720),#14724);
#14720 = LINE('',#14721,#14722);
#14721 = CARTESIAN_POINT('',(-3.545125427568E-03,9.25783044433E-02));
#14722 = VECTOR('',#14723,1.);
#14723 = DIRECTION('',(0.,-1.));
#14724 = ( GEOMETRIC_REPRESENTATION_CONTEXT(2) 
PARAMETRIC_REPRESENTATION_CONTEXT() REPRESENTATION_CONTEXT('2D SPACE',''
  ) );
#14725 = PCURVE('',#10419,#14726);
#14726 = DEFINITIONAL_REPRESENTATION('',(#14727),#14731);
#14727 = LINE('',#14728,#14729);
#14728 = CARTESIAN_POINT('',(1.275266465978E-03,9.250850914273E-02));
#14729 = VECTOR('',#14730,1.);
#14730 = DIRECTION('',(0.,-1.));
#14731 = ( GEOMETRIC_REPRESENTATION_CONTEXT(2) 
PARAMETRIC_REPRESENTATION_CONTEXT() REPRESENTATION_CONTEXT('2D SPACE',''
  ) );
#14732 = ORIENTED_EDGE('',*,*,#12074,.F.);
#14733 = ADVANCED_FACE('',(#14734),#10419,.T.);
#14734 = FACE_BOUND('',#14735,.T.);
#14735 = EDGE_LOOP('',(#14736,#14737,#14738,#14759));
#14736 = ORIENTED_EDGE('',*,*,#14712,.F.);
#14737 = ORIENTED_EDGE('',*,*,#10403,.F.);
#14738 = ORIENTED_EDGE('',*,*,#14739,.T.);
#14739 = EDGE_CURVE('',#10376,#12098,#14740,.T.);
#14740 = SURFACE_CURVE('',#14741,(#14745,#14752),.PCURVE_S1.);
#14741 = LINE('',#14742,#14743);
#14742 = CARTESIAN_POINT('',(2.292444229126,-8.079495280981E-02,0.8125)
  );
#14743 = VECTOR('',#14744,1.);
#14744 = DIRECTION('',(0.,0.,-1.));
#14745 = PCURVE('',#10419,#14746);
#14746 = DEFINITIONAL_REPRESENTATION('',(#14747),#14751);
#14747 = LINE('',#14748,#14749);
#14748 = CARTESIAN_POINT('',(-3.758248180522E-03,9.250850914273E-02));
#14749 = VECTOR('',#14750,1.);
#14750 = DIRECTION('',(0.,-1.));
#14751 = ( GEOMETRIC_REPRESENTATION_CONTEXT(2) 
PARAMETRIC_REPRESENTATION_CONTEXT() REPRESENTATION_CONTEXT('2D SPACE',''
  ) );
#14752 = PCURVE('',#10391,#14753);
#14753 = DEFINITIONAL_REPRESENTATION('',(#14754),#14758);
#14754 = LINE('',#14755,#14756);
#14755 = CARTESIAN_POINT('',(4.305786631314E-03,9.517046557554E-02));
#14756 = VECTOR('',#14757,1.);
#14757 = DIRECTION('',(0.,-1.));
#14758 = ( GEOMETRIC_REPRESENTATION_CONTEXT(2) 
PARAMETRIC_REPRESENTATION_CONTEXT() REPRESENTATION_CONTEXT('2D SPACE',''
  ) );
#14759 = ORIENTED_EDGE('',*,*,#12097,.F.);
#14760 = ADVANCED_FACE('',(#14761),#10391,.T.);
#14761 = FACE_BOUND('',#14762,.T.);
#14762 = EDGE_LOOP('',(#14763,#14784,#14785,#14786));
#14763 = ORIENTED_EDGE('',*,*,#14764,.T.);
#14764 = EDGE_CURVE('',#10348,#12121,#14765,.T.);
#14765 = SURFACE_CURVE('',#14766,(#14770,#14777),.PCURVE_S1.);
#14766 = LINE('',#14767,#14768);
#14767 = CARTESIAN_POINT('',(2.289764642715,-8.590573817492E-02,0.8125)
  );
#14768 = VECTOR('',#14769,1.);
#14769 = DIRECTION('',(0.,0.,-1.));
#14770 = PCURVE('',#10391,#14771);
#14771 = DEFINITIONAL_REPRESENTATION('',(#14772),#14776);
#14772 = LINE('',#14773,#14774);
#14773 = CARTESIAN_POINT('',(-1.464855480238E-03,9.517046557554E-02));
#14774 = VECTOR('',#14775,1.);
#14775 = DIRECTION('',(0.,-1.));
#14776 = ( GEOMETRIC_REPRESENTATION_CONTEXT(2) 
PARAMETRIC_REPRESENTATION_CONTEXT() REPRESENTATION_CONTEXT('2D SPACE',''
  ) );
#14777 = PCURVE('',#10363,#14778);
#14778 = DEFINITIONAL_REPRESENTATION('',(#14779),#14783);
#14779 = LINE('',#14780,#14781);
#14780 = CARTESIAN_POINT('',(7.768684669371E-04,9.298579682058E-02));
#14781 = VECTOR('',#14782,1.);
#14782 = DIRECTION('',(0.,-1.));
#14783 = ( GEOMETRIC_REPRESENTATION_CONTEXT(2) 
PARAMETRIC_REPRESENTATION_CONTEXT() REPRESENTATION_CONTEXT('2D SPACE',''
  ) );
#14784 = ORIENTED_EDGE('',*,*,#12120,.F.);
#14785 = ORIENTED_EDGE('',*,*,#14739,.F.);
#14786 = ORIENTED_EDGE('',*,*,#10375,.F.);
#14787 = ADVANCED_FACE('',(#14788),#10363,.T.);
#14788 = FACE_BOUND('',#14789,.T.);
#14789 = EDGE_LOOP('',(#14790,#14791,#14792,#14813));
#14790 = ORIENTED_EDGE('',*,*,#14764,.F.);
#14791 = ORIENTED_EDGE('',*,*,#10347,.F.);
#14792 = ORIENTED_EDGE('',*,*,#14793,.T.);
#14793 = EDGE_CURVE('',#10320,#12144,#14794,.T.);
#14794 = SURFACE_CURVE('',#14795,(#14799,#14806),.PCURVE_S1.);
#14795 = LINE('',#14796,#14797);
#14796 = CARTESIAN_POINT('',(2.288064479828,-8.847654610872E-02,0.8125)
  );
#14797 = VECTOR('',#14798,1.);
#14798 = DIRECTION('',(0.,0.,-1.));
#14799 = PCURVE('',#10363,#14800);
#14800 = DEFINITIONAL_REPRESENTATION('',(#14801),#14805);
#14801 = LINE('',#14802,#14803);
#14802 = CARTESIAN_POINT('',(-2.305274825775E-03,9.298579682058E-02));
#14803 = VECTOR('',#14804,1.);
#14804 = DIRECTION('',(0.,-1.));
#14805 = ( GEOMETRIC_REPRESENTATION_CONTEXT(2) 
PARAMETRIC_REPRESENTATION_CONTEXT() REPRESENTATION_CONTEXT('2D SPACE',''
  ) );
#14806 = PCURVE('',#10335,#14807);
#14807 = DEFINITIONAL_REPRESENTATION('',(#14808),#14812);
#14808 = LINE('',#14809,#14810);
#14809 = CARTESIAN_POINT('',(2.632528302391E-03,9.125745455477E-02));
#14810 = VECTOR('',#14811,1.);
#14811 = DIRECTION('',(0.,-1.));
#14812 = ( GEOMETRIC_REPRESENTATION_CONTEXT(2) 
PARAMETRIC_REPRESENTATION_CONTEXT() REPRESENTATION_CONTEXT('2D SPACE',''
  ) );
#14813 = ORIENTED_EDGE('',*,*,#12143,.F.);
#14814 = ADVANCED_FACE('',(#14815),#10335,.T.);
#14815 = FACE_BOUND('',#14816,.T.);
#14816 = EDGE_LOOP('',(#14817,#14818,#14819,#14840));
#14817 = ORIENTED_EDGE('',*,*,#14793,.F.);
#14818 = ORIENTED_EDGE('',*,*,#10319,.F.);
#14819 = ORIENTED_EDGE('',*,*,#14820,.T.);
#14820 = EDGE_CURVE('',#10292,#12167,#14821,.T.);
#14821 = SURFACE_CURVE('',#14822,(#14826,#14833),.PCURVE_S1.);
#14822 = LINE('',#14823,#14824);
#14823 = CARTESIAN_POINT('',(2.281445741653,-9.630328416824E-02,0.8125)
  );
#14824 = VECTOR('',#14825,1.);
#14825 = DIRECTION('',(0.,0.,-1.));
#14826 = PCURVE('',#10335,#14827);
#14827 = DEFINITIONAL_REPRESENTATION('',(#14828),#14832);
#14828 = LINE('',#14829,#14830);
#14829 = CARTESIAN_POINT('',(-7.617619192846E-03,9.125745455477E-02));
#14830 = VECTOR('',#14831,1.);
#14831 = DIRECTION('',(0.,-1.));
#14832 = ( GEOMETRIC_REPRESENTATION_CONTEXT(2) 
PARAMETRIC_REPRESENTATION_CONTEXT() REPRESENTATION_CONTEXT('2D SPACE',''
  ) );
#14833 = PCURVE('',#10307,#14834);
#14834 = DEFINITIONAL_REPRESENTATION('',(#14835),#14839);
#14835 = LINE('',#14836,#14837);
#14836 = CARTESIAN_POINT('',(-4.348006429175E-03,-8.977106913327E-02));
#14837 = VECTOR('',#14838,1.);
#14838 = DIRECTION('',(-0.,1.));
#14839 = ( GEOMETRIC_REPRESENTATION_CONTEXT(2) 
PARAMETRIC_REPRESENTATION_CONTEXT() REPRESENTATION_CONTEXT('2D SPACE',''
  ) );
#14840 = ORIENTED_EDGE('',*,*,#12166,.F.);
#14841 = ADVANCED_FACE('',(#14842),#10307,.T.);
#14842 = FACE_BOUND('',#14843,.T.);
#14843 = EDGE_LOOP('',(#14844,#14845,#14846,#14867));
#14844 = ORIENTED_EDGE('',*,*,#14820,.F.);
#14845 = ORIENTED_EDGE('',*,*,#10291,.F.);
#14846 = ORIENTED_EDGE('',*,*,#14847,.T.);
#14847 = EDGE_CURVE('',#10264,#12190,#14848,.T.);
#14848 = SURFACE_CURVE('',#14849,(#14853,#14860),.PCURVE_S1.);
#14849 = LINE('',#14850,#14851);
#14850 = CARTESIAN_POINT('',(2.268798589706,-0.107138462365,0.8125));
#14851 = VECTOR('',#14852,1.);
#14852 = DIRECTION('',(0.,0.,-1.));
#14853 = PCURVE('',#10307,#14854);
#14854 = DEFINITIONAL_REPRESENTATION('',(#14855),#14859);
#14855 = LINE('',#14856,#14857);
#14856 = CARTESIAN_POINT('',(1.230586816263E-02,-8.977106913327E-02));
#14857 = VECTOR('',#14858,1.);
#14858 = DIRECTION('',(-0.,1.));
#14859 = ( GEOMETRIC_REPRESENTATION_CONTEXT(2) 
PARAMETRIC_REPRESENTATION_CONTEXT() REPRESENTATION_CONTEXT('2D SPACE',''
  ) );
#14860 = PCURVE('',#10279,#14861);
#14861 = DEFINITIONAL_REPRESENTATION('',(#14862),#14866);
#14862 = LINE('',#14863,#14864);
#14863 = CARTESIAN_POINT('',(-8.911349399243E-03,-8.626215561535E-02));
#14864 = VECTOR('',#14865,1.);
#14865 = DIRECTION('',(-0.,1.));
#14866 = ( GEOMETRIC_REPRESENTATION_CONTEXT(2) 
PARAMETRIC_REPRESENTATION_CONTEXT() REPRESENTATION_CONTEXT('2D SPACE',''
  ) );
#14867 = ORIENTED_EDGE('',*,*,#12189,.F.);
#14868 = ADVANCED_FACE('',(#14869),#10279,.T.);
#14869 = FACE_BOUND('',#14870,.T.);
#14870 = EDGE_LOOP('',(#14871,#14872,#14873,#14894));
#14871 = ORIENTED_EDGE('',*,*,#14847,.F.);
#14872 = ORIENTED_EDGE('',*,*,#10263,.F.);
#14873 = ORIENTED_EDGE('',*,*,#14874,.T.);
#14874 = EDGE_CURVE('',#10236,#12213,#14875,.T.);
#14875 = SURFACE_CURVE('',#14876,(#14880,#14887),.PCURVE_S1.);
#14876 = LINE('',#14877,#14878);
#14877 = CARTESIAN_POINT('',(2.240962505341,-0.124484546483,0.8125));
#14878 = VECTOR('',#14879,1.);
#14879 = DIRECTION('',(0.,0.,-1.));
#14880 = PCURVE('',#10279,#14881);
#14881 = DEFINITIONAL_REPRESENTATION('',(#14882),#14886);
#14882 = LINE('',#14883,#14884);
#14883 = CARTESIAN_POINT('',(2.388703816855E-02,-8.626215561535E-02));
#14884 = VECTOR('',#14885,1.);
#14885 = DIRECTION('',(-0.,1.));
#14886 = ( GEOMETRIC_REPRESENTATION_CONTEXT(2) 
PARAMETRIC_REPRESENTATION_CONTEXT() REPRESENTATION_CONTEXT('2D SPACE',''
  ) );
#14887 = PCURVE('',#10251,#14888);
#14888 = DEFINITIONAL_REPRESENTATION('',(#14889),#14893);
#14889 = LINE('',#14890,#14891);
#14890 = CARTESIAN_POINT('',(-4.303102749664E-02,-7.131458081767E-02));
#14891 = VECTOR('',#14892,1.);
#14892 = DIRECTION('',(-0.,1.));
#14893 = ( GEOMETRIC_REPRESENTATION_CONTEXT(2) 
PARAMETRIC_REPRESENTATION_CONTEXT() REPRESENTATION_CONTEXT('2D SPACE',''
  ) );
#14894 = ORIENTED_EDGE('',*,*,#12212,.F.);
#14895 = ADVANCED_FACE('',(#14896),#10251,.T.);
#14896 = FACE_BOUND('',#14897,.T.);
#14897 = EDGE_LOOP('',(#14898,#14899,#14900,#14921));
#14898 = ORIENTED_EDGE('',*,*,#14874,.F.);
#14899 = ORIENTED_EDGE('',*,*,#10235,.F.);
#14900 = ORIENTED_EDGE('',*,*,#14901,.F.);
#14901 = EDGE_CURVE('',#12236,#10208,#14902,.T.);
#14902 = SURFACE_CURVE('',#14903,(#14907,#14914),.PCURVE_S1.);
#14903 = LINE('',#14904,#14905);
#14904 = CARTESIAN_POINT('',(2.122857809067,-0.181006252766,0.625));
#14905 = VECTOR('',#14906,1.);
#14906 = DIRECTION('',(0.,0.,1.));
#14907 = PCURVE('',#10251,#14908);
#14908 = DEFINITIONAL_REPRESENTATION('',(#14909),#14913);
#14909 = LINE('',#14910,#14911);
#14910 = CARTESIAN_POINT('',(8.790186586129E-02,0.116185419182));
#14911 = VECTOR('',#14912,1.);
#14912 = DIRECTION('',(0.,-1.));
#14913 = ( GEOMETRIC_REPRESENTATION_CONTEXT(2) 
PARAMETRIC_REPRESENTATION_CONTEXT() REPRESENTATION_CONTEXT('2D SPACE',''
  ) );
#14914 = PCURVE('',#10223,#14915);
#14915 = DEFINITIONAL_REPRESENTATION('',(#14916),#14920);
#14916 = LINE('',#14917,#14918);
#14917 = CARTESIAN_POINT('',(-6.149387702461E-03,9.918622587724E-02));
#14918 = VECTOR('',#14919,1.);
#14919 = DIRECTION('',(0.,-1.));
#14920 = ( GEOMETRIC_REPRESENTATION_CONTEXT(2) 
PARAMETRIC_REPRESENTATION_CONTEXT() REPRESENTATION_CONTEXT('2D SPACE',''
  ) );
#14921 = ORIENTED_EDGE('',*,*,#12235,.F.);
#14922 = ADVANCED_FACE('',(#14923),#10223,.T.);
#14923 = FACE_BOUND('',#14924,.T.);
#14924 = EDGE_LOOP('',(#14925,#14926,#14927,#14948));
#14925 = ORIENTED_EDGE('',*,*,#14901,.T.);
#14926 = ORIENTED_EDGE('',*,*,#10207,.F.);
#14927 = ORIENTED_EDGE('',*,*,#14928,.T.);
#14928 = EDGE_CURVE('',#10180,#12259,#14929,.T.);
#14929 = SURFACE_CURVE('',#14930,(#14934,#14941),.PCURVE_S1.);
#14930 = LINE('',#14931,#14932);
#14931 = CARTESIAN_POINT('',(2.102688550949,-0.192412689328,0.8125));
#14932 = VECTOR('',#14933,1.);
#14933 = DIRECTION('',(0.,0.,-1.));
#14934 = PCURVE('',#10223,#14935);
#14935 = DEFINITIONAL_REPRESENTATION('',(#14936),#14940);
#14936 = LINE('',#14937,#14938);
#14937 = CARTESIAN_POINT('',(1.702183945694E-02,-8.831377412276E-02));
#14938 = VECTOR('',#14939,1.);
#14939 = DIRECTION('',(-0.,1.));
#14940 = ( GEOMETRIC_REPRESENTATION_CONTEXT(2) 
PARAMETRIC_REPRESENTATION_CONTEXT() REPRESENTATION_CONTEXT('2D SPACE',''
  ) );
#14941 = PCURVE('',#10195,#14942);
#14942 = DEFINITIONAL_REPRESENTATION('',(#14943),#14947);
#14943 = LINE('',#14944,#14945);
#14944 = CARTESIAN_POINT('',(-1.875739771707E-02,-9.971278247312E-02));
#14945 = VECTOR('',#14946,1.);
#14946 = DIRECTION('',(-0.,1.));
#14947 = ( GEOMETRIC_REPRESENTATION_CONTEXT(2) 
PARAMETRIC_REPRESENTATION_CONTEXT() REPRESENTATION_CONTEXT('2D SPACE',''
  ) );
#14948 = ORIENTED_EDGE('',*,*,#12258,.F.);
#14949 = ADVANCED_FACE('',(#14950),#10195,.T.);
#14950 = FACE_BOUND('',#14951,.T.);
#14951 = EDGE_LOOP('',(#14952,#14973,#14974,#14975));
#14952 = ORIENTED_EDGE('',*,*,#14953,.T.);
#14953 = EDGE_CURVE('',#10152,#12282,#14954,.T.);
#14954 = SURFACE_CURVE('',#14955,(#14959,#14966),.PCURVE_S1.);
#14955 = LINE('',#14956,#14957);
#14956 = CARTESIAN_POINT('',(2.081775188446,-0.207158535719,0.8125));
#14957 = VECTOR('',#14958,1.);
#14958 = DIRECTION('',(0.,0.,-1.));
#14959 = PCURVE('',#10195,#14960);
#14960 = DEFINITIONAL_REPRESENTATION('',(#14961),#14965);
#14961 = LINE('',#14962,#14963);
#14962 = CARTESIAN_POINT('',(6.83183277083E-03,-9.971278247312E-02));
#14963 = VECTOR('',#14964,1.);
#14964 = DIRECTION('',(-0.,1.));
#14965 = ( GEOMETRIC_REPRESENTATION_CONTEXT(2) 
PARAMETRIC_REPRESENTATION_CONTEXT() REPRESENTATION_CONTEXT('2D SPACE',''
  ) );
#14966 = PCURVE('',#10167,#14967);
#14967 = DEFINITIONAL_REPRESENTATION('',(#14968),#14972);
#14968 = LINE('',#14969,#14970);
#14969 = CARTESIAN_POINT('',(-9.666390098934E-03,-9.689665323647E-02));
#14970 = VECTOR('',#14971,1.);
#14971 = DIRECTION('',(-0.,1.));
#14972 = ( GEOMETRIC_REPRESENTATION_CONTEXT(2) 
PARAMETRIC_REPRESENTATION_CONTEXT() REPRESENTATION_CONTEXT('2D SPACE',''
  ) );
#14973 = ORIENTED_EDGE('',*,*,#12281,.F.);
#14974 = ORIENTED_EDGE('',*,*,#14928,.F.);
#14975 = ORIENTED_EDGE('',*,*,#10179,.F.);
#14976 = ADVANCED_FACE('',(#14977),#10167,.T.);
#14977 = FACE_BOUND('',#14978,.T.);
#14978 = EDGE_LOOP('',(#14979,#15000,#15001,#15002));
#14979 = ORIENTED_EDGE('',*,*,#14980,.T.);
#14980 = EDGE_CURVE('',#10124,#12305,#14981,.T.);
#14981 = SURFACE_CURVE('',#14982,(#14986,#14993),.PCURVE_S1.);
#14982 = LINE('',#14983,#14984);
#14983 = CARTESIAN_POINT('',(2.072286128998,-0.216102004051,0.8125));
#14984 = VECTOR('',#14985,1.);
#14985 = DIRECTION('',(0.,0.,-1.));
#14986 = PCURVE('',#10167,#14987);
#14987 = DEFINITIONAL_REPRESENTATION('',(#14988),#14992);
#14988 = LINE('',#14989,#14990);
#14989 = CARTESIAN_POINT('',(3.373083625989E-03,-9.689665323647E-02));
#14990 = VECTOR('',#14991,1.);
#14991 = DIRECTION('',(-0.,1.));
#14992 = ( GEOMETRIC_REPRESENTATION_CONTEXT(2) 
PARAMETRIC_REPRESENTATION_CONTEXT() REPRESENTATION_CONTEXT('2D SPACE',''
  ) );
#14993 = PCURVE('',#10139,#14994);
#14994 = DEFINITIONAL_REPRESENTATION('',(#14995),#14999);
#14995 = LINE('',#14996,#14997);
#14996 = CARTESIAN_POINT('',(7.165338799001E-03,9.609720338619E-02));
#14997 = VECTOR('',#14998,1.);
#14998 = DIRECTION('',(0.,-1.));
#14999 = ( GEOMETRIC_REPRESENTATION_CONTEXT(2) 
PARAMETRIC_REPRESENTATION_CONTEXT() REPRESENTATION_CONTEXT('2D SPACE',''
  ) );
#15000 = ORIENTED_EDGE('',*,*,#12304,.F.);
#15001 = ORIENTED_EDGE('',*,*,#14953,.F.);
#15002 = ORIENTED_EDGE('',*,*,#10151,.F.);
#15003 = ADVANCED_FACE('',(#15004),#10139,.T.);
#15004 = FACE_BOUND('',#15005,.T.);
#15005 = EDGE_LOOP('',(#15006,#15027,#15028,#15029));
#15006 = ORIENTED_EDGE('',*,*,#15007,.F.);
#15007 = EDGE_CURVE('',#12328,#10096,#15008,.T.);
#15008 = SURFACE_CURVE('',#15009,(#15013,#15020),.PCURVE_S1.);
#15009 = LINE('',#15010,#15011);
#15010 = CARTESIAN_POINT('',(2.066264152527,-0.223624870181,0.625));
#15011 = VECTOR('',#15012,1.);
#15012 = DIRECTION('',(0.,0.,1.));
#15013 = PCURVE('',#10139,#15014);
#15014 = DEFINITIONAL_REPRESENTATION('',(#15015),#15019);
#15015 = LINE('',#15016,#15017);
#15016 = CARTESIAN_POINT('',(-2.470932026617E-03,-9.140279661381E-02));
#15017 = VECTOR('',#15018,1.);
#15018 = DIRECTION('',(0.,1.));
#15019 = ( GEOMETRIC_REPRESENTATION_CONTEXT(2) 
PARAMETRIC_REPRESENTATION_CONTEXT() REPRESENTATION_CONTEXT('2D SPACE',''
  ) );
#15020 = PCURVE('',#10111,#15021);
#15021 = DEFINITIONAL_REPRESENTATION('',(#15022),#15026);
#15022 = LINE('',#15023,#15024);
#15023 = CARTESIAN_POINT('',(5.620054177731E-03,-9.190193239277E-02));
#15024 = VECTOR('',#15025,1.);
#15025 = DIRECTION('',(0.,1.));
#15026 = ( GEOMETRIC_REPRESENTATION_CONTEXT(2) 
PARAMETRIC_REPRESENTATION_CONTEXT() REPRESENTATION_CONTEXT('2D SPACE',''
  ) );
#15027 = ORIENTED_EDGE('',*,*,#12327,.F.);
#15028 = ORIENTED_EDGE('',*,*,#14980,.F.);
#15029 = ORIENTED_EDGE('',*,*,#10123,.F.);
#15030 = ADVANCED_FACE('',(#15031),#10111,.T.);
#15031 = FACE_BOUND('',#15032,.T.);
#15032 = EDGE_LOOP('',(#15033,#15054,#15055,#15056));
#15033 = ORIENTED_EDGE('',*,*,#15034,.F.);
#15034 = EDGE_CURVE('',#12351,#10068,#15035,.T.);
#15035 = SURFACE_CURVE('',#15036,(#15040,#15047),.PCURVE_S1.);
#15036 = LINE('',#15037,#15038);
#15037 = CARTESIAN_POINT('',(2.062497138977,-0.230161011219,0.625));
#15038 = VECTOR('',#15039,1.);
#15039 = DIRECTION('',(0.,0.,1.));
#15040 = PCURVE('',#10111,#15041);
#15041 = DEFINITIONAL_REPRESENTATION('',(#15042),#15046);
#15042 = LINE('',#15043,#15044);
#15043 = CARTESIAN_POINT('',(-1.923918963279E-03,-9.190193239277E-02));
#15044 = VECTOR('',#15045,1.);
#15045 = DIRECTION('',(0.,1.));
#15046 = ( GEOMETRIC_REPRESENTATION_CONTEXT(2) 
PARAMETRIC_REPRESENTATION_CONTEXT() REPRESENTATION_CONTEXT('2D SPACE',''
  ) );
#15047 = PCURVE('',#10083,#15048);
#15048 = DEFINITIONAL_REPRESENTATION('',(#15049),#15053);
#15049 = LINE('',#15050,#15051);
#15050 = CARTESIAN_POINT('',(5.315917340451E-03,-9.200063321311E-02));
#15051 = VECTOR('',#15052,1.);
#15052 = DIRECTION('',(0.,1.));
#15053 = ( GEOMETRIC_REPRESENTATION_CONTEXT(2) 
PARAMETRIC_REPRESENTATION_CONTEXT() REPRESENTATION_CONTEXT('2D SPACE',''
  ) );
#15054 = ORIENTED_EDGE('',*,*,#12350,.F.);
#15055 = ORIENTED_EDGE('',*,*,#15007,.T.);
#15056 = ORIENTED_EDGE('',*,*,#10095,.F.);
#15057 = ADVANCED_FACE('',(#15058),#10083,.T.);
#15058 = FACE_BOUND('',#15059,.T.);
#15059 = EDGE_LOOP('',(#15060,#15081,#15082,#15083));
#15060 = ORIENTED_EDGE('',*,*,#15061,.T.);
#15061 = EDGE_CURVE('',#10040,#12374,#15062,.T.);
#15062 = SURFACE_CURVE('',#15063,(#15067,#15074),.PCURVE_S1.);
#15063 = LINE('',#15064,#15065);
#15064 = CARTESIAN_POINT('',(2.059981107712,-0.236835643649,0.8125));
#15065 = VECTOR('',#15066,1.);
#15066 = DIRECTION('',(0.,0.,-1.));
#15067 = PCURVE('',#10083,#15068);
#15068 = DEFINITIONAL_REPRESENTATION('',(#15069),#15073);
#15069 = LINE('',#15070,#15071);
#15070 = CARTESIAN_POINT('',(-1.817183766669E-03,9.549936678689E-02));
#15071 = VECTOR('',#15072,1.);
#15072 = DIRECTION('',(0.,-1.));
#15073 = ( GEOMETRIC_REPRESENTATION_CONTEXT(2) 
PARAMETRIC_REPRESENTATION_CONTEXT() REPRESENTATION_CONTEXT('2D SPACE',''
  ) );
#15074 = PCURVE('',#10055,#15075);
#15075 = DEFINITIONAL_REPRESENTATION('',(#15076),#15080);
#15076 = LINE('',#15077,#15078);
#15077 = CARTESIAN_POINT('',(5.164929108304E-03,9.545031061719E-02));
#15078 = VECTOR('',#15079,1.);
#15079 = DIRECTION('',(0.,-1.));
#15080 = ( GEOMETRIC_REPRESENTATION_CONTEXT(2) 
PARAMETRIC_REPRESENTATION_CONTEXT() REPRESENTATION_CONTEXT('2D SPACE',''
  ) );
#15081 = ORIENTED_EDGE('',*,*,#12373,.F.);
#15082 = ORIENTED_EDGE('',*,*,#15034,.T.);
#15083 = ORIENTED_EDGE('',*,*,#10067,.F.);
#15084 = ADVANCED_FACE('',(#15085),#10055,.T.);
#15085 = FACE_BOUND('',#15086,.T.);
#15086 = EDGE_LOOP('',(#15087,#15108,#15109,#15110));
#15087 = ORIENTED_EDGE('',*,*,#15088,.F.);
#15088 = EDGE_CURVE('',#12397,#10012,#15089,.T.);
#15089 = SURFACE_CURVE('',#15090,(#15094,#15101),.PCURVE_S1.);
#15090 = LINE('',#15091,#15092);
#15091 = CARTESIAN_POINT('',(2.058654308319,-0.243636667728,0.625));
#15092 = VECTOR('',#15093,1.);
#15093 = DIRECTION('',(0.,0.,1.));
#15094 = PCURVE('',#10055,#15095);
#15095 = DEFINITIONAL_REPRESENTATION('',(#15096),#15100);
#15096 = LINE('',#15097,#15098);
#15097 = CARTESIAN_POINT('',(-1.764307873933E-03,-9.204968938281E-02));
#15098 = VECTOR('',#15099,1.);
#15099 = DIRECTION('',(0.,1.));
#15100 = ( GEOMETRIC_REPRESENTATION_CONTEXT(2) 
PARAMETRIC_REPRESENTATION_CONTEXT() REPRESENTATION_CONTEXT('2D SPACE',''
  ) );
#15101 = PCURVE('',#10027,#15102);
#15102 = DEFINITIONAL_REPRESENTATION('',(#15103),#15107);
#15103 = LINE('',#15104,#15105);
#15104 = CARTESIAN_POINT('',(1.750685275027E-03,-9.543765482281E-02));
#15105 = VECTOR('',#15106,1.);
#15106 = DIRECTION('',(0.,1.));
#15107 = ( GEOMETRIC_REPRESENTATION_CONTEXT(2) 
PARAMETRIC_REPRESENTATION_CONTEXT() REPRESENTATION_CONTEXT('2D SPACE',''
  ) );
#15108 = ORIENTED_EDGE('',*,*,#12396,.F.);
#15109 = ORIENTED_EDGE('',*,*,#15061,.F.);
#15110 = ORIENTED_EDGE('',*,*,#10039,.F.);
#15111 = ADVANCED_FACE('',(#15112),#10027,.T.);
#15112 = FACE_BOUND('',#15113,.T.);
#15113 = EDGE_LOOP('',(#15114,#15115,#15116,#15137));
#15114 = ORIENTED_EDGE('',*,*,#15088,.T.);
#15115 = ORIENTED_EDGE('',*,*,#10011,.F.);
#15116 = ORIENTED_EDGE('',*,*,#15117,.T.);
#15117 = EDGE_CURVE('',#9984,#12420,#15118,.T.);
#15118 = SURFACE_CURVE('',#15119,(#15123,#15130),.PCURVE_S1.);
#15119 = LINE('',#15120,#15121);
#15120 = CARTESIAN_POINT('',(2.058456897736,-0.250510513783,0.8125));
#15121 = VECTOR('',#15122,1.);
#15122 = DIRECTION('',(0.,0.,-1.));
#15123 = PCURVE('',#10027,#15124);
#15124 = DEFINITIONAL_REPRESENTATION('',(#15125),#15129);
#15125 = LINE('',#15126,#15127);
#15126 = CARTESIAN_POINT('',(-5.12599492065E-03,9.206234517719E-02));
#15127 = VECTOR('',#15128,1.);
#15128 = DIRECTION('',(0.,-1.));
#15129 = ( GEOMETRIC_REPRESENTATION_CONTEXT(2) 
PARAMETRIC_REPRESENTATION_CONTEXT() REPRESENTATION_CONTEXT('2D SPACE',''
  ) );
#15130 = PCURVE('',#9999,#15131);
#15131 = DEFINITIONAL_REPRESENTATION('',(#15132),#15136);
#15132 = LINE('',#15133,#15134);
#15133 = CARTESIAN_POINT('',(1.869628211776E-03,9.195208245212E-02));
#15134 = VECTOR('',#15135,1.);
#15135 = DIRECTION('',(0.,-1.));
#15136 = ( GEOMETRIC_REPRESENTATION_CONTEXT(2) 
PARAMETRIC_REPRESENTATION_CONTEXT() REPRESENTATION_CONTEXT('2D SPACE',''
  ) );
#15137 = ORIENTED_EDGE('',*,*,#12419,.F.);
#15138 = ADVANCED_FACE('',(#15139),#9999,.T.);
#15139 = FACE_BOUND('',#15140,.T.);
#15140 = EDGE_LOOP('',(#15141,#15142,#15143,#15164));
#15141 = ORIENTED_EDGE('',*,*,#15117,.F.);
#15142 = ORIENTED_EDGE('',*,*,#9983,.F.);
#15143 = ORIENTED_EDGE('',*,*,#15144,.F.);
#15144 = EDGE_CURVE('',#12443,#9956,#15145,.T.);
#15145 = SURFACE_CURVE('',#15146,(#15150,#15157),.PCURVE_S1.);
#15146 = LINE('',#15147,#15148);
#15147 = CARTESIAN_POINT('',(2.059389591217,-0.25778606534,0.625));
#15148 = VECTOR('',#15149,1.);
#15149 = DIRECTION('',(0.,0.,1.));
#15150 = PCURVE('',#9999,#15151);
#15151 = DEFINITIONAL_REPRESENTATION('',(#15152),#15156);
#15152 = LINE('',#15153,#15154);
#15153 = CARTESIAN_POINT('',(-5.465463307542E-03,-9.554791754788E-02));
#15154 = VECTOR('',#15155,1.);
#15155 = DIRECTION('',(0.,1.));
#15156 = ( GEOMETRIC_REPRESENTATION_CONTEXT(2) 
PARAMETRIC_REPRESENTATION_CONTEXT() REPRESENTATION_CONTEXT('2D SPACE',''
  ) );
#15157 = PCURVE('',#9971,#15158);
#15158 = DEFINITIONAL_REPRESENTATION('',(#15159),#15163);
#15159 = LINE('',#15160,#15161);
#15160 = CARTESIAN_POINT('',(2.134693577335E-03,-9.5791713672E-02));
#15161 = VECTOR('',#15162,1.);
#15162 = DIRECTION('',(0.,1.));
#15163 = ( GEOMETRIC_REPRESENTATION_CONTEXT(2) 
PARAMETRIC_REPRESENTATION_CONTEXT() REPRESENTATION_CONTEXT('2D SPACE',''
  ) );
#15164 = ORIENTED_EDGE('',*,*,#12442,.F.);
#15165 = ADVANCED_FACE('',(#15166),#9971,.T.);
#15166 = FACE_BOUND('',#15167,.T.);
#15167 = EDGE_LOOP('',(#15168,#15169,#15170,#15191));
#15168 = ORIENTED_EDGE('',*,*,#15144,.T.);
#15169 = ORIENTED_EDGE('',*,*,#9955,.F.);
#15170 = ORIENTED_EDGE('',*,*,#15171,.T.);
#15171 = EDGE_CURVE('',#9928,#12466,#15172,.T.);
#15172 = SURFACE_CURVE('',#15173,(#15177,#15184),.PCURVE_S1.);
#15173 = LINE('',#15174,#15175);
#15174 = CARTESIAN_POINT('',(2.061672687531,-0.265820801258,0.8125));
#15175 = VECTOR('',#15176,1.);
#15176 = DIRECTION('',(0.,0.,-1.));
#15177 = PCURVE('',#9971,#15178);
#15178 = DEFINITIONAL_REPRESENTATION('',(#15179),#15183);
#15179 = LINE('',#15180,#15181);
#15180 = CARTESIAN_POINT('',(-6.218120921343E-03,9.1708286328E-02));
#15181 = VECTOR('',#15182,1.);
#15182 = DIRECTION('',(0.,-1.));
#15183 = ( GEOMETRIC_REPRESENTATION_CONTEXT(2) 
PARAMETRIC_REPRESENTATION_CONTEXT() REPRESENTATION_CONTEXT('2D SPACE',''
  ) );
#15184 = PCURVE('',#9943,#15185);
#15185 = DEFINITIONAL_REPRESENTATION('',(#15186),#15190);
#15186 = LINE('',#15187,#15188);
#15187 = CARTESIAN_POINT('',(2.720547504641E-03,9.117868723713E-02));
#15188 = VECTOR('',#15189,1.);
#15189 = DIRECTION('',(0.,-1.));
#15190 = ( GEOMETRIC_REPRESENTATION_CONTEXT(2) 
PARAMETRIC_REPRESENTATION_CONTEXT() REPRESENTATION_CONTEXT('2D SPACE',''
  ) );
#15191 = ORIENTED_EDGE('',*,*,#12465,.F.);
#15192 = ADVANCED_FACE('',(#15193),#9943,.T.);
#15193 = FACE_BOUND('',#15194,.T.);
#15194 = EDGE_LOOP('',(#15195,#15196,#15197,#15218));
#15195 = ORIENTED_EDGE('',*,*,#15171,.F.);
#15196 = ORIENTED_EDGE('',*,*,#9927,.F.);
#15197 = ORIENTED_EDGE('',*,*,#15198,.T.);
#15198 = EDGE_CURVE('',#9900,#12489,#15199,.T.);
#15199 = SURFACE_CURVE('',#15200,(#15204,#15211),.PCURVE_S1.);
#15200 = LINE('',#15201,#15202);
#15201 = CARTESIAN_POINT('',(2.066020727158,-0.275470137596,0.8125));
#15202 = VECTOR('',#15203,1.);
#15203 = DIRECTION('',(0.,0.,-1.));
#15204 = PCURVE('',#9943,#15205);
#15205 = DEFINITIONAL_REPRESENTATION('',(#15206),#15210);
#15206 = LINE('',#15207,#15208);
#15207 = CARTESIAN_POINT('',(-7.863173030374E-03,9.117868723713E-02));
#15208 = VECTOR('',#15209,1.);
#15209 = DIRECTION('',(0.,-1.));
#15210 = ( GEOMETRIC_REPRESENTATION_CONTEXT(2) 
PARAMETRIC_REPRESENTATION_CONTEXT() REPRESENTATION_CONTEXT('2D SPACE',''
  ) );
#15211 = PCURVE('',#9915,#15212);
#15212 = DEFINITIONAL_REPRESENTATION('',(#15213),#15217);
#15213 = LINE('',#15214,#15215);
#15214 = CARTESIAN_POINT('',(1.203801097481E-02,9.764501011575E-02));
#15215 = VECTOR('',#15216,1.);
#15216 = DIRECTION('',(0.,-1.));
#15217 = ( GEOMETRIC_REPRESENTATION_CONTEXT(2) 
PARAMETRIC_REPRESENTATION_CONTEXT() REPRESENTATION_CONTEXT('2D SPACE',''
  ) );
#15218 = ORIENTED_EDGE('',*,*,#12488,.F.);
#15219 = ADVANCED_FACE('',(#15220),#9915,.T.);
#15220 = FACE_BOUND('',#15221,.T.);
#15221 = EDGE_LOOP('',(#15222,#15243,#15244,#15245));
#15222 = ORIENTED_EDGE('',*,*,#15223,.T.);
#15223 = EDGE_CURVE('',#9872,#12512,#15224,.T.);
#15224 = SURFACE_CURVE('',#15225,(#15229,#15236),.PCURVE_S1.);
#15225 = LINE('',#15226,#15227);
#15226 = CARTESIAN_POINT('',(2.07492852211,-0.289104104042,0.8125));
#15227 = VECTOR('',#15228,1.);
#15228 = DIRECTION('',(0.,0.,-1.));
#15229 = PCURVE('',#9915,#15230);
#15230 = DEFINITIONAL_REPRESENTATION('',(#15231),#15235);
#15231 = LINE('',#15232,#15233);
#15232 = CARTESIAN_POINT('',(-4.247990743307E-03,9.764501011575E-02));
#15233 = VECTOR('',#15234,1.);
#15234 = DIRECTION('',(0.,-1.));
#15235 = ( GEOMETRIC_REPRESENTATION_CONTEXT(2) 
PARAMETRIC_REPRESENTATION_CONTEXT() REPRESENTATION_CONTEXT('2D SPACE',''
  ) );
#15236 = PCURVE('',#9887,#15237);
#15237 = DEFINITIONAL_REPRESENTATION('',(#15238),#15242);
#15238 = LINE('',#15239,#15240);
#15239 = CARTESIAN_POINT('',(1.813435234223E-02,9.952436426848E-02));
#15240 = VECTOR('',#15241,1.);
#15241 = DIRECTION('',(0.,-1.));
#15242 = ( GEOMETRIC_REPRESENTATION_CONTEXT(2) 
PARAMETRIC_REPRESENTATION_CONTEXT() REPRESENTATION_CONTEXT('2D SPACE',''
  ) );
#15243 = ORIENTED_EDGE('',*,*,#12511,.F.);
#15244 = ORIENTED_EDGE('',*,*,#15198,.F.);
#15245 = ORIENTED_EDGE('',*,*,#9899,.F.);
#15246 = ADVANCED_FACE('',(#15247),#9887,.T.);
#15247 = FACE_BOUND('',#15248,.T.);
#15248 = EDGE_LOOP('',(#15249,#15270,#15271,#15272));
#15249 = ORIENTED_EDGE('',*,*,#15250,.F.);
#15250 = EDGE_CURVE('',#12535,#9844,#15251,.T.);
#15251 = SURFACE_CURVE('',#15252,(#15256,#15263),.PCURVE_S1.);
#15252 = LINE('',#15253,#15254);
#15253 = CARTESIAN_POINT('',(2.091598033905,-0.307357996702,0.625));
#15254 = VECTOR('',#15255,1.);
#15255 = DIRECTION('',(0.,0.,1.));
#15256 = PCURVE('',#9887,#15257);
#15257 = DEFINITIONAL_REPRESENTATION('',(#15258),#15262);
#15258 = LINE('',#15259,#15260);
#15259 = CARTESIAN_POINT('',(-6.585623805268E-03,-8.797563573152E-02));
#15260 = VECTOR('',#15261,1.);
#15261 = DIRECTION('',(0.,1.));
#15262 = ( GEOMETRIC_REPRESENTATION_CONTEXT(2) 
PARAMETRIC_REPRESENTATION_CONTEXT() REPRESENTATION_CONTEXT('2D SPACE',''
  ) );
#15263 = PCURVE('',#9859,#15264);
#15264 = DEFINITIONAL_REPRESENTATION('',(#15265),#15269);
#15265 = LINE('',#15266,#15267);
#15266 = CARTESIAN_POINT('',(-5.032763084348E-03,9.209266083249E-02));
#15267 = VECTOR('',#15268,1.);
#15268 = DIRECTION('',(0.,-1.));
#15269 = ( GEOMETRIC_REPRESENTATION_CONTEXT(2) 
PARAMETRIC_REPRESENTATION_CONTEXT() REPRESENTATION_CONTEXT('2D SPACE',''
  ) );
#15270 = ORIENTED_EDGE('',*,*,#12534,.F.);
#15271 = ORIENTED_EDGE('',*,*,#15223,.F.);
#15272 = ORIENTED_EDGE('',*,*,#9871,.F.);
#15273 = ADVANCED_FACE('',(#15274),#9859,.T.);
#15274 = FACE_BOUND('',#15275,.T.);
#15275 = EDGE_LOOP('',(#15276,#15297,#15298,#15299));
#15276 = ORIENTED_EDGE('',*,*,#15277,.F.);
#15277 = EDGE_CURVE('',#12558,#9816,#15278,.T.);
#15278 = SURFACE_CURVE('',#15279,(#15283,#15290),.PCURVE_S1.);
#15279 = LINE('',#15280,#15281);
#15280 = CARTESIAN_POINT('',(2.09658074379,-0.311912834644,0.625));
#15281 = VECTOR('',#15282,1.);
#15282 = DIRECTION('',(0.,0.,1.));
#15283 = PCURVE('',#9859,#15284);
#15284 = DEFINITIONAL_REPRESENTATION('',(#15285),#15289);
#15285 = LINE('',#15286,#15287);
#15286 = CARTESIAN_POINT('',(1.718084749334E-03,9.209266083249E-02));
#15287 = VECTOR('',#15288,1.);
#15288 = DIRECTION('',(0.,-1.));
#15289 = ( GEOMETRIC_REPRESENTATION_CONTEXT(2) 
PARAMETRIC_REPRESENTATION_CONTEXT() REPRESENTATION_CONTEXT('2D SPACE',''
  ) );
#15290 = PCURVE('',#9831,#15291);
#15291 = DEFINITIONAL_REPRESENTATION('',(#15292),#15296);
#15292 = LINE('',#15293,#15294);
#15293 = CARTESIAN_POINT('',(-3.268398138994E-02,8.375771191324E-02));
#15294 = VECTOR('',#15295,1.);
#15295 = DIRECTION('',(0.,-1.));
#15296 = ( GEOMETRIC_REPRESENTATION_CONTEXT(2) 
PARAMETRIC_REPRESENTATION_CONTEXT() REPRESENTATION_CONTEXT('2D SPACE',''
  ) );
#15297 = ORIENTED_EDGE('',*,*,#12557,.F.);
#15298 = ORIENTED_EDGE('',*,*,#15250,.T.);
#15299 = ORIENTED_EDGE('',*,*,#9843,.F.);
#15300 = ADVANCED_FACE('',(#15301),#9831,.T.);
#15301 = FACE_BOUND('',#15302,.T.);
#15302 = EDGE_LOOP('',(#15303,#15324,#15325,#15326));
#15303 = ORIENTED_EDGE('',*,*,#15304,.F.);
#15304 = EDGE_CURVE('',#12581,#9788,#15305,.T.);
#15305 = SURFACE_CURVE('',#15306,(#15310,#15317),.PCURVE_S1.);
#15306 = LINE('',#15307,#15308);
#15307 = CARTESIAN_POINT('',(2.133053541183,-0.338919997215,0.625));
#15308 = VECTOR('',#15309,1.);
#15309 = DIRECTION('',(0.,0.,1.));
#15310 = PCURVE('',#9831,#15311);
#15311 = DEFINITIONAL_REPRESENTATION('',(#15312),#15316);
#15312 = LINE('',#15313,#15314);
#15313 = CARTESIAN_POINT('',(1.269940521642E-02,8.375771191324E-02));
#15314 = VECTOR('',#15315,1.);
#15315 = DIRECTION('',(0.,-1.));
#15316 = ( GEOMETRIC_REPRESENTATION_CONTEXT(2) 
PARAMETRIC_REPRESENTATION_CONTEXT() REPRESENTATION_CONTEXT('2D SPACE',''
  ) );
#15317 = PCURVE('',#9803,#15318);
#15318 = DEFINITIONAL_REPRESENTATION('',(#15319),#15323);
#15319 = LINE('',#15320,#15321);
#15320 = CARTESIAN_POINT('',(-2.073304659552E-02,0.108124939199));
#15321 = VECTOR('',#15322,1.);
#15322 = DIRECTION('',(0.,-1.));
#15323 = ( GEOMETRIC_REPRESENTATION_CONTEXT(2) 
PARAMETRIC_REPRESENTATION_CONTEXT() REPRESENTATION_CONTEXT('2D SPACE',''
  ) );
#15324 = ORIENTED_EDGE('',*,*,#12580,.F.);
#15325 = ORIENTED_EDGE('',*,*,#15277,.T.);
#15326 = ORIENTED_EDGE('',*,*,#9815,.F.);
#15327 = ADVANCED_FACE('',(#15328),#9803,.T.);
#15328 = FACE_BOUND('',#15329,.T.);
#15329 = EDGE_LOOP('',(#15330,#15331,#15332,#15353));
#15330 = ORIENTED_EDGE('',*,*,#15304,.T.);
#15331 = ORIENTED_EDGE('',*,*,#9787,.F.);
#15332 = ORIENTED_EDGE('',*,*,#15333,.T.);
#15333 = EDGE_CURVE('',#9760,#12604,#15334,.T.);
#15334 = SURFACE_CURVE('',#15335,(#15339,#15346),.PCURVE_S1.);
#15335 = LINE('',#15336,#15337);
#15336 = CARTESIAN_POINT('',(2.195381402969,-0.371254503727,0.8125));
#15337 = VECTOR('',#15338,1.);
#15338 = DIRECTION('',(0.,0.,-1.));
#15339 = PCURVE('',#9803,#15340);
#15340 = DEFINITIONAL_REPRESENTATION('',(#15341),#15345);
#15341 = LINE('',#15342,#15343);
#15342 = CARTESIAN_POINT('',(4.948292499325E-02,-7.937506080113E-02));
#15343 = VECTOR('',#15344,1.);
#15344 = DIRECTION('',(0.,1.));
#15345 = ( GEOMETRIC_REPRESENTATION_CONTEXT(2) 
PARAMETRIC_REPRESENTATION_CONTEXT() REPRESENTATION_CONTEXT('2D SPACE',''
  ) );
#15346 = PCURVE('',#9775,#15347);
#15347 = DEFINITIONAL_REPRESENTATION('',(#15348),#15352);
#15348 = LINE('',#15349,#15350);
#15349 = CARTESIAN_POINT('',(-2.911543306373E-02,-0.102743435893));
#15350 = VECTOR('',#15351,1.);
#15351 = DIRECTION('',(0.,1.));
#15352 = ( GEOMETRIC_REPRESENTATION_CONTEXT(2) 
PARAMETRIC_REPRESENTATION_CONTEXT() REPRESENTATION_CONTEXT('2D SPACE',''
  ) );
#15353 = ORIENTED_EDGE('',*,*,#12603,.F.);
#15354 = ADVANCED_FACE('',(#15355),#9775,.T.);
#15355 = FACE_BOUND('',#15356,.T.);
#15356 = EDGE_LOOP('',(#15357,#15378,#15379,#15380));
#15357 = ORIENTED_EDGE('',*,*,#15358,.F.);
#15358 = EDGE_CURVE('',#12627,#9732,#15359,.T.);
#15359 = SURFACE_CURVE('',#15360,(#15364,#15371),.PCURVE_S1.);
#15360 = LINE('',#15361,#15362);
#15361 = CARTESIAN_POINT('',(2.23301243782,-0.385519295931,0.625));
#15362 = VECTOR('',#15363,1.);
#15363 = DIRECTION('',(0.,0.,1.));
#15364 = PCURVE('',#9775,#15365);
#15365 = DEFINITIONAL_REPRESENTATION('',(#15366),#15370);
#15366 = LINE('',#15367,#15368);
#15367 = CARTESIAN_POINT('',(1.112856127808E-02,8.475656410718E-02));
#15368 = VECTOR('',#15369,1.);
#15369 = DIRECTION('',(0.,-1.));
#15370 = ( GEOMETRIC_REPRESENTATION_CONTEXT(2) 
PARAMETRIC_REPRESENTATION_CONTEXT() REPRESENTATION_CONTEXT('2D SPACE',''
  ) );
#15371 = PCURVE('',#9747,#15372);
#15372 = DEFINITIONAL_REPRESENTATION('',(#15373),#15377);
#15373 = LINE('',#15374,#15375);
#15374 = CARTESIAN_POINT('',(-5.259337894371E-02,7.862185102924E-02));
#15375 = VECTOR('',#15376,1.);
#15376 = DIRECTION('',(0.,-1.));
#15377 = ( GEOMETRIC_REPRESENTATION_CONTEXT(2) 
PARAMETRIC_REPRESENTATION_CONTEXT() REPRESENTATION_CONTEXT('2D SPACE',''
  ) );
#15378 = ORIENTED_EDGE('',*,*,#12626,.F.);
#15379 = ORIENTED_EDGE('',*,*,#15333,.F.);
#15380 = ORIENTED_EDGE('',*,*,#9759,.F.);
#15381 = ADVANCED_FACE('',(#15382),#9747,.T.);
#15382 = FACE_BOUND('',#15383,.T.);
#15383 = EDGE_LOOP('',(#15384,#15405,#15406,#15407));
#15384 = ORIENTED_EDGE('',*,*,#15385,.F.);
#15385 = EDGE_CURVE('',#12650,#9704,#15386,.T.);
#15386 = SURFACE_CURVE('',#15387,(#15391,#15398),.PCURVE_S1.);
#15387 = LINE('',#15388,#15389);
#15388 = CARTESIAN_POINT('',(2.305689096451,-0.403758734465,0.625));
#15389 = VECTOR('',#15390,1.);
#15390 = DIRECTION('',(0.,0.,1.));
#15391 = PCURVE('',#9747,#15392);
#15392 = DEFINITIONAL_REPRESENTATION('',(#15393),#15397);
#15393 = LINE('',#15394,#15395);
#15394 = CARTESIAN_POINT('',(2.233708100219E-02,7.862185102924E-02));
#15395 = VECTOR('',#15396,1.);
#15396 = DIRECTION('',(0.,-1.));
#15397 = ( GEOMETRIC_REPRESENTATION_CONTEXT(2) 
PARAMETRIC_REPRESENTATION_CONTEXT() REPRESENTATION_CONTEXT('2D SPACE',''
  ) );
#15398 = PCURVE('',#9719,#15399);
#15399 = DEFINITIONAL_REPRESENTATION('',(#15400),#15404);
#15400 = LINE('',#15401,#15402);
#15401 = CARTESIAN_POINT('',(-5.42142673632E-02,7.823655894541E-02));
#15402 = VECTOR('',#15403,1.);
#15403 = DIRECTION('',(0.,-1.));
#15404 = ( GEOMETRIC_REPRESENTATION_CONTEXT(2) 
PARAMETRIC_REPRESENTATION_CONTEXT() REPRESENTATION_CONTEXT('2D SPACE',''
  ) );
#15405 = ORIENTED_EDGE('',*,*,#12649,.F.);
#15406 = ORIENTED_EDGE('',*,*,#15358,.T.);
#15407 = ORIENTED_EDGE('',*,*,#9731,.F.);
#15408 = ADVANCED_FACE('',(#15409),#9719,.T.);
#15409 = FACE_BOUND('',#15410,.T.);
#15410 = EDGE_LOOP('',(#15411,#15432,#15433,#15434));
#15411 = ORIENTED_EDGE('',*,*,#15412,.F.);
#15412 = EDGE_CURVE('',#12673,#9676,#15413,.T.);
#15413 = SURFACE_CURVE('',#15414,(#15418,#15425),.PCURVE_S1.);
#15414 = LINE('',#15415,#15416);
#15415 = CARTESIAN_POINT('',(2.382823467255,-0.410185605288,0.625));
#15416 = VECTOR('',#15417,1.);
#15417 = DIRECTION('',(0.,0.,1.));
#15418 = PCURVE('',#9719,#15419);
#15419 = DEFINITIONAL_REPRESENTATION('',(#15420),#15424);
#15420 = LINE('',#15421,#15422);
#15421 = CARTESIAN_POINT('',(2.318738525402E-02,7.823655894541E-02));
#15422 = VECTOR('',#15423,1.);
#15423 = DIRECTION('',(0.,-1.));
#15424 = ( GEOMETRIC_REPRESENTATION_CONTEXT(2) 
PARAMETRIC_REPRESENTATION_CONTEXT() REPRESENTATION_CONTEXT('2D SPACE',''
  ) );
#15425 = PCURVE('',#9691,#15426);
#15426 = DEFINITIONAL_REPRESENTATION('',(#15427),#15431);
#15427 = LINE('',#15428,#15429);
#15428 = CARTESIAN_POINT('',(-2.32496396427E-02,0.109291282833));
#15429 = VECTOR('',#15430,1.);
#15430 = DIRECTION('',(0.,-1.));
#15431 = ( GEOMETRIC_REPRESENTATION_CONTEXT(2) 
PARAMETRIC_REPRESENTATION_CONTEXT() REPRESENTATION_CONTEXT('2D SPACE',''
  ) );
#15432 = ORIENTED_EDGE('',*,*,#12672,.F.);
#15433 = ORIENTED_EDGE('',*,*,#15385,.T.);
#15434 = ORIENTED_EDGE('',*,*,#9703,.F.);
#15435 = ADVANCED_FACE('',(#15436),#9691,.T.);
#15436 = FACE_BOUND('',#15437,.T.);
#15437 = EDGE_LOOP('',(#15438,#15439,#15440,#15461));
#15438 = ORIENTED_EDGE('',*,*,#15412,.T.);
#15439 = ORIENTED_EDGE('',*,*,#9675,.F.);
#15440 = ORIENTED_EDGE('',*,*,#15441,.F.);
#15441 = EDGE_CURVE('',#12696,#9648,#15442,.T.);
#15442 = SURFACE_CURVE('',#15443,(#15447,#15454),.PCURVE_S1.);
#15443 = LINE('',#15444,#15445);
#15444 = CARTESIAN_POINT('',(2.460183143616,-0.404318481684,0.625));
#15445 = VECTOR('',#15446,1.);
#15446 = DIRECTION('',(0.,0.,1.));
#15447 = PCURVE('',#9691,#15448);
#15448 = DEFINITIONAL_REPRESENTATION('',(#15449),#15453);
#15449 = LINE('',#15450,#15451);
#15450 = CARTESIAN_POINT('',(5.433220530877E-02,0.109291282833));
#15451 = VECTOR('',#15452,1.);
#15452 = DIRECTION('',(0.,-1.));
#15453 = ( GEOMETRIC_REPRESENTATION_CONTEXT(2) 
PARAMETRIC_REPRESENTATION_CONTEXT() REPRESENTATION_CONTEXT('2D SPACE',''
  ) );
#15454 = PCURVE('',#9663,#15455);
#15455 = DEFINITIONAL_REPRESENTATION('',(#15456),#15460);
#15456 = LINE('',#15457,#15458);
#15457 = CARTESIAN_POINT('',(-2.930937570477E-02,8.470167577221E-02));
#15458 = VECTOR('',#15459,1.);
#15459 = DIRECTION('',(0.,-1.));
#15460 = ( GEOMETRIC_REPRESENTATION_CONTEXT(2) 
PARAMETRIC_REPRESENTATION_CONTEXT() REPRESENTATION_CONTEXT('2D SPACE',''
  ) );
#15461 = ORIENTED_EDGE('',*,*,#12695,.F.);
#15462 = ADVANCED_FACE('',(#15463),#9663,.T.);
#15463 = FACE_BOUND('',#15464,.T.);
#15464 = EDGE_LOOP('',(#15465,#15486,#15487,#15488));
#15465 = ORIENTED_EDGE('',*,*,#15466,.F.);
#15466 = EDGE_CURVE('',#12719,#9626,#15467,.T.);
#15467 = SURFACE_CURVE('',#15468,(#15472,#15479),.PCURVE_S1.);
#15468 = LINE('',#15469,#15470);
#15469 = CARTESIAN_POINT('',(2.5,-0.396791279316,0.625));
#15470 = VECTOR('',#15471,1.);
#15471 = DIRECTION('',(0.,0.,1.));
#15472 = PCURVE('',#9663,#15473);
#15473 = DEFINITIONAL_REPRESENTATION('',(#15474),#15478);
#15474 = LINE('',#15475,#15476);
#15475 = CARTESIAN_POINT('',(1.12127272492E-02,8.470167577221E-02));
#15476 = VECTOR('',#15477,1.);
#15477 = DIRECTION('',(0.,-1.));
#15478 = ( GEOMETRIC_REPRESENTATION_CONTEXT(2) 
PARAMETRIC_REPRESENTATION_CONTEXT() REPRESENTATION_CONTEXT('2D SPACE',''
  ) );
#15479 = PCURVE('',#6046,#15480);
#15480 = DEFINITIONAL_REPRESENTATION('',(#15481),#15485);
#15481 = LINE('',#15482,#15483);
#15482 = CARTESIAN_POINT('',(-0.196428571429,0.364667573145));
#15483 = VECTOR('',#15484,1.);
#15484 = DIRECTION('',(1.,0.));
#15485 = ( GEOMETRIC_REPRESENTATION_CONTEXT(2) 
PARAMETRIC_REPRESENTATION_CONTEXT() REPRESENTATION_CONTEXT('2D SPACE',''
  ) );
#15486 = ORIENTED_EDGE('',*,*,#12718,.F.);
#15487 = ORIENTED_EDGE('',*,*,#15441,.T.);
#15488 = ORIENTED_EDGE('',*,*,#9647,.F.);
#15489 = ADVANCED_FACE('',(#15490),#9132,.T.);
#15490 = FACE_BOUND('',#15491,.T.);
#15491 = EDGE_LOOP('',(#15492,#15513,#15514,#15515));
#15492 = ORIENTED_EDGE('',*,*,#15493,.F.);
#15493 = EDGE_CURVE('',#9117,#12742,#15494,.T.);
#15494 = SURFACE_CURVE('',#15495,(#15499,#15506),.PCURVE_S1.);
#15495 = LINE('',#15496,#15497);
#15496 = CARTESIAN_POINT('',(2.5,0.437550336123,0.8125));
#15497 = VECTOR('',#15498,1.);
#15498 = DIRECTION('',(0.,0.,-1.));
#15499 = PCURVE('',#9132,#15500);
#15500 = DEFINITIONAL_REPRESENTATION('',(#15501),#15505);
#15501 = LINE('',#15502,#15503);
#15502 = CARTESIAN_POINT('',(-2.550875550858E-02,-7.723078369154E-02));
#15503 = VECTOR('',#15504,1.);
#15504 = DIRECTION('',(0.,1.));
#15505 = ( GEOMETRIC_REPRESENTATION_CONTEXT(2) 
PARAMETRIC_REPRESENTATION_CONTEXT() REPRESENTATION_CONTEXT('2D SPACE',''
  ) );
#15506 = PCURVE('',#6046,#15507);
#15507 = DEFINITIONAL_REPRESENTATION('',(#15508),#15512);
#15508 = LINE('',#15509,#15510);
#15509 = CARTESIAN_POINT('',(-8.928571428571E-03,-0.469674042293));
#15510 = VECTOR('',#15511,1.);
#15511 = DIRECTION('',(-1.,0.));
#15512 = ( GEOMETRIC_REPRESENTATION_CONTEXT(2) 
PARAMETRIC_REPRESENTATION_CONTEXT() REPRESENTATION_CONTEXT('2D SPACE',''
  ) );
#15513 = ORIENTED_EDGE('',*,*,#9114,.F.);
#15514 = ORIENTED_EDGE('',*,*,#11720,.T.);
#15515 = ORIENTED_EDGE('',*,*,#12763,.F.);
#15516 = ADVANCED_FACE('',(#15517),#7044,.T.);
#15517 = FACE_BOUND('',#15518,.T.);
#15518 = EDGE_LOOP('',(#15519,#15520,#15521,#15542));
#15519 = ORIENTED_EDGE('',*,*,#9062,.T.);
#15520 = ORIENTED_EDGE('',*,*,#7028,.F.);
#15521 = ORIENTED_EDGE('',*,*,#15522,.T.);
#15522 = EDGE_CURVE('',#7001,#9396,#15523,.T.);
#15523 = SURFACE_CURVE('',#15524,(#15528,#15535),.PCURVE_S1.);
#15524 = LINE('',#15525,#15526);
#15525 = CARTESIAN_POINT('',(1.895213127136,-0.584206044674,1.));
#15526 = VECTOR('',#15527,1.);
#15527 = DIRECTION('',(0.,0.,-1.));
#15528 = PCURVE('',#7044,#15529);
#15529 = DEFINITIONAL_REPRESENTATION('',(#15530),#15534);
#15530 = LINE('',#15531,#15532);
#15531 = CARTESIAN_POINT('',(-1.602627245287E-02,8.861820540878E-02));
#15532 = VECTOR('',#15533,1.);
#15533 = DIRECTION('',(0.,-1.));
#15534 = ( GEOMETRIC_REPRESENTATION_CONTEXT(2) 
PARAMETRIC_REPRESENTATION_CONTEXT() REPRESENTATION_CONTEXT('2D SPACE',''
  ) );
#15535 = PCURVE('',#7016,#15536);
#15536 = DEFINITIONAL_REPRESENTATION('',(#15537),#15541);
#15537 = LINE('',#15538,#15539);
#15538 = CARTESIAN_POINT('',(5.762687087725E-03,8.861820238156E-02));
#15539 = VECTOR('',#15540,1.);
#15540 = DIRECTION('',(0.,-1.));
#15541 = ( GEOMETRIC_REPRESENTATION_CONTEXT(2) 
PARAMETRIC_REPRESENTATION_CONTEXT() REPRESENTATION_CONTEXT('2D SPACE',''
  ) );
#15542 = ORIENTED_EDGE('',*,*,#9395,.F.);
#15543 = ADVANCED_FACE('',(#15544),#7016,.T.);
#15544 = FACE_BOUND('',#15545,.T.);
#15545 = EDGE_LOOP('',(#15546,#15547,#15548,#15569));
#15546 = ORIENTED_EDGE('',*,*,#15522,.F.);
#15547 = ORIENTED_EDGE('',*,*,#7000,.F.);
#15548 = ORIENTED_EDGE('',*,*,#15549,.F.);
#15549 = EDGE_CURVE('',#9419,#6973,#15550,.T.);
#15550 = SURFACE_CURVE('',#15551,(#15555,#15562),.PCURVE_S1.);
#15551 = LINE('',#15552,#15553);
#15552 = CARTESIAN_POINT('',(1.900852560997,-0.605252563953,0.8125));
#15553 = VECTOR('',#15554,1.);
#15554 = DIRECTION('',(0.,0.,1.));
#15555 = PCURVE('',#7016,#15556);
#15556 = DEFINITIONAL_REPRESENTATION('',(#15557),#15561);
#15557 = LINE('',#15558,#15559);
#15558 = CARTESIAN_POINT('',(-1.602628232461E-02,-9.888179761844E-02));
#15559 = VECTOR('',#15560,1.);
#15560 = DIRECTION('',(0.,1.));
#15561 = ( GEOMETRIC_REPRESENTATION_CONTEXT(2) 
PARAMETRIC_REPRESENTATION_CONTEXT() REPRESENTATION_CONTEXT('2D SPACE',''
  ) );
#15562 = PCURVE('',#6988,#15563);
#15563 = DEFINITIONAL_REPRESENTATION('',(#15564),#15568);
#15564 = LINE('',#15565,#15566);
#15565 = CARTESIAN_POINT('',(1.602620336444E-02,-8.861822659514E-02));
#15566 = VECTOR('',#15567,1.);
#15567 = DIRECTION('',(0.,1.));
#15568 = ( GEOMETRIC_REPRESENTATION_CONTEXT(2) 
PARAMETRIC_REPRESENTATION_CONTEXT() REPRESENTATION_CONTEXT('2D SPACE',''
  ) );
#15569 = ORIENTED_EDGE('',*,*,#9418,.F.);
#15570 = ADVANCED_FACE('',(#15571),#6988,.T.);
#15571 = FACE_BOUND('',#15572,.T.);
#15572 = EDGE_LOOP('',(#15573,#15594,#15595,#15596));
#15573 = ORIENTED_EDGE('',*,*,#15574,.T.);
#15574 = EDGE_CURVE('',#6945,#9442,#15575,.T.);
#15575 = SURFACE_CURVE('',#15576,(#15580,#15587),.PCURVE_S1.);
#15576 = LINE('',#15577,#15578);
#15577 = CARTESIAN_POINT('',(1.910060882568,-0.625,1.));
#15578 = VECTOR('',#15579,1.);
#15579 = DIRECTION('',(0.,0.,-1.));
#15580 = PCURVE('',#6988,#15581);
#15581 = DEFINITIONAL_REPRESENTATION('',(#15582),#15586);
#15582 = LINE('',#15583,#15584);
#15583 = CARTESIAN_POINT('',(-5.762656554706E-03,9.888177340486E-02));
#15584 = VECTOR('',#15585,1.);
#15585 = DIRECTION('',(0.,-1.));
#15586 = ( GEOMETRIC_REPRESENTATION_CONTEXT(2) 
PARAMETRIC_REPRESENTATION_CONTEXT() REPRESENTATION_CONTEXT('2D SPACE',''
  ) );
#15587 = PCURVE('',#6960,#15588);
#15588 = DEFINITIONAL_REPRESENTATION('',(#15589),#15593);
#15589 = LINE('',#15590,#15591);
#15590 = CARTESIAN_POINT('',(5.762693868825E-03,8.861819700395E-02));
#15591 = VECTOR('',#15592,1.);
#15592 = DIRECTION('',(0.,-1.));
#15593 = ( GEOMETRIC_REPRESENTATION_CONTEXT(2) 
PARAMETRIC_REPRESENTATION_CONTEXT() REPRESENTATION_CONTEXT('2D SPACE',''
  ) );
#15594 = ORIENTED_EDGE('',*,*,#9441,.F.);
#15595 = ORIENTED_EDGE('',*,*,#15549,.T.);
#15596 = ORIENTED_EDGE('',*,*,#6972,.F.);
#15597 = ADVANCED_FACE('',(#15598),#6960,.T.);
#15598 = FACE_BOUND('',#15599,.T.);
#15599 = EDGE_LOOP('',(#15600,#15601,#15602,#15623));
#15600 = ORIENTED_EDGE('',*,*,#15574,.F.);
#15601 = ORIENTED_EDGE('',*,*,#6944,.F.);
#15602 = ORIENTED_EDGE('',*,*,#15603,.T.);
#15603 = EDGE_CURVE('',#6917,#9465,#15604,.T.);
#15604 = SURFACE_CURVE('',#15605,(#15609,#15616),.PCURVE_S1.);
#15605 = LINE('',#15606,#15607);
#15606 = CARTESIAN_POINT('',(1.922558546066,-0.642848491669,1.));
#15607 = VECTOR('',#15608,1.);
#15608 = DIRECTION('',(0.,0.,-1.));
#15609 = PCURVE('',#6960,#15610);
#15610 = DEFINITIONAL_REPRESENTATION('',(#15611),#15615);
#15611 = LINE('',#15612,#15613);
#15612 = CARTESIAN_POINT('',(-1.602629986092E-02,8.861819700395E-02));
#15613 = VECTOR('',#15614,1.);
#15614 = DIRECTION('',(0.,-1.));
#15615 = ( GEOMETRIC_REPRESENTATION_CONTEXT(2) 
PARAMETRIC_REPRESENTATION_CONTEXT() REPRESENTATION_CONTEXT('2D SPACE',''
  ) );
#15616 = PCURVE('',#6932,#15617);
#15617 = DEFINITIONAL_REPRESENTATION('',(#15618),#15622);
#15618 = LINE('',#15619,#15620);
#15619 = CARTESIAN_POINT('',(5.762646778821E-03,8.86182343477E-02));
#15620 = VECTOR('',#15621,1.);
#15621 = DIRECTION('',(0.,-1.));
#15622 = ( GEOMETRIC_REPRESENTATION_CONTEXT(2) 
PARAMETRIC_REPRESENTATION_CONTEXT() REPRESENTATION_CONTEXT('2D SPACE',''
  ) );
#15623 = ORIENTED_EDGE('',*,*,#9464,.F.);
#15624 = ADVANCED_FACE('',(#15625),#6932,.T.);
#15625 = FACE_BOUND('',#15626,.T.);
#15626 = EDGE_LOOP('',(#15627,#15628,#15629,#15650));
#15627 = ORIENTED_EDGE('',*,*,#15603,.F.);
#15628 = ORIENTED_EDGE('',*,*,#6916,.F.);
#15629 = ORIENTED_EDGE('',*,*,#15630,.T.);
#15630 = EDGE_CURVE('',#6889,#9488,#15631,.T.);
#15631 = SURFACE_CURVE('',#15632,(#15636,#15643),.PCURVE_S1.);
#15632 = LINE('',#15633,#15634);
#15633 = CARTESIAN_POINT('',(1.937965512276,-0.658255577087,1.));
#15634 = VECTOR('',#15635,1.);
#15635 = DIRECTION('',(0.,0.,-1.));
#15636 = PCURVE('',#6932,#15637);
#15637 = DEFINITIONAL_REPRESENTATION('',(#15638),#15642);
#15638 = LINE('',#15639,#15640);
#15639 = CARTESIAN_POINT('',(-1.602617808341E-02,8.86182343477E-02));
#15640 = VECTOR('',#15641,1.);
#15641 = DIRECTION('',(0.,-1.));
#15642 = ( GEOMETRIC_REPRESENTATION_CONTEXT(2) 
PARAMETRIC_REPRESENTATION_CONTEXT() REPRESENTATION_CONTEXT('2D SPACE',''
  ) );
#15643 = PCURVE('',#6904,#15644);
#15644 = DEFINITIONAL_REPRESENTATION('',(#15645),#15649);
#15645 = LINE('',#15646,#15647);
#15646 = CARTESIAN_POINT('',(-5.762711565969E-03,-8.861818296961E-02));
#15647 = VECTOR('',#15648,1.);
#15648 = DIRECTION('',(0.,1.));
#15649 = ( GEOMETRIC_REPRESENTATION_CONTEXT(2) 
PARAMETRIC_REPRESENTATION_CONTEXT() REPRESENTATION_CONTEXT('2D SPACE',''
  ) );
#15650 = ORIENTED_EDGE('',*,*,#9487,.F.);
#15651 = ADVANCED_FACE('',(#15652),#6904,.T.);
#15652 = FACE_BOUND('',#15653,.T.);
#15653 = EDGE_LOOP('',(#15654,#15655,#15656,#15677));
#15654 = ORIENTED_EDGE('',*,*,#15630,.F.);
#15655 = ORIENTED_EDGE('',*,*,#6888,.F.);
#15656 = ORIENTED_EDGE('',*,*,#15657,.F.);
#15657 = EDGE_CURVE('',#9511,#6861,#15658,.T.);
#15658 = SURFACE_CURVE('',#15659,(#15663,#15670),.PCURVE_S1.);
#15659 = LINE('',#15660,#15661);
#15660 = CARTESIAN_POINT('',(1.955814123154,-0.670753180981,0.8125));
#15661 = VECTOR('',#15662,1.);
#15662 = DIRECTION('',(0.,0.,1.));
#15663 = PCURVE('',#6904,#15664);
#15664 = DEFINITIONAL_REPRESENTATION('',(#15665),#15669);
#15665 = LINE('',#15666,#15667);
#15666 = CARTESIAN_POINT('',(1.602634562674E-02,9.888181703039E-02));
#15667 = VECTOR('',#15668,1.);
#15668 = DIRECTION('',(0.,-1.));
#15669 = ( GEOMETRIC_REPRESENTATION_CONTEXT(2) 
PARAMETRIC_REPRESENTATION_CONTEXT() REPRESENTATION_CONTEXT('2D SPACE',''
  ) );
#15670 = PCURVE('',#6876,#15671);
#15671 = DEFINITIONAL_REPRESENTATION('',(#15672),#15676);
#15672 = LINE('',#15673,#15674);
#15673 = CARTESIAN_POINT('',(-5.762648515188E-03,9.888176702929E-02));
#15674 = VECTOR('',#15675,1.);
#15675 = DIRECTION('',(0.,-1.));
#15676 = ( GEOMETRIC_REPRESENTATION_CONTEXT(2) 
PARAMETRIC_REPRESENTATION_CONTEXT() REPRESENTATION_CONTEXT('2D SPACE',''
  ) );
#15677 = ORIENTED_EDGE('',*,*,#9510,.F.);
#15678 = ADVANCED_FACE('',(#15679),#6876,.T.);
#15679 = FACE_BOUND('',#15680,.T.);
#15680 = EDGE_LOOP('',(#15681,#15682,#15683,#15704));
#15681 = ORIENTED_EDGE('',*,*,#15657,.T.);
#15682 = ORIENTED_EDGE('',*,*,#6860,.F.);
#15683 = ORIENTED_EDGE('',*,*,#15684,.F.);
#15684 = EDGE_CURVE('',#9534,#6833,#15685,.T.);
#15685 = SURFACE_CURVE('',#15686,(#15690,#15697),.PCURVE_S1.);
#15686 = LINE('',#15687,#15688);
#15687 = CARTESIAN_POINT('',(1.975561499596,-0.679961562157,0.8125));
#15688 = VECTOR('',#15689,1.);
#15689 = DIRECTION('',(0.,0.,1.));
#15690 = PCURVE('',#6876,#15691);
#15691 = DEFINITIONAL_REPRESENTATION('',(#15692),#15696);
#15692 = LINE('',#15693,#15694);
#15693 = CARTESIAN_POINT('',(1.602618257376E-02,9.888176702929E-02));
#15694 = VECTOR('',#15695,1.);
#15695 = DIRECTION('',(0.,-1.));
#15696 = ( GEOMETRIC_REPRESENTATION_CONTEXT(2) 
PARAMETRIC_REPRESENTATION_CONTEXT() REPRESENTATION_CONTEXT('2D SPACE',''
  ) );
#15697 = PCURVE('',#6848,#15698);
#15698 = DEFINITIONAL_REPRESENTATION('',(#15699),#15703);
#15699 = LINE('',#15700,#15701);
#15700 = CARTESIAN_POINT('',(-5.762682785833E-03,9.888179420692E-02));
#15701 = VECTOR('',#15702,1.);
#15702 = DIRECTION('',(0.,-1.));
#15703 = ( GEOMETRIC_REPRESENTATION_CONTEXT(2) 
PARAMETRIC_REPRESENTATION_CONTEXT() REPRESENTATION_CONTEXT('2D SPACE',''
  ) );
#15704 = ORIENTED_EDGE('',*,*,#9533,.F.);
#15705 = ADVANCED_FACE('',(#15706),#6848,.T.);
#15706 = FACE_BOUND('',#15707,.T.);
#15707 = EDGE_LOOP('',(#15708,#15709,#15710,#15731));
#15708 = ORIENTED_EDGE('',*,*,#15684,.T.);
#15709 = ORIENTED_EDGE('',*,*,#6832,.F.);
#15710 = ORIENTED_EDGE('',*,*,#15711,.F.);
#15711 = EDGE_CURVE('',#9557,#6805,#15712,.T.);
#15712 = SURFACE_CURVE('',#15713,(#15717,#15724),.PCURVE_S1.);
#15713 = LINE('',#15714,#15715);
#15714 = CARTESIAN_POINT('',(1.996608018875,-0.685600936413,0.8125));
#15715 = VECTOR('',#15716,1.);
#15716 = DIRECTION('',(0.,0.,1.));
#15717 = PCURVE('',#6848,#15718);
#15718 = DEFINITIONAL_REPRESENTATION('',(#15719),#15723);
#15719 = LINE('',#15720,#15721);
#15720 = CARTESIAN_POINT('',(1.602627119967E-02,9.888179420692E-02));
#15721 = VECTOR('',#15722,1.);
#15722 = DIRECTION('',(0.,-1.));
#15723 = ( GEOMETRIC_REPRESENTATION_CONTEXT(2) 
PARAMETRIC_REPRESENTATION_CONTEXT() REPRESENTATION_CONTEXT('2D SPACE',''
  ) );
#15724 = PCURVE('',#6820,#15725);
#15725 = DEFINITIONAL_REPRESENTATION('',(#15726),#15730);
#15726 = LINE('',#15727,#15728);
#15727 = CARTESIAN_POINT('',(-1.602631901898E-02,8.861819112903E-02));
#15728 = VECTOR('',#15729,1.);
#15729 = DIRECTION('',(0.,-1.));
#15730 = ( GEOMETRIC_REPRESENTATION_CONTEXT(2) 
PARAMETRIC_REPRESENTATION_CONTEXT() REPRESENTATION_CONTEXT('2D SPACE',''
  ) );
#15731 = ORIENTED_EDGE('',*,*,#9556,.F.);
#15732 = ADVANCED_FACE('',(#15733),#6820,.T.);
#15733 = FACE_BOUND('',#15734,.T.);
#15734 = EDGE_LOOP('',(#15735,#15756,#15757,#15758));
#15735 = ORIENTED_EDGE('',*,*,#15736,.T.);
#15736 = EDGE_CURVE('',#6777,#9580,#15737,.T.);
#15737 = SURFACE_CURVE('',#15738,(#15742,#15749),.PCURVE_S1.);
#15738 = LINE('',#15739,#15740);
#15739 = CARTESIAN_POINT('',(2.018314123154,-0.6875,1.));
#15740 = VECTOR('',#15741,1.);
#15741 = DIRECTION('',(0.,0.,-1.));
#15742 = PCURVE('',#6820,#15743);
#15743 = DEFINITIONAL_REPRESENTATION('',(#15744),#15748);
#15744 = LINE('',#15745,#15746);
#15745 = CARTESIAN_POINT('',(5.762701277035E-03,-9.888180887097E-02));
#15746 = VECTOR('',#15747,1.);
#15747 = DIRECTION('',(0.,1.));
#15748 = ( GEOMETRIC_REPRESENTATION_CONTEXT(2) 
PARAMETRIC_REPRESENTATION_CONTEXT() REPRESENTATION_CONTEXT('2D SPACE',''
  ) );
#15749 = PCURVE('',#6792,#15750);
#15750 = DEFINITIONAL_REPRESENTATION('',(#15751),#15755);
#15751 = LINE('',#15752,#15753);
#15752 = CARTESIAN_POINT('',(0.131823422227,-0.27891636065));
#15753 = VECTOR('',#15754,1.);
#15754 = DIRECTION('',(-1.,0.));
#15755 = ( GEOMETRIC_REPRESENTATION_CONTEXT(2) 
PARAMETRIC_REPRESENTATION_CONTEXT() REPRESENTATION_CONTEXT('2D SPACE',''
  ) );
#15756 = ORIENTED_EDGE('',*,*,#9579,.F.);
#15757 = ORIENTED_EDGE('',*,*,#15711,.T.);
#15758 = ORIENTED_EDGE('',*,*,#6804,.F.);
#15759 = ADVANCED_FACE('',(#15760),#6792,.T.);
#15760 = FACE_BOUND('',#15761,.T.);
#15761 = EDGE_LOOP('',(#15762,#15783,#15784,#15785));
#15762 = ORIENTED_EDGE('',*,*,#15763,.F.);
#15763 = EDGE_CURVE('',#9603,#6754,#15764,.T.);
#15764 = SURFACE_CURVE('',#15765,(#15769,#15776),.PCURVE_S1.);
#15765 = LINE('',#15766,#15767);
#15766 = CARTESIAN_POINT('',(2.5,-0.6875,0.8125));
#15767 = VECTOR('',#15768,1.);
#15768 = DIRECTION('',(0.,0.,1.));
#15769 = PCURVE('',#6792,#15770);
#15770 = DEFINITIONAL_REPRESENTATION('',(#15771),#15775);
#15771 = LINE('',#15772,#15773);
#15772 = CARTESIAN_POINT('',(-5.567657777337E-02,0.202769516197));
#15773 = VECTOR('',#15774,1.);
#15774 = DIRECTION('',(1.,0.));
#15775 = ( GEOMETRIC_REPRESENTATION_CONTEXT(2) 
PARAMETRIC_REPRESENTATION_CONTEXT() REPRESENTATION_CONTEXT('2D SPACE',''
  ) );
#15776 = PCURVE('',#6046,#15777);
#15777 = DEFINITIONAL_REPRESENTATION('',(#15778),#15782);
#15778 = LINE('',#15779,#15780);
#15779 = CARTESIAN_POINT('',(-8.928571428571E-03,0.65537629383));
#15780 = VECTOR('',#15781,1.);
#15781 = DIRECTION('',(1.,0.));
#15782 = ( GEOMETRIC_REPRESENTATION_CONTEXT(2) 
PARAMETRIC_REPRESENTATION_CONTEXT() REPRESENTATION_CONTEXT('2D SPACE',''
  ) );
#15783 = ORIENTED_EDGE('',*,*,#9602,.F.);
#15784 = ORIENTED_EDGE('',*,*,#15736,.F.);
#15785 = ORIENTED_EDGE('',*,*,#6776,.F.);
#15786 = ADVANCED_FACE('',(#15787,#15832),#6741,.T.);
#15787 = FACE_BOUND('',#15788,.T.);
#15788 = EDGE_LOOP('',(#15789,#15790,#15810,#15811,#15812));
#15789 = ORIENTED_EDGE('',*,*,#6725,.F.);
#15790 = ORIENTED_EDGE('',*,*,#15791,.F.);
#15791 = EDGE_CURVE('',#7669,#6703,#15792,.T.);
#15792 = SURFACE_CURVE('',#15793,(#15797,#15803),.PCURVE_S1.);
#15793 = LINE('',#15794,#15795);
#15794 = CARTESIAN_POINT('',(-2.5,-1.25,0.));
#15795 = VECTOR('',#15796,1.);
#15796 = DIRECTION('',(0.,0.,1.));
#15797 = PCURVE('',#6741,#15798);
#15798 = DEFINITIONAL_REPRESENTATION('',(#15799),#15802);
#15799 = B_SPLINE_CURVE_WITH_KNOTS('',1,(#15800,#15801),.UNSPECIFIED.,
  .F.,.F.,(2,2),(0.,1.),.PIECEWISE_BEZIER_KNOTS.);
#15800 = CARTESIAN_POINT('',(0.509999998808,-2.095130001903));
#15801 = CARTESIAN_POINT('',(-0.490000001192,-2.095130001903));
#15802 = ( GEOMETRIC_REPRESENTATION_CONTEXT(2) 
PARAMETRIC_REPRESENTATION_CONTEXT() REPRESENTATION_CONTEXT('2D SPACE',''
  ) );
#15803 = PCURVE('',#6102,#15804);
#15804 = DEFINITIONAL_REPRESENTATION('',(#15805),#15809);
#15805 = LINE('',#15806,#15807);
#15806 = CARTESIAN_POINT('',(-0.583333333333,1.106437494357));
#15807 = VECTOR('',#15808,1.);
#15808 = DIRECTION('',(1.,0.));
#15809 = ( GEOMETRIC_REPRESENTATION_CONTEXT(2) 
PARAMETRIC_REPRESENTATION_CONTEXT() REPRESENTATION_CONTEXT('2D SPACE',''
  ) );
#15810 = ORIENTED_EDGE('',*,*,#7742,.T.);
#15811 = ORIENTED_EDGE('',*,*,#8626,.T.);
#15812 = ORIENTED_EDGE('',*,*,#15813,.T.);
#15813 = EDGE_CURVE('',#8605,#6726,#15814,.T.);
#15814 = SURFACE_CURVE('',#15815,(#15819,#15826),.PCURVE_S1.);
#15815 = LINE('',#15816,#15817);
#15816 = CARTESIAN_POINT('',(2.5,-1.25,0.5));
#15817 = VECTOR('',#15818,1.);
#15818 = DIRECTION('',(0.,0.,1.));
#15819 = PCURVE('',#6741,#15820);
#15820 = DEFINITIONAL_REPRESENTATION('',(#15821),#15825);
#15821 = LINE('',#15822,#15823);
#15822 = CARTESIAN_POINT('',(9.999998807907E-03,2.904869998097));
#15823 = VECTOR('',#15824,1.);
#15824 = DIRECTION('',(-1.,0.));
#15825 = ( GEOMETRIC_REPRESENTATION_CONTEXT(2) 
PARAMETRIC_REPRESENTATION_CONTEXT() REPRESENTATION_CONTEXT('2D SPACE',''
  ) );
#15826 = PCURVE('',#6046,#15827);
#15827 = DEFINITIONAL_REPRESENTATION('',(#15828),#15831);
#15828 = B_SPLINE_CURVE_WITH_KNOTS('',1,(#15829,#15830),.UNSPECIFIED.,
  .F.,.F.,(2,2),(0.,0.5),.PIECEWISE_BEZIER_KNOTS.);
#15829 = CARTESIAN_POINT('',(-0.321428571429,1.21787629383));
#15830 = CARTESIAN_POINT('',(0.178571428571,1.21787629383));
#15831 = ( GEOMETRIC_REPRESENTATION_CONTEXT(2) 
PARAMETRIC_REPRESENTATION_CONTEXT() REPRESENTATION_CONTEXT('2D SPACE',''
  ) );
#15832 = FACE_BOUND('',#15833,.T.);
#15833 = EDGE_LOOP('',(#15834));
#15834 = ORIENTED_EDGE('',*,*,#15835,.T.);
#15835 = EDGE_CURVE('',#15836,#15836,#15838,.T.);
#15836 = VERTEX_POINT('',#15837);
#15837 = CARTESIAN_POINT('',(-0.364782009822,-1.25,0.499999996501));
#15838 = SURFACE_CURVE('',#15839,(#15844,#15855),.PCURVE_S1.);
#15839 = CIRCLE('',#15840,0.194717993986);
#15840 = AXIS2_PLACEMENT_3D('',#15841,#15842,#15843);
#15841 = CARTESIAN_POINT('',(-0.559500003808,-1.25,0.499999996501));
#15842 = DIRECTION('',(1.501083570344E-16,1.,1.414261512155E-16));
#15843 = DIRECTION('',(1.,-1.501083570344E-16,-7.042774743194E-50));
#15844 = PCURVE('',#6741,#15845);
#15845 = DEFINITIONAL_REPRESENTATION('',(#15846),#15854);
#15846 = ( BOUNDED_CURVE() B_SPLINE_CURVE(2,(#15847,#15848,#15849,#15850
    ,#15851,#15852,#15853),.UNSPECIFIED.,.T.,.F.) 
B_SPLINE_CURVE_WITH_KNOTS((1,2,2,2,2,1),(-2.094395102393,0.,
    2.094395102393,4.188790204786,6.28318530718,8.377580409573),
.UNSPECIFIED.) CURVE() GEOMETRIC_REPRESENTATION_ITEM() 
RATIONAL_B_SPLINE_CURVE((1.,0.5,1.,0.5,1.,0.5,1.)) REPRESENTATION_ITEM(
  '') );
#15847 = CARTESIAN_POINT('',(1.000000230693E-02,4.008798827552E-02));
#15848 = CARTESIAN_POINT('',(0.347261461038,4.008798827552E-02));
#15849 = CARTESIAN_POINT('',(0.178630731673,-0.251989002703));
#15850 = CARTESIAN_POINT('',(1.000000230693E-02,-0.544065993682));
#15851 = CARTESIAN_POINT('',(-0.158630727059,-0.251989002703));
#15852 = CARTESIAN_POINT('',(-0.327261456424,4.008798827552E-02));
#15853 = CARTESIAN_POINT('',(1.000000230693E-02,4.008798827552E-02));
#15854 = ( GEOMETRIC_REPRESENTATION_CONTEXT(2) 
PARAMETRIC_REPRESENTATION_CONTEXT() REPRESENTATION_CONTEXT('2D SPACE',''
  ) );
#15855 = PCURVE('',#15856,#15861);
#15856 = CYLINDRICAL_SURFACE('',#15857,0.194717993986);
#15857 = AXIS2_PLACEMENT_3D('',#15858,#15859,#15860);
#15858 = CARTESIAN_POINT('',(-0.559500003808,-1.25,0.499999996501));
#15859 = DIRECTION('',(1.501083570344E-16,1.,1.414261512155E-16));
#15860 = DIRECTION('',(1.,-1.501083570344E-16,0.));
#15861 = DEFINITIONAL_REPRESENTATION('',(#15862),#15866);
#15862 = LINE('',#15863,#15864);
#15863 = CARTESIAN_POINT('',(0.,0.));
#15864 = VECTOR('',#15865,1.);
#15865 = DIRECTION('',(1.,0.));
#15866 = ( GEOMETRIC_REPRESENTATION_CONTEXT(2) 
PARAMETRIC_REPRESENTATION_CONTEXT() REPRESENTATION_CONTEXT('2D SPACE',''
  ) );
#15867 = ADVANCED_FACE('',(#15868),#15856,.F.);
#15868 = FACE_BOUND('',#15869,.F.);
#15869 = EDGE_LOOP('',(#15870,#15893,#15894,#15895));
#15870 = ORIENTED_EDGE('',*,*,#15871,.F.);
#15871 = EDGE_CURVE('',#15836,#15872,#15874,.T.);
#15872 = VERTEX_POINT('',#15873);
#15873 = CARTESIAN_POINT('',(-0.364782009822,1.25,0.499999996501));
#15874 = SEAM_CURVE('',#15875,(#15879,#15886),.PCURVE_S1.);
#15875 = LINE('',#15876,#15877);
#15876 = CARTESIAN_POINT('',(-0.364782009822,-1.25,0.499999996501));
#15877 = VECTOR('',#15878,1.);
#15878 = DIRECTION('',(1.501083570344E-16,1.,1.414261512155E-16));
#15879 = PCURVE('',#15856,#15880);
#15880 = DEFINITIONAL_REPRESENTATION('',(#15881),#15885);
#15881 = LINE('',#15882,#15883);
#15882 = CARTESIAN_POINT('',(0.,0.));
#15883 = VECTOR('',#15884,1.);
#15884 = DIRECTION('',(0.,1.));
#15885 = ( GEOMETRIC_REPRESENTATION_CONTEXT(2) 
PARAMETRIC_REPRESENTATION_CONTEXT() REPRESENTATION_CONTEXT('2D SPACE',''
  ) );
#15886 = PCURVE('',#15856,#15887);
#15887 = DEFINITIONAL_REPRESENTATION('',(#15888),#15892);
#15888 = LINE('',#15889,#15890);
#15889 = CARTESIAN_POINT('',(6.28318530718,0.));
#15890 = VECTOR('',#15891,1.);
#15891 = DIRECTION('',(0.,1.));
#15892 = ( GEOMETRIC_REPRESENTATION_CONTEXT(2) 
PARAMETRIC_REPRESENTATION_CONTEXT() REPRESENTATION_CONTEXT('2D SPACE',''
  ) );
#15893 = ORIENTED_EDGE('',*,*,#15835,.T.);
#15894 = ORIENTED_EDGE('',*,*,#15871,.T.);
#15895 = ORIENTED_EDGE('',*,*,#15896,.F.);
#15896 = EDGE_CURVE('',#15872,#15872,#15897,.T.);
#15897 = SURFACE_CURVE('',#15898,(#15903,#15910),.PCURVE_S1.);
#15898 = CIRCLE('',#15899,0.194717993986);
#15899 = AXIS2_PLACEMENT_3D('',#15900,#15901,#15902);
#15900 = CARTESIAN_POINT('',(-0.559500003808,1.25,0.499999996501));
#15901 = DIRECTION('',(1.501083570344E-16,1.,1.414261512155E-16));
#15902 = DIRECTION('',(1.,-1.501083570344E-16,-7.042774743194E-50));
#15903 = PCURVE('',#15856,#15904);
#15904 = DEFINITIONAL_REPRESENTATION('',(#15905),#15909);
#15905 = LINE('',#15906,#15907);
#15906 = CARTESIAN_POINT('',(0.,2.5));
#15907 = VECTOR('',#15908,1.);
#15908 = DIRECTION('',(1.,0.));
#15909 = ( GEOMETRIC_REPRESENTATION_CONTEXT(2) 
PARAMETRIC_REPRESENTATION_CONTEXT() REPRESENTATION_CONTEXT('2D SPACE',''
  ) );
#15910 = PCURVE('',#6074,#15911);
#15911 = DEFINITIONAL_REPRESENTATION('',(#15912),#15920);
#15912 = ( BOUNDED_CURVE() B_SPLINE_CURVE(2,(#15913,#15914,#15915,#15916
    ,#15917,#15918,#15919),.UNSPECIFIED.,.T.,.F.) 
B_SPLINE_CURVE_WITH_KNOTS((1,2,2,2,2,1),(-2.094395102393,0.,
    2.094395102393,4.188790204786,6.28318530718,8.377580409573),
.UNSPECIFIED.) CURVE() GEOMETRIC_REPRESENTATION_ITEM() 
RATIONAL_B_SPLINE_CURVE((1.,0.5,1.,0.5,1.,0.5,1.)) REPRESENTATION_ITEM(
  '') );
#15913 = CARTESIAN_POINT('',(1.000000230693E-02,4.008798827552E-02));
#15914 = CARTESIAN_POINT('',(0.347261461038,4.008798827552E-02));
#15915 = CARTESIAN_POINT('',(0.178630731673,-0.251989002703));
#15916 = CARTESIAN_POINT('',(1.000000230693E-02,-0.544065993682));
#15917 = CARTESIAN_POINT('',(-0.158630727059,-0.251989002703));
#15918 = CARTESIAN_POINT('',(-0.327261456424,4.008798827552E-02));
#15919 = CARTESIAN_POINT('',(1.000000230693E-02,4.008798827552E-02));
#15920 = ( GEOMETRIC_REPRESENTATION_CONTEXT(2) 
PARAMETRIC_REPRESENTATION_CONTEXT() REPRESENTATION_CONTEXT('2D SPACE',''
  ) );
#15921 = ADVANCED_FACE('',(#15922),#6690,.T.);
#15922 = FACE_BOUND('',#15923,.T.);
#15923 = EDGE_LOOP('',(#15924,#15954,#15975,#15976));
#15924 = ORIENTED_EDGE('',*,*,#15925,.F.);
#15925 = EDGE_CURVE('',#15926,#15928,#15930,.T.);
#15926 = VERTEX_POINT('',#15927);
#15927 = CARTESIAN_POINT('',(-2.5,-0.6875,0.5));
#15928 = VERTEX_POINT('',#15929);
#15929 = CARTESIAN_POINT('',(-2.344412565231,-0.6875,0.5));
#15930 = SURFACE_CURVE('',#15931,(#15935,#15942),.PCURVE_S1.);
#15931 = LINE('',#15932,#15933);
#15932 = CARTESIAN_POINT('',(-2.5,-0.6875,0.5));
#15933 = VECTOR('',#15934,1.);
#15934 = DIRECTION('',(1.,0.,0.));
#15935 = PCURVE('',#6690,#15936);
#15936 = DEFINITIONAL_REPRESENTATION('',(#15937),#15941);
#15937 = LINE('',#15938,#15939);
#15938 = CARTESIAN_POINT('',(-0.21701519429,-0.110778523094));
#15939 = VECTOR('',#15940,1.);
#15940 = DIRECTION('',(0.,1.));
#15941 = ( GEOMETRIC_REPRESENTATION_CONTEXT(2) 
PARAMETRIC_REPRESENTATION_CONTEXT() REPRESENTATION_CONTEXT('2D SPACE',''
  ) );
#15942 = PCURVE('',#15943,#15948);
#15943 = PLANE('',#15944);
#15944 = AXIS2_PLACEMENT_3D('',#15945,#15946,#15947);
#15945 = CARTESIAN_POINT('',(-2.076055645943,0.,0.5));
#15946 = DIRECTION('',(0.,0.,1.));
#15947 = DIRECTION('',(1.,0.,-0.));
#15948 = DEFINITIONAL_REPRESENTATION('',(#15949),#15953);
#15949 = LINE('',#15950,#15951);
#15950 = CARTESIAN_POINT('',(-0.423944354057,-0.6875));
#15951 = VECTOR('',#15952,1.);
#15952 = DIRECTION('',(1.,0.));
#15953 = ( GEOMETRIC_REPRESENTATION_CONTEXT(2) 
PARAMETRIC_REPRESENTATION_CONTEXT() REPRESENTATION_CONTEXT('2D SPACE',''
  ) );
#15954 = ORIENTED_EDGE('',*,*,#15955,.F.);
#15955 = EDGE_CURVE('',#6675,#15926,#15956,.T.);
#15956 = SURFACE_CURVE('',#15957,(#15961,#15968),.PCURVE_S1.);
#15957 = LINE('',#15958,#15959);
#15958 = CARTESIAN_POINT('',(-2.5,-0.6875,1.));
#15959 = VECTOR('',#15960,1.);
#15960 = DIRECTION('',(0.,0.,-1.));
#15961 = PCURVE('',#6690,#15962);
#15962 = DEFINITIONAL_REPRESENTATION('',(#15963),#15967);
#15963 = LINE('',#15964,#15965);
#15964 = CARTESIAN_POINT('',(0.28298480571,-0.110778523094));
#15965 = VECTOR('',#15966,1.);
#15966 = DIRECTION('',(-1.,0.));
#15967 = ( GEOMETRIC_REPRESENTATION_CONTEXT(2) 
PARAMETRIC_REPRESENTATION_CONTEXT() REPRESENTATION_CONTEXT('2D SPACE',''
  ) );
#15968 = PCURVE('',#6102,#15969);
#15969 = DEFINITIONAL_REPRESENTATION('',(#15970),#15974);
#15970 = LINE('',#15971,#15972);
#15971 = CARTESIAN_POINT('',(0.416666666667,0.543937494357));
#15972 = VECTOR('',#15973,1.);
#15973 = DIRECTION('',(-1.,0.));
#15974 = ( GEOMETRIC_REPRESENTATION_CONTEXT(2) 
PARAMETRIC_REPRESENTATION_CONTEXT() REPRESENTATION_CONTEXT('2D SPACE',''
  ) );
#15975 = ORIENTED_EDGE('',*,*,#6674,.F.);
#15976 = ORIENTED_EDGE('',*,*,#15977,.F.);
#15977 = EDGE_CURVE('',#15928,#6647,#15978,.T.);
#15978 = SURFACE_CURVE('',#15979,(#15983,#15990),.PCURVE_S1.);
#15979 = LINE('',#15980,#15981);
#15980 = CARTESIAN_POINT('',(-2.344412565231,-0.6875,0.5));
#15981 = VECTOR('',#15982,1.);
#15982 = DIRECTION('',(0.,0.,1.));
#15983 = PCURVE('',#6690,#15984);
#15984 = DEFINITIONAL_REPRESENTATION('',(#15985),#15989);
#15985 = LINE('',#15986,#15987);
#15986 = CARTESIAN_POINT('',(-0.21701519429,4.480891167477E-02));
#15987 = VECTOR('',#15988,1.);
#15988 = DIRECTION('',(1.,0.));
#15989 = ( GEOMETRIC_REPRESENTATION_CONTEXT(2) 
PARAMETRIC_REPRESENTATION_CONTEXT() REPRESENTATION_CONTEXT('2D SPACE',''
  ) );
#15990 = PCURVE('',#6662,#15991);
#15991 = DEFINITIONAL_REPRESENTATION('',(#15992),#15996);
#15992 = LINE('',#15993,#15994);
#15993 = CARTESIAN_POINT('',(-6.348204672478E-02,0.230095867319));
#15994 = VECTOR('',#15995,1.);
#15995 = DIRECTION('',(0.,-1.));
#15996 = ( GEOMETRIC_REPRESENTATION_CONTEXT(2) 
PARAMETRIC_REPRESENTATION_CONTEXT() REPRESENTATION_CONTEXT('2D SPACE',''
  ) );
#15997 = ADVANCED_FACE('',(#15998),#15943,.T.);
#15998 = FACE_BOUND('',#15999,.T.);
#15999 = EDGE_LOOP('',(#16000,#16025,#16048,#16071,#16094,#16117,#16140,
    #16163,#16186,#16209,#16232,#16255,#16278,#16301,#16321,#16322,
    #16345,#16368,#16391,#16414,#16437,#16460));
#16000 = ORIENTED_EDGE('',*,*,#16001,.T.);
#16001 = EDGE_CURVE('',#16002,#16004,#16006,.T.);
#16002 = VERTEX_POINT('',#16003);
#16003 = CARTESIAN_POINT('',(-1.874566197395,-0.358510047197,0.5));
#16004 = VERTEX_POINT('',#16005);
#16005 = CARTESIAN_POINT('',(-1.852008581161,-0.274324089289,0.5));
#16006 = SURFACE_CURVE('',#16007,(#16011,#16018),.PCURVE_S1.);
#16007 = LINE('',#16008,#16009);
#16008 = CARTESIAN_POINT('',(-1.874566197395,-0.358510047197,0.5));
#16009 = VECTOR('',#16010,1.);
#16010 = DIRECTION('',(0.258819653134,0.965925663367,0.));
#16011 = PCURVE('',#15943,#16012);
#16012 = DEFINITIONAL_REPRESENTATION('',(#16013),#16017);
#16013 = LINE('',#16014,#16015);
#16014 = CARTESIAN_POINT('',(0.201489448547,-0.358510047197));
#16015 = VECTOR('',#16016,1.);
#16016 = DIRECTION('',(0.258819653134,0.965925663367));
#16017 = ( GEOMETRIC_REPRESENTATION_CONTEXT(2) 
PARAMETRIC_REPRESENTATION_CONTEXT() REPRESENTATION_CONTEXT('2D SPACE',''
  ) );
#16018 = PCURVE('',#6466,#16019);
#16019 = DEFINITIONAL_REPRESENTATION('',(#16020),#16024);
#16020 = LINE('',#16021,#16022);
#16021 = CARTESIAN_POINT('',(6.348197853518E-02,-0.230095887289));
#16022 = VECTOR('',#16023,1.);
#16023 = DIRECTION('',(-1.,0.));
#16024 = ( GEOMETRIC_REPRESENTATION_CONTEXT(2) 
PARAMETRIC_REPRESENTATION_CONTEXT() REPRESENTATION_CONTEXT('2D SPACE',''
  ) );
#16025 = ORIENTED_EDGE('',*,*,#16026,.T.);
#16026 = EDGE_CURVE('',#16004,#16027,#16029,.T.);
#16027 = VERTEX_POINT('',#16028);
#16028 = CARTESIAN_POINT('',(-1.844412565231,-0.1875,0.5));
#16029 = SURFACE_CURVE('',#16030,(#16034,#16041),.PCURVE_S1.);
#16030 = LINE('',#16031,#16032);
#16031 = CARTESIAN_POINT('',(-1.852008581161,-0.274324089289,0.5));
#16032 = VECTOR('',#16033,1.);
#16033 = DIRECTION('',(8.715451751347E-02,0.996194805285,0.));
#16034 = PCURVE('',#15943,#16035);
#16035 = DEFINITIONAL_REPRESENTATION('',(#16036),#16040);
#16036 = LINE('',#16037,#16038);
#16037 = CARTESIAN_POINT('',(0.224047064781,-0.274324089289));
#16038 = VECTOR('',#16039,1.);
#16039 = DIRECTION('',(8.715451751347E-02,0.996194805285));
#16040 = ( GEOMETRIC_REPRESENTATION_CONTEXT(2) 
PARAMETRIC_REPRESENTATION_CONTEXT() REPRESENTATION_CONTEXT('2D SPACE',''
  ) );
#16041 = PCURVE('',#6438,#16042);
#16042 = DEFINITIONAL_REPRESENTATION('',(#16043),#16047);
#16043 = LINE('',#16044,#16045);
#16044 = CARTESIAN_POINT('',(6.34819800753E-02,-0.230095886838));
#16045 = VECTOR('',#16046,1.);
#16046 = DIRECTION('',(-1.,0.));
#16047 = ( GEOMETRIC_REPRESENTATION_CONTEXT(2) 
PARAMETRIC_REPRESENTATION_CONTEXT() REPRESENTATION_CONTEXT('2D SPACE',''
  ) );
#16048 = ORIENTED_EDGE('',*,*,#16049,.T.);
#16049 = EDGE_CURVE('',#16027,#16050,#16052,.T.);
#16050 = VERTEX_POINT('',#16051);
#16051 = CARTESIAN_POINT('',(-1.844412565231,0.1875,0.5));
#16052 = SURFACE_CURVE('',#16053,(#16057,#16064),.PCURVE_S1.);
#16053 = LINE('',#16054,#16055);
#16054 = CARTESIAN_POINT('',(-1.844412565231,-0.1875,0.5));
#16055 = VECTOR('',#16056,1.);
#16056 = DIRECTION('',(0.,1.,0.));
#16057 = PCURVE('',#15943,#16058);
#16058 = DEFINITIONAL_REPRESENTATION('',(#16059),#16063);
#16059 = LINE('',#16060,#16061);
#16060 = CARTESIAN_POINT('',(0.231643080711,-0.1875));
#16061 = VECTOR('',#16062,1.);
#16062 = DIRECTION('',(0.,1.));
#16063 = ( GEOMETRIC_REPRESENTATION_CONTEXT(2) 
PARAMETRIC_REPRESENTATION_CONTEXT() REPRESENTATION_CONTEXT('2D SPACE',''
  ) );
#16064 = PCURVE('',#6410,#16065);
#16065 = DEFINITIONAL_REPRESENTATION('',(#16066),#16070);
#16066 = LINE('',#16067,#16068);
#16067 = CARTESIAN_POINT('',(0.3125,0.125));
#16068 = VECTOR('',#16069,1.);
#16069 = DIRECTION('',(0.,-1.));
#16070 = ( GEOMETRIC_REPRESENTATION_CONTEXT(2) 
PARAMETRIC_REPRESENTATION_CONTEXT() REPRESENTATION_CONTEXT('2D SPACE',''
  ) );
#16071 = ORIENTED_EDGE('',*,*,#16072,.T.);
#16072 = EDGE_CURVE('',#16050,#16073,#16075,.T.);
#16073 = VERTEX_POINT('',#16074);
#16074 = CARTESIAN_POINT('',(-1.852008581161,0.274324089289,0.5));
#16075 = SURFACE_CURVE('',#16076,(#16080,#16087),.PCURVE_S1.);
#16076 = LINE('',#16077,#16078);
#16077 = CARTESIAN_POINT('',(-1.844412565231,0.1875,0.5));
#16078 = VECTOR('',#16079,1.);
#16079 = DIRECTION('',(-8.715451751347E-02,0.996194805285,0.));
#16080 = PCURVE('',#15943,#16081);
#16081 = DEFINITIONAL_REPRESENTATION('',(#16082),#16086);
#16082 = LINE('',#16083,#16084);
#16083 = CARTESIAN_POINT('',(0.231643080711,0.1875));
#16084 = VECTOR('',#16085,1.);
#16085 = DIRECTION('',(-8.715451751347E-02,0.996194805285));
#16086 = ( GEOMETRIC_REPRESENTATION_CONTEXT(2) 
PARAMETRIC_REPRESENTATION_CONTEXT() REPRESENTATION_CONTEXT('2D SPACE',''
  ) );
#16087 = PCURVE('',#6382,#16088);
#16088 = DEFINITIONAL_REPRESENTATION('',(#16089),#16093);
#16089 = LINE('',#16090,#16091);
#16090 = CARTESIAN_POINT('',(6.34819800753E-02,-0.230095886838));
#16091 = VECTOR('',#16092,1.);
#16092 = DIRECTION('',(-1.,0.));
#16093 = ( GEOMETRIC_REPRESENTATION_CONTEXT(2) 
PARAMETRIC_REPRESENTATION_CONTEXT() REPRESENTATION_CONTEXT('2D SPACE',''
  ) );
#16094 = ORIENTED_EDGE('',*,*,#16095,.T.);
#16095 = EDGE_CURVE('',#16073,#16096,#16098,.T.);
#16096 = VERTEX_POINT('',#16097);
#16097 = CARTESIAN_POINT('',(-1.874566197395,0.358510047197,0.5));
#16098 = SURFACE_CURVE('',#16099,(#16103,#16110),.PCURVE_S1.);
#16099 = LINE('',#16100,#16101);
#16100 = CARTESIAN_POINT('',(-1.852008581161,0.274324089289,0.5));
#16101 = VECTOR('',#16102,1.);
#16102 = DIRECTION('',(-0.258819653134,0.965925663367,0.));
#16103 = PCURVE('',#15943,#16104);
#16104 = DEFINITIONAL_REPRESENTATION('',(#16105),#16109);
#16105 = LINE('',#16106,#16107);
#16106 = CARTESIAN_POINT('',(0.224047064781,0.274324089289));
#16107 = VECTOR('',#16108,1.);
#16108 = DIRECTION('',(-0.258819653134,0.965925663367));
#16109 = ( GEOMETRIC_REPRESENTATION_CONTEXT(2) 
PARAMETRIC_REPRESENTATION_CONTEXT() REPRESENTATION_CONTEXT('2D SPACE',''
  ) );
#16110 = PCURVE('',#6354,#16111);
#16111 = DEFINITIONAL_REPRESENTATION('',(#16112),#16116);
#16112 = LINE('',#16113,#16114);
#16113 = CARTESIAN_POINT('',(6.348197853518E-02,-0.230095887289));
#16114 = VECTOR('',#16115,1.);
#16115 = DIRECTION('',(-1.,0.));
#16116 = ( GEOMETRIC_REPRESENTATION_CONTEXT(2) 
PARAMETRIC_REPRESENTATION_CONTEXT() REPRESENTATION_CONTEXT('2D SPACE',''
  ) );
#16117 = ORIENTED_EDGE('',*,*,#16118,.T.);
#16118 = EDGE_CURVE('',#16096,#16119,#16121,.T.);
#16119 = VERTEX_POINT('',#16120);
#16120 = CARTESIAN_POINT('',(-1.911399841309,0.4375,0.5));
#16121 = SURFACE_CURVE('',#16122,(#16126,#16133),.PCURVE_S1.);
#16122 = LINE('',#16123,#16124);
#16123 = CARTESIAN_POINT('',(-1.874566197395,0.358510047197,0.5));
#16124 = VECTOR('',#16125,1.);
#16125 = DIRECTION('',(-0.422618487966,0.906307681546,0.));
#16126 = PCURVE('',#15943,#16127);
#16127 = DEFINITIONAL_REPRESENTATION('',(#16128),#16132);
#16128 = LINE('',#16129,#16130);
#16129 = CARTESIAN_POINT('',(0.201489448547,0.358510047197));
#16130 = VECTOR('',#16131,1.);
#16131 = DIRECTION('',(-0.422618487966,0.906307681546));
#16132 = ( GEOMETRIC_REPRESENTATION_CONTEXT(2) 
PARAMETRIC_REPRESENTATION_CONTEXT() REPRESENTATION_CONTEXT('2D SPACE',''
  ) );
#16133 = PCURVE('',#6326,#16134);
#16134 = DEFINITIONAL_REPRESENTATION('',(#16135),#16139);
#16135 = LINE('',#16136,#16137);
#16136 = CARTESIAN_POINT('',(6.348201264325E-02,-0.2300958773));
#16137 = VECTOR('',#16138,1.);
#16138 = DIRECTION('',(-1.,0.));
#16139 = ( GEOMETRIC_REPRESENTATION_CONTEXT(2) 
PARAMETRIC_REPRESENTATION_CONTEXT() REPRESENTATION_CONTEXT('2D SPACE',''
  ) );
#16140 = ORIENTED_EDGE('',*,*,#16141,.T.);
#16141 = EDGE_CURVE('',#16119,#16142,#16144,.T.);
#16142 = VERTEX_POINT('',#16143);
#16143 = CARTESIAN_POINT('',(-1.961390256882,0.508893787861,0.5));
#16144 = SURFACE_CURVE('',#16145,(#16149,#16156),.PCURVE_S1.);
#16145 = LINE('',#16146,#16147);
#16146 = CARTESIAN_POINT('',(-1.911399841309,0.4375,0.5));
#16147 = VECTOR('',#16148,1.);
#16148 = DIRECTION('',(-0.573576029318,0.819152329296,0.));
#16149 = PCURVE('',#15943,#16150);
#16150 = DEFINITIONAL_REPRESENTATION('',(#16151),#16155);
#16151 = LINE('',#16152,#16153);
#16152 = CARTESIAN_POINT('',(0.164655804634,0.4375));
#16153 = VECTOR('',#16154,1.);
#16154 = DIRECTION('',(-0.573576029318,0.819152329296));
#16155 = ( GEOMETRIC_REPRESENTATION_CONTEXT(2) 
PARAMETRIC_REPRESENTATION_CONTEXT() REPRESENTATION_CONTEXT('2D SPACE',''
  ) );
#16156 = PCURVE('',#6298,#16157);
#16157 = DEFINITIONAL_REPRESENTATION('',(#16158),#16162);
#16158 = LINE('',#16159,#16160);
#16159 = CARTESIAN_POINT('',(6.348195028326E-02,-0.230095895563));
#16160 = VECTOR('',#16161,1.);
#16161 = DIRECTION('',(-1.,0.));
#16162 = ( GEOMETRIC_REPRESENTATION_CONTEXT(2) 
PARAMETRIC_REPRESENTATION_CONTEXT() REPRESENTATION_CONTEXT('2D SPACE',''
  ) );
#16163 = ORIENTED_EDGE('',*,*,#16164,.T.);
#16164 = EDGE_CURVE('',#16142,#16165,#16167,.T.);
#16165 = VERTEX_POINT('',#16166);
#16166 = CARTESIAN_POINT('',(-2.023018598557,0.570522248745,0.5));
#16167 = SURFACE_CURVE('',#16168,(#16172,#16179),.PCURVE_S1.);
#16168 = LINE('',#16169,#16170);
#16169 = CARTESIAN_POINT('',(-1.961390256882,0.508893787861,0.5));
#16170 = VECTOR('',#16171,1.);
#16171 = DIRECTION('',(-0.707106097299,0.707107465073,0.));
#16172 = PCURVE('',#15943,#16173);
#16173 = DEFINITIONAL_REPRESENTATION('',(#16174),#16178);
#16174 = LINE('',#16175,#16176);
#16175 = CARTESIAN_POINT('',(0.114665389061,0.508893787861));
#16176 = VECTOR('',#16177,1.);
#16177 = DIRECTION('',(-0.707106097299,0.707107465073));
#16178 = ( GEOMETRIC_REPRESENTATION_CONTEXT(2) 
PARAMETRIC_REPRESENTATION_CONTEXT() REPRESENTATION_CONTEXT('2D SPACE',''
  ) );
#16179 = PCURVE('',#6270,#16180);
#16180 = DEFINITIONAL_REPRESENTATION('',(#16181),#16185);
#16181 = LINE('',#16182,#16183);
#16182 = CARTESIAN_POINT('',(6.348197094729E-02,-0.230095889511));
#16183 = VECTOR('',#16184,1.);
#16184 = DIRECTION('',(-1.,0.));
#16185 = ( GEOMETRIC_REPRESENTATION_CONTEXT(2) 
PARAMETRIC_REPRESENTATION_CONTEXT() REPRESENTATION_CONTEXT('2D SPACE',''
  ) );
#16186 = ORIENTED_EDGE('',*,*,#16187,.T.);
#16187 = EDGE_CURVE('',#16165,#16188,#16190,.T.);
#16188 = VERTEX_POINT('',#16189);
#16189 = CARTESIAN_POINT('',(-2.094412565231,0.620512723923,0.5));
#16190 = SURFACE_CURVE('',#16191,(#16195,#16202),.PCURVE_S1.);
#16191 = LINE('',#16192,#16193);
#16192 = CARTESIAN_POINT('',(-2.023018598557,0.570522248745,0.5));
#16193 = VECTOR('',#16194,1.);
#16194 = DIRECTION('',(-0.819152682949,0.573575524249,0.));
#16195 = PCURVE('',#15943,#16196);
#16196 = DEFINITIONAL_REPRESENTATION('',(#16197),#16201);
#16197 = LINE('',#16198,#16199);
#16198 = CARTESIAN_POINT('',(5.303704738617E-02,0.570522248745));
#16199 = VECTOR('',#16200,1.);
#16200 = DIRECTION('',(-0.819152682949,0.573575524249));
#16201 = ( GEOMETRIC_REPRESENTATION_CONTEXT(2) 
PARAMETRIC_REPRESENTATION_CONTEXT() REPRESENTATION_CONTEXT('2D SPACE',''
  ) );
#16202 = PCURVE('',#6242,#16203);
#16203 = DEFINITIONAL_REPRESENTATION('',(#16204),#16208);
#16204 = LINE('',#16205,#16206);
#16205 = CARTESIAN_POINT('',(-6.348207802501E-02,0.230095858153));
#16206 = VECTOR('',#16207,1.);
#16207 = DIRECTION('',(1.,0.));
#16208 = ( GEOMETRIC_REPRESENTATION_CONTEXT(2) 
PARAMETRIC_REPRESENTATION_CONTEXT() REPRESENTATION_CONTEXT('2D SPACE',''
  ) );
#16209 = ORIENTED_EDGE('',*,*,#16210,.T.);
#16210 = EDGE_CURVE('',#16188,#16211,#16213,.T.);
#16211 = VERTEX_POINT('',#16212);
#16212 = CARTESIAN_POINT('',(-2.173402547836,0.657346308231,0.5));
#16213 = SURFACE_CURVE('',#16214,(#16218,#16225),.PCURVE_S1.);
#16214 = LINE('',#16215,#16216);
#16215 = CARTESIAN_POINT('',(-2.094412565231,0.620512723923,0.5));
#16216 = VECTOR('',#16217,1.);
#16217 = DIRECTION('',(-0.906308004563,0.422617795254,0.));
#16218 = PCURVE('',#15943,#16219);
#16219 = DEFINITIONAL_REPRESENTATION('',(#16220),#16224);
#16220 = LINE('',#16221,#16222);
#16221 = CARTESIAN_POINT('',(-1.835691928864E-02,0.620512723923));
#16222 = VECTOR('',#16223,1.);
#16223 = DIRECTION('',(-0.906308004563,0.422617795254));
#16224 = ( GEOMETRIC_REPRESENTATION_CONTEXT(2) 
PARAMETRIC_REPRESENTATION_CONTEXT() REPRESENTATION_CONTEXT('2D SPACE',''
  ) );
#16225 = PCURVE('',#6214,#16226);
#16226 = DEFINITIONAL_REPRESENTATION('',(#16227),#16231);
#16227 = LINE('',#16228,#16229);
#16228 = CARTESIAN_POINT('',(-6.348201393017E-02,0.230095876923));
#16229 = VECTOR('',#16230,1.);
#16230 = DIRECTION('',(1.,0.));
#16231 = ( GEOMETRIC_REPRESENTATION_CONTEXT(2) 
PARAMETRIC_REPRESENTATION_CONTEXT() REPRESENTATION_CONTEXT('2D SPACE',''
  ) );
#16232 = ORIENTED_EDGE('',*,*,#16233,.T.);
#16233 = EDGE_CURVE('',#16211,#16234,#16236,.T.);
#16234 = VERTEX_POINT('',#16235);
#16235 = CARTESIAN_POINT('',(-2.257588386536,0.679903924465,0.5));
#16236 = SURFACE_CURVE('',#16237,(#16241,#16248),.PCURVE_S1.);
#16237 = LINE('',#16238,#16239);
#16238 = CARTESIAN_POINT('',(-2.173402547836,0.657346308231,0.5));
#16239 = VECTOR('',#16240,1.);
#16240 = DIRECTION('',(-0.965925571743,0.258819995078,0.));
#16241 = PCURVE('',#15943,#16242);
#16242 = DEFINITIONAL_REPRESENTATION('',(#16243),#16247);
#16243 = LINE('',#16244,#16245);
#16244 = CARTESIAN_POINT('',(-9.734690189362E-02,0.657346308231));
#16245 = VECTOR('',#16246,1.);
#16246 = DIRECTION('',(-0.965925571743,0.258819995078));
#16247 = ( GEOMETRIC_REPRESENTATION_CONTEXT(2) 
PARAMETRIC_REPRESENTATION_CONTEXT() REPRESENTATION_CONTEXT('2D SPACE',''
  ) );
#16248 = PCURVE('',#6186,#16249);
#16249 = DEFINITIONAL_REPRESENTATION('',(#16250),#16254);
#16250 = LINE('',#16251,#16252);
#16251 = CARTESIAN_POINT('',(-6.348189711803E-02,0.230095911132));
#16252 = VECTOR('',#16253,1.);
#16253 = DIRECTION('',(1.,0.));
#16254 = ( GEOMETRIC_REPRESENTATION_CONTEXT(2) 
PARAMETRIC_REPRESENTATION_CONTEXT() REPRESENTATION_CONTEXT('2D SPACE',''
  ) );
#16255 = ORIENTED_EDGE('',*,*,#16256,.T.);
#16256 = EDGE_CURVE('',#16234,#16257,#16259,.T.);
#16257 = VERTEX_POINT('',#16258);
#16258 = CARTESIAN_POINT('',(-2.344412565231,0.6875,0.5));
#16259 = SURFACE_CURVE('',#16260,(#16264,#16271),.PCURVE_S1.);
#16260 = LINE('',#16261,#16262);
#16261 = CARTESIAN_POINT('',(-2.257588386536,0.679903924465,0.5));
#16262 = VECTOR('',#16263,1.);
#16263 = DIRECTION('',(-0.9961947537,8.715510713923E-02,0.));
#16264 = PCURVE('',#15943,#16265);
#16265 = DEFINITIONAL_REPRESENTATION('',(#16266),#16270);
#16266 = LINE('',#16267,#16268);
#16267 = CARTESIAN_POINT('',(-0.181532740593,0.679903924465));
#16268 = VECTOR('',#16269,1.);
#16269 = DIRECTION('',(-0.9961947537,8.715510713923E-02));
#16270 = ( GEOMETRIC_REPRESENTATION_CONTEXT(2) 
PARAMETRIC_REPRESENTATION_CONTEXT() REPRESENTATION_CONTEXT('2D SPACE',''
  ) );
#16271 = PCURVE('',#6158,#16272);
#16272 = DEFINITIONAL_REPRESENTATION('',(#16273),#16277);
#16273 = LINE('',#16274,#16275);
#16274 = CARTESIAN_POINT('',(-6.348204672478E-02,0.230095867319));
#16275 = VECTOR('',#16276,1.);
#16276 = DIRECTION('',(1.,0.));
#16277 = ( GEOMETRIC_REPRESENTATION_CONTEXT(2) 
PARAMETRIC_REPRESENTATION_CONTEXT() REPRESENTATION_CONTEXT('2D SPACE',''
  ) );
#16278 = ORIENTED_EDGE('',*,*,#16279,.T.);
#16279 = EDGE_CURVE('',#16257,#16280,#16282,.T.);
#16280 = VERTEX_POINT('',#16281);
#16281 = CARTESIAN_POINT('',(-2.5,0.6875,0.5));
#16282 = SURFACE_CURVE('',#16283,(#16287,#16294),.PCURVE_S1.);
#16283 = LINE('',#16284,#16285);
#16284 = CARTESIAN_POINT('',(-2.344412565231,0.6875,0.5));
#16285 = VECTOR('',#16286,1.);
#16286 = DIRECTION('',(-1.,0.,0.));
#16287 = PCURVE('',#15943,#16288);
#16288 = DEFINITIONAL_REPRESENTATION('',(#16289),#16293);
#16289 = LINE('',#16290,#16291);
#16290 = CARTESIAN_POINT('',(-0.268356919289,0.6875));
#16291 = VECTOR('',#16292,1.);
#16292 = DIRECTION('',(-1.,0.));
#16293 = ( GEOMETRIC_REPRESENTATION_CONTEXT(2) 
PARAMETRIC_REPRESENTATION_CONTEXT() REPRESENTATION_CONTEXT('2D SPACE',''
  ) );
#16294 = PCURVE('',#6130,#16295);
#16295 = DEFINITIONAL_REPRESENTATION('',(#16296),#16300);
#16296 = LINE('',#16297,#16298);
#16297 = CARTESIAN_POINT('',(0.21701519429,0.110778523094));
#16298 = VECTOR('',#16299,1.);
#16299 = DIRECTION('',(0.,-1.));
#16300 = ( GEOMETRIC_REPRESENTATION_CONTEXT(2) 
PARAMETRIC_REPRESENTATION_CONTEXT() REPRESENTATION_CONTEXT('2D SPACE',''
  ) );
#16301 = ORIENTED_EDGE('',*,*,#16302,.F.);
#16302 = EDGE_CURVE('',#15926,#16280,#16303,.T.);
#16303 = SURFACE_CURVE('',#16304,(#16308,#16314),.PCURVE_S1.);
#16304 = LINE('',#16305,#16306);
#16305 = CARTESIAN_POINT('',(-2.5,-0.6875,0.5));
#16306 = VECTOR('',#16307,1.);
#16307 = DIRECTION('',(0.,1.,0.));
#16308 = PCURVE('',#15943,#16309);
#16309 = DEFINITIONAL_REPRESENTATION('',(#16310),#16313);
#16310 = B_SPLINE_CURVE_WITH_KNOTS('',1,(#16311,#16312),.UNSPECIFIED.,
  .F.,.F.,(2,2),(0.,1.375),.PIECEWISE_BEZIER_KNOTS.);
#16311 = CARTESIAN_POINT('',(-0.423944354057,-0.6875));
#16312 = CARTESIAN_POINT('',(-0.423944354057,0.6875));
#16313 = ( GEOMETRIC_REPRESENTATION_CONTEXT(2) 
PARAMETRIC_REPRESENTATION_CONTEXT() REPRESENTATION_CONTEXT('2D SPACE',''
  ) );
#16314 = PCURVE('',#6102,#16315);
#16315 = DEFINITIONAL_REPRESENTATION('',(#16316),#16320);
#16316 = LINE('',#16317,#16318);
#16317 = CARTESIAN_POINT('',(-8.333333333333E-02,0.543937494357));
#16318 = VECTOR('',#16319,1.);
#16319 = DIRECTION('',(0.,-1.));
#16320 = ( GEOMETRIC_REPRESENTATION_CONTEXT(2) 
PARAMETRIC_REPRESENTATION_CONTEXT() REPRESENTATION_CONTEXT('2D SPACE',''
  ) );
#16321 = ORIENTED_EDGE('',*,*,#15925,.T.);
#16322 = ORIENTED_EDGE('',*,*,#16323,.T.);
#16323 = EDGE_CURVE('',#15928,#16324,#16326,.T.);
#16324 = VERTEX_POINT('',#16325);
#16325 = CARTESIAN_POINT('',(-2.257588386536,-0.679903924465,0.5));
#16326 = SURFACE_CURVE('',#16327,(#16331,#16338),.PCURVE_S1.);
#16327 = LINE('',#16328,#16329);
#16328 = CARTESIAN_POINT('',(-2.344412565231,-0.6875,0.5));
#16329 = VECTOR('',#16330,1.);
#16330 = DIRECTION('',(0.9961947537,8.715510713923E-02,0.));
#16331 = PCURVE('',#15943,#16332);
#16332 = DEFINITIONAL_REPRESENTATION('',(#16333),#16337);
#16333 = LINE('',#16334,#16335);
#16334 = CARTESIAN_POINT('',(-0.268356919289,-0.6875));
#16335 = VECTOR('',#16336,1.);
#16336 = DIRECTION('',(0.9961947537,8.715510713923E-02));
#16337 = ( GEOMETRIC_REPRESENTATION_CONTEXT(2) 
PARAMETRIC_REPRESENTATION_CONTEXT() REPRESENTATION_CONTEXT('2D SPACE',''
  ) );
#16338 = PCURVE('',#6662,#16339);
#16339 = DEFINITIONAL_REPRESENTATION('',(#16340),#16344);
#16340 = LINE('',#16341,#16342);
#16341 = CARTESIAN_POINT('',(-6.348204672478E-02,0.230095867319));
#16342 = VECTOR('',#16343,1.);
#16343 = DIRECTION('',(1.,0.));
#16344 = ( GEOMETRIC_REPRESENTATION_CONTEXT(2) 
PARAMETRIC_REPRESENTATION_CONTEXT() REPRESENTATION_CONTEXT('2D SPACE',''
  ) );
#16345 = ORIENTED_EDGE('',*,*,#16346,.T.);
#16346 = EDGE_CURVE('',#16324,#16347,#16349,.T.);
#16347 = VERTEX_POINT('',#16348);
#16348 = CARTESIAN_POINT('',(-2.173402547836,-0.657346308231,0.5));
#16349 = SURFACE_CURVE('',#16350,(#16354,#16361),.PCURVE_S1.);
#16350 = LINE('',#16351,#16352);
#16351 = CARTESIAN_POINT('',(-2.257588386536,-0.679903924465,0.5));
#16352 = VECTOR('',#16353,1.);
#16353 = DIRECTION('',(0.965925571743,0.258819995078,0.));
#16354 = PCURVE('',#15943,#16355);
#16355 = DEFINITIONAL_REPRESENTATION('',(#16356),#16360);
#16356 = LINE('',#16357,#16358);
#16357 = CARTESIAN_POINT('',(-0.181532740593,-0.679903924465));
#16358 = VECTOR('',#16359,1.);
#16359 = DIRECTION('',(0.965925571743,0.258819995078));
#16360 = ( GEOMETRIC_REPRESENTATION_CONTEXT(2) 
PARAMETRIC_REPRESENTATION_CONTEXT() REPRESENTATION_CONTEXT('2D SPACE',''
  ) );
#16361 = PCURVE('',#6634,#16362);
#16362 = DEFINITIONAL_REPRESENTATION('',(#16363),#16367);
#16363 = LINE('',#16364,#16365);
#16364 = CARTESIAN_POINT('',(-6.348189711803E-02,0.230095911132));
#16365 = VECTOR('',#16366,1.);
#16366 = DIRECTION('',(1.,0.));
#16367 = ( GEOMETRIC_REPRESENTATION_CONTEXT(2) 
PARAMETRIC_REPRESENTATION_CONTEXT() REPRESENTATION_CONTEXT('2D SPACE',''
  ) );
#16368 = ORIENTED_EDGE('',*,*,#16369,.T.);
#16369 = EDGE_CURVE('',#16347,#16370,#16372,.T.);
#16370 = VERTEX_POINT('',#16371);
#16371 = CARTESIAN_POINT('',(-2.094412565231,-0.620512723923,0.5));
#16372 = SURFACE_CURVE('',#16373,(#16377,#16384),.PCURVE_S1.);
#16373 = LINE('',#16374,#16375);
#16374 = CARTESIAN_POINT('',(-2.173402547836,-0.657346308231,0.5));
#16375 = VECTOR('',#16376,1.);
#16376 = DIRECTION('',(0.906308004563,0.422617795254,0.));
#16377 = PCURVE('',#15943,#16378);
#16378 = DEFINITIONAL_REPRESENTATION('',(#16379),#16383);
#16379 = LINE('',#16380,#16381);
#16380 = CARTESIAN_POINT('',(-9.734690189362E-02,-0.657346308231));
#16381 = VECTOR('',#16382,1.);
#16382 = DIRECTION('',(0.906308004563,0.422617795254));
#16383 = ( GEOMETRIC_REPRESENTATION_CONTEXT(2) 
PARAMETRIC_REPRESENTATION_CONTEXT() REPRESENTATION_CONTEXT('2D SPACE',''
  ) );
#16384 = PCURVE('',#6606,#16385);
#16385 = DEFINITIONAL_REPRESENTATION('',(#16386),#16390);
#16386 = LINE('',#16387,#16388);
#16387 = CARTESIAN_POINT('',(-6.348201393017E-02,0.230095876923));
#16388 = VECTOR('',#16389,1.);
#16389 = DIRECTION('',(1.,0.));
#16390 = ( GEOMETRIC_REPRESENTATION_CONTEXT(2) 
PARAMETRIC_REPRESENTATION_CONTEXT() REPRESENTATION_CONTEXT('2D SPACE',''
  ) );
#16391 = ORIENTED_EDGE('',*,*,#16392,.T.);
#16392 = EDGE_CURVE('',#16370,#16393,#16395,.T.);
#16393 = VERTEX_POINT('',#16394);
#16394 = CARTESIAN_POINT('',(-2.023018598557,-0.570522248745,0.5));
#16395 = SURFACE_CURVE('',#16396,(#16400,#16407),.PCURVE_S1.);
#16396 = LINE('',#16397,#16398);
#16397 = CARTESIAN_POINT('',(-2.094412565231,-0.620512723923,0.5));
#16398 = VECTOR('',#16399,1.);
#16399 = DIRECTION('',(0.819152682949,0.573575524249,0.));
#16400 = PCURVE('',#15943,#16401);
#16401 = DEFINITIONAL_REPRESENTATION('',(#16402),#16406);
#16402 = LINE('',#16403,#16404);
#16403 = CARTESIAN_POINT('',(-1.835691928864E-02,-0.620512723923));
#16404 = VECTOR('',#16405,1.);
#16405 = DIRECTION('',(0.819152682949,0.573575524249));
#16406 = ( GEOMETRIC_REPRESENTATION_CONTEXT(2) 
PARAMETRIC_REPRESENTATION_CONTEXT() REPRESENTATION_CONTEXT('2D SPACE',''
  ) );
#16407 = PCURVE('',#6578,#16408);
#16408 = DEFINITIONAL_REPRESENTATION('',(#16409),#16413);
#16409 = LINE('',#16410,#16411);
#16410 = CARTESIAN_POINT('',(-6.348207802501E-02,0.230095858153));
#16411 = VECTOR('',#16412,1.);
#16412 = DIRECTION('',(1.,0.));
#16413 = ( GEOMETRIC_REPRESENTATION_CONTEXT(2) 
PARAMETRIC_REPRESENTATION_CONTEXT() REPRESENTATION_CONTEXT('2D SPACE',''
  ) );
#16414 = ORIENTED_EDGE('',*,*,#16415,.T.);
#16415 = EDGE_CURVE('',#16393,#16416,#16418,.T.);
#16416 = VERTEX_POINT('',#16417);
#16417 = CARTESIAN_POINT('',(-1.961390256882,-0.508893787861,0.5));
#16418 = SURFACE_CURVE('',#16419,(#16423,#16430),.PCURVE_S1.);
#16419 = LINE('',#16420,#16421);
#16420 = CARTESIAN_POINT('',(-2.023018598557,-0.570522248745,0.5));
#16421 = VECTOR('',#16422,1.);
#16422 = DIRECTION('',(0.707106097299,0.707107465073,0.));
#16423 = PCURVE('',#15943,#16424);
#16424 = DEFINITIONAL_REPRESENTATION('',(#16425),#16429);
#16425 = LINE('',#16426,#16427);
#16426 = CARTESIAN_POINT('',(5.303704738617E-02,-0.570522248745));
#16427 = VECTOR('',#16428,1.);
#16428 = DIRECTION('',(0.707106097299,0.707107465073));
#16429 = ( GEOMETRIC_REPRESENTATION_CONTEXT(2) 
PARAMETRIC_REPRESENTATION_CONTEXT() REPRESENTATION_CONTEXT('2D SPACE',''
  ) );
#16430 = PCURVE('',#6550,#16431);
#16431 = DEFINITIONAL_REPRESENTATION('',(#16432),#16436);
#16432 = LINE('',#16433,#16434);
#16433 = CARTESIAN_POINT('',(6.348197094729E-02,-0.230095889511));
#16434 = VECTOR('',#16435,1.);
#16435 = DIRECTION('',(-1.,0.));
#16436 = ( GEOMETRIC_REPRESENTATION_CONTEXT(2) 
PARAMETRIC_REPRESENTATION_CONTEXT() REPRESENTATION_CONTEXT('2D SPACE',''
  ) );
#16437 = ORIENTED_EDGE('',*,*,#16438,.T.);
#16438 = EDGE_CURVE('',#16416,#16439,#16441,.T.);
#16439 = VERTEX_POINT('',#16440);
#16440 = CARTESIAN_POINT('',(-1.911399841309,-0.4375,0.5));
#16441 = SURFACE_CURVE('',#16442,(#16446,#16453),.PCURVE_S1.);
#16442 = LINE('',#16443,#16444);
#16443 = CARTESIAN_POINT('',(-1.961390256882,-0.508893787861,0.5));
#16444 = VECTOR('',#16445,1.);
#16445 = DIRECTION('',(0.573576029318,0.819152329296,0.));
#16446 = PCURVE('',#15943,#16447);
#16447 = DEFINITIONAL_REPRESENTATION('',(#16448),#16452);
#16448 = LINE('',#16449,#16450);
#16449 = CARTESIAN_POINT('',(0.114665389061,-0.508893787861));
#16450 = VECTOR('',#16451,1.);
#16451 = DIRECTION('',(0.573576029318,0.819152329296));
#16452 = ( GEOMETRIC_REPRESENTATION_CONTEXT(2) 
PARAMETRIC_REPRESENTATION_CONTEXT() REPRESENTATION_CONTEXT('2D SPACE',''
  ) );
#16453 = PCURVE('',#6522,#16454);
#16454 = DEFINITIONAL_REPRESENTATION('',(#16455),#16459);
#16455 = LINE('',#16456,#16457);
#16456 = CARTESIAN_POINT('',(6.348195028326E-02,-0.230095895563));
#16457 = VECTOR('',#16458,1.);
#16458 = DIRECTION('',(-1.,0.));
#16459 = ( GEOMETRIC_REPRESENTATION_CONTEXT(2) 
PARAMETRIC_REPRESENTATION_CONTEXT() REPRESENTATION_CONTEXT('2D SPACE',''
  ) );
#16460 = ORIENTED_EDGE('',*,*,#16461,.T.);
#16461 = EDGE_CURVE('',#16439,#16002,#16462,.T.);
#16462 = SURFACE_CURVE('',#16463,(#16467,#16474),.PCURVE_S1.);
#16463 = LINE('',#16464,#16465);
#16464 = CARTESIAN_POINT('',(-1.911399841309,-0.4375,0.5));
#16465 = VECTOR('',#16466,1.);
#16466 = DIRECTION('',(0.422618487966,0.906307681546,0.));
#16467 = PCURVE('',#15943,#16468);
#16468 = DEFINITIONAL_REPRESENTATION('',(#16469),#16473);
#16469 = LINE('',#16470,#16471);
#16470 = CARTESIAN_POINT('',(0.164655804634,-0.4375));
#16471 = VECTOR('',#16472,1.);
#16472 = DIRECTION('',(0.422618487966,0.906307681546));
#16473 = ( GEOMETRIC_REPRESENTATION_CONTEXT(2) 
PARAMETRIC_REPRESENTATION_CONTEXT() REPRESENTATION_CONTEXT('2D SPACE',''
  ) );
#16474 = PCURVE('',#6494,#16475);
#16475 = DEFINITIONAL_REPRESENTATION('',(#16476),#16480);
#16476 = LINE('',#16477,#16478);
#16477 = CARTESIAN_POINT('',(2.367376724366E-02,-0.2699041227));
#16478 = VECTOR('',#16479,1.);
#16479 = DIRECTION('',(-1.,0.));
#16480 = ( GEOMETRIC_REPRESENTATION_CONTEXT(2) 
PARAMETRIC_REPRESENTATION_CONTEXT() REPRESENTATION_CONTEXT('2D SPACE',''
  ) );
#16481 = ADVANCED_FACE('',(#16482),#6662,.T.);
#16482 = FACE_BOUND('',#16483,.T.);
#16483 = EDGE_LOOP('',(#16484,#16505,#16506,#16507));
#16484 = ORIENTED_EDGE('',*,*,#16485,.F.);
#16485 = EDGE_CURVE('',#16324,#6619,#16486,.T.);
#16486 = SURFACE_CURVE('',#16487,(#16491,#16498),.PCURVE_S1.);
#16487 = LINE('',#16488,#16489);
#16488 = CARTESIAN_POINT('',(-2.257588386536,-0.679903924465,0.5));
#16489 = VECTOR('',#16490,1.);
#16490 = DIRECTION('',(0.,0.,1.));
#16491 = PCURVE('',#6662,#16492);
#16492 = DEFINITIONAL_REPRESENTATION('',(#16493),#16497);
#16493 = LINE('',#16494,#16495);
#16494 = CARTESIAN_POINT('',(2.367378136324E-02,0.230095867319));
#16495 = VECTOR('',#16496,1.);
#16496 = DIRECTION('',(0.,-1.));
#16497 = ( GEOMETRIC_REPRESENTATION_CONTEXT(2) 
PARAMETRIC_REPRESENTATION_CONTEXT() REPRESENTATION_CONTEXT('2D SPACE',''
  ) );
#16498 = PCURVE('',#6634,#16499);
#16499 = DEFINITIONAL_REPRESENTATION('',(#16500),#16504);
#16500 = LINE('',#16501,#16502);
#16501 = CARTESIAN_POINT('',(-6.348189711803E-02,0.230095911132));
#16502 = VECTOR('',#16503,1.);
#16503 = DIRECTION('',(0.,-1.));
#16504 = ( GEOMETRIC_REPRESENTATION_CONTEXT(2) 
PARAMETRIC_REPRESENTATION_CONTEXT() REPRESENTATION_CONTEXT('2D SPACE',''
  ) );
#16505 = ORIENTED_EDGE('',*,*,#16323,.F.);
#16506 = ORIENTED_EDGE('',*,*,#15977,.T.);
#16507 = ORIENTED_EDGE('',*,*,#6646,.F.);
#16508 = ADVANCED_FACE('',(#16509),#6634,.T.);
#16509 = FACE_BOUND('',#16510,.T.);
#16510 = EDGE_LOOP('',(#16511,#16532,#16533,#16534));
#16511 = ORIENTED_EDGE('',*,*,#16512,.F.);
#16512 = EDGE_CURVE('',#16347,#6591,#16513,.T.);
#16513 = SURFACE_CURVE('',#16514,(#16518,#16525),.PCURVE_S1.);
#16514 = LINE('',#16515,#16516);
#16515 = CARTESIAN_POINT('',(-2.173402547836,-0.657346308231,0.5));
#16516 = VECTOR('',#16517,1.);
#16517 = DIRECTION('',(0.,0.,1.));
#16518 = PCURVE('',#6634,#16519);
#16519 = DEFINITIONAL_REPRESENTATION('',(#16520),#16524);
#16520 = LINE('',#16521,#16522);
#16521 = CARTESIAN_POINT('',(2.367371938294E-02,0.230095911132));
#16522 = VECTOR('',#16523,1.);
#16523 = DIRECTION('',(0.,-1.));
#16524 = ( GEOMETRIC_REPRESENTATION_CONTEXT(2) 
PARAMETRIC_REPRESENTATION_CONTEXT() REPRESENTATION_CONTEXT('2D SPACE',''
  ) );
#16525 = PCURVE('',#6606,#16526);
#16526 = DEFINITIONAL_REPRESENTATION('',(#16527),#16531);
#16527 = LINE('',#16528,#16529);
#16528 = CARTESIAN_POINT('',(-6.348201393017E-02,0.230095876923));
#16529 = VECTOR('',#16530,1.);
#16530 = DIRECTION('',(0.,-1.));
#16531 = ( GEOMETRIC_REPRESENTATION_CONTEXT(2) 
PARAMETRIC_REPRESENTATION_CONTEXT() REPRESENTATION_CONTEXT('2D SPACE',''
  ) );
#16532 = ORIENTED_EDGE('',*,*,#16346,.F.);
#16533 = ORIENTED_EDGE('',*,*,#16485,.T.);
#16534 = ORIENTED_EDGE('',*,*,#6618,.F.);
#16535 = ADVANCED_FACE('',(#16536),#6606,.T.);
#16536 = FACE_BOUND('',#16537,.T.);
#16537 = EDGE_LOOP('',(#16538,#16559,#16560,#16561));
#16538 = ORIENTED_EDGE('',*,*,#16539,.F.);
#16539 = EDGE_CURVE('',#16370,#6563,#16540,.T.);
#16540 = SURFACE_CURVE('',#16541,(#16545,#16552),.PCURVE_S1.);
#16541 = LINE('',#16542,#16543);
#16542 = CARTESIAN_POINT('',(-2.094412565231,-0.620512723923,0.5));
#16543 = VECTOR('',#16544,1.);
#16544 = DIRECTION('',(0.,0.,1.));
#16545 = PCURVE('',#6606,#16546);
#16546 = DEFINITIONAL_REPRESENTATION('',(#16547),#16551);
#16547 = LINE('',#16548,#16549);
#16548 = CARTESIAN_POINT('',(2.367376777682E-02,0.230095876923));
#16549 = VECTOR('',#16550,1.);
#16550 = DIRECTION('',(0.,-1.));
#16551 = ( GEOMETRIC_REPRESENTATION_CONTEXT(2) 
PARAMETRIC_REPRESENTATION_CONTEXT() REPRESENTATION_CONTEXT('2D SPACE',''
  ) );
#16552 = PCURVE('',#6578,#16553);
#16553 = DEFINITIONAL_REPRESENTATION('',(#16554),#16558);
#16554 = LINE('',#16555,#16556);
#16555 = CARTESIAN_POINT('',(-6.348207802501E-02,0.230095858153));
#16556 = VECTOR('',#16557,1.);
#16557 = DIRECTION('',(0.,-1.));
#16558 = ( GEOMETRIC_REPRESENTATION_CONTEXT(2) 
PARAMETRIC_REPRESENTATION_CONTEXT() REPRESENTATION_CONTEXT('2D SPACE',''
  ) );
#16559 = ORIENTED_EDGE('',*,*,#16369,.F.);
#16560 = ORIENTED_EDGE('',*,*,#16512,.T.);
#16561 = ORIENTED_EDGE('',*,*,#6590,.F.);
#16562 = ADVANCED_FACE('',(#16563),#6578,.T.);
#16563 = FACE_BOUND('',#16564,.T.);
#16564 = EDGE_LOOP('',(#16565,#16586,#16587,#16588));
#16565 = ORIENTED_EDGE('',*,*,#16566,.F.);
#16566 = EDGE_CURVE('',#16393,#6535,#16567,.T.);
#16567 = SURFACE_CURVE('',#16568,(#16572,#16579),.PCURVE_S1.);
#16568 = LINE('',#16569,#16570);
#16569 = CARTESIAN_POINT('',(-2.023018598557,-0.570522248745,0.5));
#16570 = VECTOR('',#16571,1.);
#16571 = DIRECTION('',(0.,0.,1.));
#16572 = PCURVE('',#6578,#16573);
#16573 = DEFINITIONAL_REPRESENTATION('',(#16574),#16578);
#16574 = LINE('',#16575,#16576);
#16575 = CARTESIAN_POINT('',(2.367379433056E-02,0.230095858153));
#16576 = VECTOR('',#16577,1.);
#16577 = DIRECTION('',(0.,-1.));
#16578 = ( GEOMETRIC_REPRESENTATION_CONTEXT(2) 
PARAMETRIC_REPRESENTATION_CONTEXT() REPRESENTATION_CONTEXT('2D SPACE',''
  ) );
#16579 = PCURVE('',#6550,#16580);
#16580 = DEFINITIONAL_REPRESENTATION('',(#16581),#16585);
#16581 = LINE('',#16582,#16583);
#16582 = CARTESIAN_POINT('',(6.348197094729E-02,-0.230095889511));
#16583 = VECTOR('',#16584,1.);
#16584 = DIRECTION('',(0.,1.));
#16585 = ( GEOMETRIC_REPRESENTATION_CONTEXT(2) 
PARAMETRIC_REPRESENTATION_CONTEXT() REPRESENTATION_CONTEXT('2D SPACE',''
  ) );
#16586 = ORIENTED_EDGE('',*,*,#16392,.F.);
#16587 = ORIENTED_EDGE('',*,*,#16539,.T.);
#16588 = ORIENTED_EDGE('',*,*,#6562,.F.);
#16589 = ADVANCED_FACE('',(#16590),#6550,.T.);
#16590 = FACE_BOUND('',#16591,.T.);
#16591 = EDGE_LOOP('',(#16592,#16613,#16614,#16615));
#16592 = ORIENTED_EDGE('',*,*,#16593,.T.);
#16593 = EDGE_CURVE('',#6507,#16416,#16594,.T.);
#16594 = SURFACE_CURVE('',#16595,(#16599,#16606),.PCURVE_S1.);
#16595 = LINE('',#16596,#16597);
#16596 = CARTESIAN_POINT('',(-1.961390256882,-0.508893787861,1.));
#16597 = VECTOR('',#16598,1.);
#16598 = DIRECTION('',(0.,0.,-1.));
#16599 = PCURVE('',#6550,#16600);
#16600 = DEFINITIONAL_REPRESENTATION('',(#16601),#16605);
#16601 = LINE('',#16602,#16603);
#16602 = CARTESIAN_POINT('',(-2.367374996952E-02,0.269904110489));
#16603 = VECTOR('',#16604,1.);
#16604 = DIRECTION('',(-0.,-1.));
#16605 = ( GEOMETRIC_REPRESENTATION_CONTEXT(2) 
PARAMETRIC_REPRESENTATION_CONTEXT() REPRESENTATION_CONTEXT('2D SPACE',''
  ) );
#16606 = PCURVE('',#6522,#16607);
#16607 = DEFINITIONAL_REPRESENTATION('',(#16608),#16612);
#16608 = LINE('',#16609,#16610);
#16609 = CARTESIAN_POINT('',(6.348195028326E-02,0.269904104437));
#16610 = VECTOR('',#16611,1.);
#16611 = DIRECTION('',(-0.,-1.));
#16612 = ( GEOMETRIC_REPRESENTATION_CONTEXT(2) 
PARAMETRIC_REPRESENTATION_CONTEXT() REPRESENTATION_CONTEXT('2D SPACE',''
  ) );
#16613 = ORIENTED_EDGE('',*,*,#16415,.F.);
#16614 = ORIENTED_EDGE('',*,*,#16566,.T.);
#16615 = ORIENTED_EDGE('',*,*,#6534,.F.);
#16616 = ADVANCED_FACE('',(#16617),#6522,.T.);
#16617 = FACE_BOUND('',#16618,.T.);
#16618 = EDGE_LOOP('',(#16619,#16640,#16641,#16642));
#16619 = ORIENTED_EDGE('',*,*,#16620,.T.);
#16620 = EDGE_CURVE('',#6479,#16439,#16621,.T.);
#16621 = SURFACE_CURVE('',#16622,(#16626,#16633),.PCURVE_S1.);
#16622 = LINE('',#16623,#16624);
#16623 = CARTESIAN_POINT('',(-1.911399841309,-0.4375,1.));
#16624 = VECTOR('',#16625,1.);
#16625 = DIRECTION('',(0.,0.,-1.));
#16626 = PCURVE('',#6522,#16627);
#16627 = DEFINITIONAL_REPRESENTATION('',(#16628),#16632);
#16628 = LINE('',#16629,#16630);
#16629 = CARTESIAN_POINT('',(-2.367374140866E-02,0.269904104437));
#16630 = VECTOR('',#16631,1.);
#16631 = DIRECTION('',(-0.,-1.));
#16632 = ( GEOMETRIC_REPRESENTATION_CONTEXT(2) 
PARAMETRIC_REPRESENTATION_CONTEXT() REPRESENTATION_CONTEXT('2D SPACE',''
  ) );
#16633 = PCURVE('',#6494,#16634);
#16634 = DEFINITIONAL_REPRESENTATION('',(#16635),#16639);
#16635 = LINE('',#16636,#16637);
#16636 = CARTESIAN_POINT('',(2.367376724366E-02,0.2300958773));
#16637 = VECTOR('',#16638,1.);
#16638 = DIRECTION('',(-0.,-1.));
#16639 = ( GEOMETRIC_REPRESENTATION_CONTEXT(2) 
PARAMETRIC_REPRESENTATION_CONTEXT() REPRESENTATION_CONTEXT('2D SPACE',''
  ) );
#16640 = ORIENTED_EDGE('',*,*,#16438,.F.);
#16641 = ORIENTED_EDGE('',*,*,#16593,.F.);
#16642 = ORIENTED_EDGE('',*,*,#6506,.F.);
#16643 = ADVANCED_FACE('',(#16644),#6494,.T.);
#16644 = FACE_BOUND('',#16645,.T.);
#16645 = EDGE_LOOP('',(#16646,#16647,#16648,#16669));
#16646 = ORIENTED_EDGE('',*,*,#16620,.F.);
#16647 = ORIENTED_EDGE('',*,*,#6478,.F.);
#16648 = ORIENTED_EDGE('',*,*,#16649,.T.);
#16649 = EDGE_CURVE('',#6451,#16002,#16650,.T.);
#16650 = SURFACE_CURVE('',#16651,(#16655,#16662),.PCURVE_S1.);
#16651 = LINE('',#16652,#16653);
#16652 = CARTESIAN_POINT('',(-1.874566197395,-0.358510047197,1.));
#16653 = VECTOR('',#16654,1.);
#16654 = DIRECTION('',(0.,0.,-1.));
#16655 = PCURVE('',#6494,#16656);
#16656 = DEFINITIONAL_REPRESENTATION('',(#16657),#16661);
#16657 = LINE('',#16658,#16659);
#16658 = CARTESIAN_POINT('',(-6.348201264325E-02,0.2300958773));
#16659 = VECTOR('',#16660,1.);
#16660 = DIRECTION('',(-0.,-1.));
#16661 = ( GEOMETRIC_REPRESENTATION_CONTEXT(2) 
PARAMETRIC_REPRESENTATION_CONTEXT() REPRESENTATION_CONTEXT('2D SPACE',''
  ) );
#16662 = PCURVE('',#6466,#16663);
#16663 = DEFINITIONAL_REPRESENTATION('',(#16664),#16668);
#16664 = LINE('',#16665,#16666);
#16665 = CARTESIAN_POINT('',(6.348197853518E-02,0.269904112711));
#16666 = VECTOR('',#16667,1.);
#16667 = DIRECTION('',(-0.,-1.));
#16668 = ( GEOMETRIC_REPRESENTATION_CONTEXT(2) 
PARAMETRIC_REPRESENTATION_CONTEXT() REPRESENTATION_CONTEXT('2D SPACE',''
  ) );
#16669 = ORIENTED_EDGE('',*,*,#16461,.F.);
#16670 = ADVANCED_FACE('',(#16671),#6466,.T.);
#16671 = FACE_BOUND('',#16672,.T.);
#16672 = EDGE_LOOP('',(#16673,#16694,#16695,#16696));
#16673 = ORIENTED_EDGE('',*,*,#16674,.T.);
#16674 = EDGE_CURVE('',#6423,#16004,#16675,.T.);
#16675 = SURFACE_CURVE('',#16676,(#16680,#16687),.PCURVE_S1.);
#16676 = LINE('',#16677,#16678);
#16677 = CARTESIAN_POINT('',(-1.852008581161,-0.274324089289,1.));
#16678 = VECTOR('',#16679,1.);
#16679 = DIRECTION('',(0.,0.,-1.));
#16680 = PCURVE('',#6466,#16681);
#16681 = DEFINITIONAL_REPRESENTATION('',(#16682),#16686);
#16682 = LINE('',#16683,#16684);
#16683 = CARTESIAN_POINT('',(-2.367375311309E-02,0.269904112711));
#16684 = VECTOR('',#16685,1.);
#16685 = DIRECTION('',(-0.,-1.));
#16686 = ( GEOMETRIC_REPRESENTATION_CONTEXT(2) 
PARAMETRIC_REPRESENTATION_CONTEXT() REPRESENTATION_CONTEXT('2D SPACE',''
  ) );
#16687 = PCURVE('',#6438,#16688);
#16688 = DEFINITIONAL_REPRESENTATION('',(#16689),#16693);
#16689 = LINE('',#16690,#16691);
#16690 = CARTESIAN_POINT('',(6.34819800753E-02,0.269904113162));
#16691 = VECTOR('',#16692,1.);
#16692 = DIRECTION('',(-0.,-1.));
#16693 = ( GEOMETRIC_REPRESENTATION_CONTEXT(2) 
PARAMETRIC_REPRESENTATION_CONTEXT() REPRESENTATION_CONTEXT('2D SPACE',''
  ) );
#16694 = ORIENTED_EDGE('',*,*,#16001,.F.);
#16695 = ORIENTED_EDGE('',*,*,#16649,.F.);
#16696 = ORIENTED_EDGE('',*,*,#6450,.F.);
#16697 = ADVANCED_FACE('',(#16698),#6438,.T.);
#16698 = FACE_BOUND('',#16699,.T.);
#16699 = EDGE_LOOP('',(#16700,#16721,#16722,#16723));
#16700 = ORIENTED_EDGE('',*,*,#16701,.F.);
#16701 = EDGE_CURVE('',#16027,#6395,#16702,.T.);
#16702 = SURFACE_CURVE('',#16703,(#16707,#16714),.PCURVE_S1.);
#16703 = LINE('',#16704,#16705);
#16704 = CARTESIAN_POINT('',(-1.844412565231,-0.1875,0.5));
#16705 = VECTOR('',#16706,1.);
#16706 = DIRECTION('',(0.,0.,1.));
#16707 = PCURVE('',#6438,#16708);
#16708 = DEFINITIONAL_REPRESENTATION('',(#16709),#16713);
#16709 = LINE('',#16710,#16711);
#16710 = CARTESIAN_POINT('',(-2.367375375115E-02,-0.230095886838));
#16711 = VECTOR('',#16712,1.);
#16712 = DIRECTION('',(0.,1.));
#16713 = ( GEOMETRIC_REPRESENTATION_CONTEXT(2) 
PARAMETRIC_REPRESENTATION_CONTEXT() REPRESENTATION_CONTEXT('2D SPACE',''
  ) );
#16714 = PCURVE('',#6410,#16715);
#16715 = DEFINITIONAL_REPRESENTATION('',(#16716),#16720);
#16716 = LINE('',#16717,#16718);
#16717 = CARTESIAN_POINT('',(0.3125,0.125));
#16718 = VECTOR('',#16719,1.);
#16719 = DIRECTION('',(-1.,0.));
#16720 = ( GEOMETRIC_REPRESENTATION_CONTEXT(2) 
PARAMETRIC_REPRESENTATION_CONTEXT() REPRESENTATION_CONTEXT('2D SPACE',''
  ) );
#16721 = ORIENTED_EDGE('',*,*,#16026,.F.);
#16722 = ORIENTED_EDGE('',*,*,#16674,.F.);
#16723 = ORIENTED_EDGE('',*,*,#6422,.F.);
#16724 = ADVANCED_FACE('',(#16725),#6410,.T.);
#16725 = FACE_BOUND('',#16726,.T.);
#16726 = EDGE_LOOP('',(#16727,#16728,#16749,#16750));
#16727 = ORIENTED_EDGE('',*,*,#6394,.F.);
#16728 = ORIENTED_EDGE('',*,*,#16729,.F.);
#16729 = EDGE_CURVE('',#16050,#6367,#16730,.T.);
#16730 = SURFACE_CURVE('',#16731,(#16735,#16742),.PCURVE_S1.);
#16731 = LINE('',#16732,#16733);
#16732 = CARTESIAN_POINT('',(-1.844412565231,0.1875,0.5));
#16733 = VECTOR('',#16734,1.);
#16734 = DIRECTION('',(0.,0.,1.));
#16735 = PCURVE('',#6410,#16736);
#16736 = DEFINITIONAL_REPRESENTATION('',(#16737),#16741);
#16737 = LINE('',#16738,#16739);
#16738 = CARTESIAN_POINT('',(0.3125,-0.25));
#16739 = VECTOR('',#16740,1.);
#16740 = DIRECTION('',(-1.,0.));
#16741 = ( GEOMETRIC_REPRESENTATION_CONTEXT(2) 
PARAMETRIC_REPRESENTATION_CONTEXT() REPRESENTATION_CONTEXT('2D SPACE',''
  ) );
#16742 = PCURVE('',#6382,#16743);
#16743 = DEFINITIONAL_REPRESENTATION('',(#16744),#16748);
#16744 = LINE('',#16745,#16746);
#16745 = CARTESIAN_POINT('',(6.34819800753E-02,-0.230095886838));
#16746 = VECTOR('',#16747,1.);
#16747 = DIRECTION('',(0.,1.));
#16748 = ( GEOMETRIC_REPRESENTATION_CONTEXT(2) 
PARAMETRIC_REPRESENTATION_CONTEXT() REPRESENTATION_CONTEXT('2D SPACE',''
  ) );
#16749 = ORIENTED_EDGE('',*,*,#16049,.F.);
#16750 = ORIENTED_EDGE('',*,*,#16701,.T.);
#16751 = ADVANCED_FACE('',(#16752),#6382,.T.);
#16752 = FACE_BOUND('',#16753,.T.);
#16753 = EDGE_LOOP('',(#16754,#16775,#16776,#16777));
#16754 = ORIENTED_EDGE('',*,*,#16755,.F.);
#16755 = EDGE_CURVE('',#16073,#6339,#16756,.T.);
#16756 = SURFACE_CURVE('',#16757,(#16761,#16768),.PCURVE_S1.);
#16757 = LINE('',#16758,#16759);
#16758 = CARTESIAN_POINT('',(-1.852008581161,0.274324089289,0.5));
#16759 = VECTOR('',#16760,1.);
#16760 = DIRECTION('',(0.,0.,1.));
#16761 = PCURVE('',#6382,#16762);
#16762 = DEFINITIONAL_REPRESENTATION('',(#16763),#16767);
#16763 = LINE('',#16764,#16765);
#16764 = CARTESIAN_POINT('',(-2.367375375115E-02,-0.230095886838));
#16765 = VECTOR('',#16766,1.);
#16766 = DIRECTION('',(0.,1.));
#16767 = ( GEOMETRIC_REPRESENTATION_CONTEXT(2) 
PARAMETRIC_REPRESENTATION_CONTEXT() REPRESENTATION_CONTEXT('2D SPACE',''
  ) );
#16768 = PCURVE('',#6354,#16769);
#16769 = DEFINITIONAL_REPRESENTATION('',(#16770),#16774);
#16770 = LINE('',#16771,#16772);
#16771 = CARTESIAN_POINT('',(6.348197853518E-02,-0.230095887289));
#16772 = VECTOR('',#16773,1.);
#16773 = DIRECTION('',(0.,1.));
#16774 = ( GEOMETRIC_REPRESENTATION_CONTEXT(2) 
PARAMETRIC_REPRESENTATION_CONTEXT() REPRESENTATION_CONTEXT('2D SPACE',''
  ) );
#16775 = ORIENTED_EDGE('',*,*,#16072,.F.);
#16776 = ORIENTED_EDGE('',*,*,#16729,.T.);
#16777 = ORIENTED_EDGE('',*,*,#6366,.F.);
#16778 = ADVANCED_FACE('',(#16779),#6354,.T.);
#16779 = FACE_BOUND('',#16780,.T.);
#16780 = EDGE_LOOP('',(#16781,#16802,#16803,#16804));
#16781 = ORIENTED_EDGE('',*,*,#16782,.F.);
#16782 = EDGE_CURVE('',#16096,#6311,#16783,.T.);
#16783 = SURFACE_CURVE('',#16784,(#16788,#16795),.PCURVE_S1.);
#16784 = LINE('',#16785,#16786);
#16785 = CARTESIAN_POINT('',(-1.874566197395,0.358510047197,0.5));
#16786 = VECTOR('',#16787,1.);
#16787 = DIRECTION('',(0.,0.,1.));
#16788 = PCURVE('',#6354,#16789);
#16789 = DEFINITIONAL_REPRESENTATION('',(#16790),#16794);
#16790 = LINE('',#16791,#16792);
#16791 = CARTESIAN_POINT('',(-2.367375311309E-02,-0.230095887289));
#16792 = VECTOR('',#16793,1.);
#16793 = DIRECTION('',(0.,1.));
#16794 = ( GEOMETRIC_REPRESENTATION_CONTEXT(2) 
PARAMETRIC_REPRESENTATION_CONTEXT() REPRESENTATION_CONTEXT('2D SPACE',''
  ) );
#16795 = PCURVE('',#6326,#16796);
#16796 = DEFINITIONAL_REPRESENTATION('',(#16797),#16801);
#16797 = LINE('',#16798,#16799);
#16798 = CARTESIAN_POINT('',(6.348201264325E-02,-0.2300958773));
#16799 = VECTOR('',#16800,1.);
#16800 = DIRECTION('',(0.,1.));
#16801 = ( GEOMETRIC_REPRESENTATION_CONTEXT(2) 
PARAMETRIC_REPRESENTATION_CONTEXT() REPRESENTATION_CONTEXT('2D SPACE',''
  ) );
#16802 = ORIENTED_EDGE('',*,*,#16095,.F.);
#16803 = ORIENTED_EDGE('',*,*,#16755,.T.);
#16804 = ORIENTED_EDGE('',*,*,#6338,.F.);
#16805 = ADVANCED_FACE('',(#16806),#6326,.T.);
#16806 = FACE_BOUND('',#16807,.T.);
#16807 = EDGE_LOOP('',(#16808,#16829,#16830,#16831));
#16808 = ORIENTED_EDGE('',*,*,#16809,.F.);
#16809 = EDGE_CURVE('',#16119,#6283,#16810,.T.);
#16810 = SURFACE_CURVE('',#16811,(#16815,#16822),.PCURVE_S1.);
#16811 = LINE('',#16812,#16813);
#16812 = CARTESIAN_POINT('',(-1.911399841309,0.4375,0.5));
#16813 = VECTOR('',#16814,1.);
#16814 = DIRECTION('',(0.,0.,1.));
#16815 = PCURVE('',#6326,#16816);
#16816 = DEFINITIONAL_REPRESENTATION('',(#16817),#16821);
#16817 = LINE('',#16818,#16819);
#16818 = CARTESIAN_POINT('',(-2.367376724366E-02,-0.2300958773));
#16819 = VECTOR('',#16820,1.);
#16820 = DIRECTION('',(0.,1.));
#16821 = ( GEOMETRIC_REPRESENTATION_CONTEXT(2) 
PARAMETRIC_REPRESENTATION_CONTEXT() REPRESENTATION_CONTEXT('2D SPACE',''
  ) );
#16822 = PCURVE('',#6298,#16823);
#16823 = DEFINITIONAL_REPRESENTATION('',(#16824),#16828);
#16824 = LINE('',#16825,#16826);
#16825 = CARTESIAN_POINT('',(6.348195028326E-02,-0.230095895563));
#16826 = VECTOR('',#16827,1.);
#16827 = DIRECTION('',(0.,1.));
#16828 = ( GEOMETRIC_REPRESENTATION_CONTEXT(2) 
PARAMETRIC_REPRESENTATION_CONTEXT() REPRESENTATION_CONTEXT('2D SPACE',''
  ) );
#16829 = ORIENTED_EDGE('',*,*,#16118,.F.);
#16830 = ORIENTED_EDGE('',*,*,#16782,.T.);
#16831 = ORIENTED_EDGE('',*,*,#6310,.F.);
#16832 = ADVANCED_FACE('',(#16833),#6298,.T.);
#16833 = FACE_BOUND('',#16834,.T.);
#16834 = EDGE_LOOP('',(#16835,#16856,#16857,#16858));
#16835 = ORIENTED_EDGE('',*,*,#16836,.F.);
#16836 = EDGE_CURVE('',#16142,#6255,#16837,.T.);
#16837 = SURFACE_CURVE('',#16838,(#16842,#16849),.PCURVE_S1.);
#16838 = LINE('',#16839,#16840);
#16839 = CARTESIAN_POINT('',(-1.961390256882,0.508893787861,0.5));
#16840 = VECTOR('',#16841,1.);
#16841 = DIRECTION('',(0.,0.,1.));
#16842 = PCURVE('',#6298,#16843);
#16843 = DEFINITIONAL_REPRESENTATION('',(#16844),#16848);
#16844 = LINE('',#16845,#16846);
#16845 = CARTESIAN_POINT('',(-2.367374140866E-02,-0.230095895563));
#16846 = VECTOR('',#16847,1.);
#16847 = DIRECTION('',(0.,1.));
#16848 = ( GEOMETRIC_REPRESENTATION_CONTEXT(2) 
PARAMETRIC_REPRESENTATION_CONTEXT() REPRESENTATION_CONTEXT('2D SPACE',''
  ) );
#16849 = PCURVE('',#6270,#16850);
#16850 = DEFINITIONAL_REPRESENTATION('',(#16851),#16855);
#16851 = LINE('',#16852,#16853);
#16852 = CARTESIAN_POINT('',(6.348197094729E-02,-0.230095889511));
#16853 = VECTOR('',#16854,1.);
#16854 = DIRECTION('',(0.,1.));
#16855 = ( GEOMETRIC_REPRESENTATION_CONTEXT(2) 
PARAMETRIC_REPRESENTATION_CONTEXT() REPRESENTATION_CONTEXT('2D SPACE',''
  ) );
#16856 = ORIENTED_EDGE('',*,*,#16141,.F.);
#16857 = ORIENTED_EDGE('',*,*,#16809,.T.);
#16858 = ORIENTED_EDGE('',*,*,#6282,.F.);
#16859 = ADVANCED_FACE('',(#16860),#6270,.T.);
#16860 = FACE_BOUND('',#16861,.T.);
#16861 = EDGE_LOOP('',(#16862,#16883,#16884,#16885));
#16862 = ORIENTED_EDGE('',*,*,#16863,.F.);
#16863 = EDGE_CURVE('',#16165,#6227,#16864,.T.);
#16864 = SURFACE_CURVE('',#16865,(#16869,#16876),.PCURVE_S1.);
#16865 = LINE('',#16866,#16867);
#16866 = CARTESIAN_POINT('',(-2.023018598557,0.570522248745,0.5));
#16867 = VECTOR('',#16868,1.);
#16868 = DIRECTION('',(0.,0.,1.));
#16869 = PCURVE('',#6270,#16870);
#16870 = DEFINITIONAL_REPRESENTATION('',(#16871),#16875);
#16871 = LINE('',#16872,#16873);
#16872 = CARTESIAN_POINT('',(-2.367374996952E-02,-0.230095889511));
#16873 = VECTOR('',#16874,1.);
#16874 = DIRECTION('',(0.,1.));
#16875 = ( GEOMETRIC_REPRESENTATION_CONTEXT(2) 
PARAMETRIC_REPRESENTATION_CONTEXT() REPRESENTATION_CONTEXT('2D SPACE',''
  ) );
#16876 = PCURVE('',#6242,#16877);
#16877 = DEFINITIONAL_REPRESENTATION('',(#16878),#16882);
#16878 = LINE('',#16879,#16880);
#16879 = CARTESIAN_POINT('',(-6.348207802501E-02,0.230095858153));
#16880 = VECTOR('',#16881,1.);
#16881 = DIRECTION('',(0.,-1.));
#16882 = ( GEOMETRIC_REPRESENTATION_CONTEXT(2) 
PARAMETRIC_REPRESENTATION_CONTEXT() REPRESENTATION_CONTEXT('2D SPACE',''
  ) );
#16883 = ORIENTED_EDGE('',*,*,#16164,.F.);
#16884 = ORIENTED_EDGE('',*,*,#16836,.T.);
#16885 = ORIENTED_EDGE('',*,*,#6254,.F.);
#16886 = ADVANCED_FACE('',(#16887),#6242,.T.);
#16887 = FACE_BOUND('',#16888,.T.);
#16888 = EDGE_LOOP('',(#16889,#16910,#16911,#16912));
#16889 = ORIENTED_EDGE('',*,*,#16890,.F.);
#16890 = EDGE_CURVE('',#16188,#6199,#16891,.T.);
#16891 = SURFACE_CURVE('',#16892,(#16896,#16903),.PCURVE_S1.);
#16892 = LINE('',#16893,#16894);
#16893 = CARTESIAN_POINT('',(-2.094412565231,0.620512723923,0.5));
#16894 = VECTOR('',#16895,1.);
#16895 = DIRECTION('',(0.,0.,1.));
#16896 = PCURVE('',#6242,#16897);
#16897 = DEFINITIONAL_REPRESENTATION('',(#16898),#16902);
#16898 = LINE('',#16899,#16900);
#16899 = CARTESIAN_POINT('',(2.367379433056E-02,0.230095858153));
#16900 = VECTOR('',#16901,1.);
#16901 = DIRECTION('',(0.,-1.));
#16902 = ( GEOMETRIC_REPRESENTATION_CONTEXT(2) 
PARAMETRIC_REPRESENTATION_CONTEXT() REPRESENTATION_CONTEXT('2D SPACE',''
  ) );
#16903 = PCURVE('',#6214,#16904);
#16904 = DEFINITIONAL_REPRESENTATION('',(#16905),#16909);
#16905 = LINE('',#16906,#16907);
#16906 = CARTESIAN_POINT('',(-6.348201393017E-02,0.230095876923));
#16907 = VECTOR('',#16908,1.);
#16908 = DIRECTION('',(0.,-1.));
#16909 = ( GEOMETRIC_REPRESENTATION_CONTEXT(2) 
PARAMETRIC_REPRESENTATION_CONTEXT() REPRESENTATION_CONTEXT('2D SPACE',''
  ) );
#16910 = ORIENTED_EDGE('',*,*,#16187,.F.);
#16911 = ORIENTED_EDGE('',*,*,#16863,.T.);
#16912 = ORIENTED_EDGE('',*,*,#6226,.F.);
#16913 = ADVANCED_FACE('',(#16914),#6214,.T.);
#16914 = FACE_BOUND('',#16915,.T.);
#16915 = EDGE_LOOP('',(#16916,#16937,#16938,#16939));
#16916 = ORIENTED_EDGE('',*,*,#16917,.F.);
#16917 = EDGE_CURVE('',#16211,#6171,#16918,.T.);
#16918 = SURFACE_CURVE('',#16919,(#16923,#16930),.PCURVE_S1.);
#16919 = LINE('',#16920,#16921);
#16920 = CARTESIAN_POINT('',(-2.173402547836,0.657346308231,0.5));
#16921 = VECTOR('',#16922,1.);
#16922 = DIRECTION('',(0.,0.,1.));
#16923 = PCURVE('',#6214,#16924);
#16924 = DEFINITIONAL_REPRESENTATION('',(#16925),#16929);
#16925 = LINE('',#16926,#16927);
#16926 = CARTESIAN_POINT('',(2.367376777682E-02,0.230095876923));
#16927 = VECTOR('',#16928,1.);
#16928 = DIRECTION('',(0.,-1.));
#16929 = ( GEOMETRIC_REPRESENTATION_CONTEXT(2) 
PARAMETRIC_REPRESENTATION_CONTEXT() REPRESENTATION_CONTEXT('2D SPACE',''
  ) );
#16930 = PCURVE('',#6186,#16931);
#16931 = DEFINITIONAL_REPRESENTATION('',(#16932),#16936);
#16932 = LINE('',#16933,#16934);
#16933 = CARTESIAN_POINT('',(-6.348189711803E-02,0.230095911132));
#16934 = VECTOR('',#16935,1.);
#16935 = DIRECTION('',(0.,-1.));
#16936 = ( GEOMETRIC_REPRESENTATION_CONTEXT(2) 
PARAMETRIC_REPRESENTATION_CONTEXT() REPRESENTATION_CONTEXT('2D SPACE',''
  ) );
#16937 = ORIENTED_EDGE('',*,*,#16210,.F.);
#16938 = ORIENTED_EDGE('',*,*,#16890,.T.);
#16939 = ORIENTED_EDGE('',*,*,#6198,.F.);
#16940 = ADVANCED_FACE('',(#16941),#6186,.T.);
#16941 = FACE_BOUND('',#16942,.T.);
#16942 = EDGE_LOOP('',(#16943,#16964,#16965,#16966));
#16943 = ORIENTED_EDGE('',*,*,#16944,.F.);
#16944 = EDGE_CURVE('',#16234,#6143,#16945,.T.);
#16945 = SURFACE_CURVE('',#16946,(#16950,#16957),.PCURVE_S1.);
#16946 = LINE('',#16947,#16948);
#16947 = CARTESIAN_POINT('',(-2.257588386536,0.679903924465,0.5));
#16948 = VECTOR('',#16949,1.);
#16949 = DIRECTION('',(0.,0.,1.));
#16950 = PCURVE('',#6186,#16951);
#16951 = DEFINITIONAL_REPRESENTATION('',(#16952),#16956);
#16952 = LINE('',#16953,#16954);
#16953 = CARTESIAN_POINT('',(2.367371938294E-02,0.230095911132));
#16954 = VECTOR('',#16955,1.);
#16955 = DIRECTION('',(0.,-1.));
#16956 = ( GEOMETRIC_REPRESENTATION_CONTEXT(2) 
PARAMETRIC_REPRESENTATION_CONTEXT() REPRESENTATION_CONTEXT('2D SPACE',''
  ) );
#16957 = PCURVE('',#6158,#16958);
#16958 = DEFINITIONAL_REPRESENTATION('',(#16959),#16963);
#16959 = LINE('',#16960,#16961);
#16960 = CARTESIAN_POINT('',(-6.348204672478E-02,0.230095867319));
#16961 = VECTOR('',#16962,1.);
#16962 = DIRECTION('',(0.,-1.));
#16963 = ( GEOMETRIC_REPRESENTATION_CONTEXT(2) 
PARAMETRIC_REPRESENTATION_CONTEXT() REPRESENTATION_CONTEXT('2D SPACE',''
  ) );
#16964 = ORIENTED_EDGE('',*,*,#16233,.F.);
#16965 = ORIENTED_EDGE('',*,*,#16917,.T.);
#16966 = ORIENTED_EDGE('',*,*,#6170,.F.);
#16967 = ADVANCED_FACE('',(#16968),#6158,.T.);
#16968 = FACE_BOUND('',#16969,.T.);
#16969 = EDGE_LOOP('',(#16970,#16991,#16992,#16993));
#16970 = ORIENTED_EDGE('',*,*,#16971,.T.);
#16971 = EDGE_CURVE('',#6115,#16257,#16972,.T.);
#16972 = SURFACE_CURVE('',#16973,(#16977,#16984),.PCURVE_S1.);
#16973 = LINE('',#16974,#16975);
#16974 = CARTESIAN_POINT('',(-2.344412565231,0.6875,1.));
#16975 = VECTOR('',#16976,1.);
#16976 = DIRECTION('',(0.,0.,-1.));
#16977 = PCURVE('',#6158,#16978);
#16978 = DEFINITIONAL_REPRESENTATION('',(#16979),#16983);
#16979 = LINE('',#16980,#16981);
#16980 = CARTESIAN_POINT('',(2.367378136325E-02,-0.269904132681));
#16981 = VECTOR('',#16982,1.);
#16982 = DIRECTION('',(0.,1.));
#16983 = ( GEOMETRIC_REPRESENTATION_CONTEXT(2) 
PARAMETRIC_REPRESENTATION_CONTEXT() REPRESENTATION_CONTEXT('2D SPACE',''
  ) );
#16984 = PCURVE('',#6130,#16985);
#16985 = DEFINITIONAL_REPRESENTATION('',(#16986),#16990);
#16986 = LINE('',#16987,#16988);
#16987 = CARTESIAN_POINT('',(-0.28298480571,0.110778523094));
#16988 = VECTOR('',#16989,1.);
#16989 = DIRECTION('',(1.,0.));
#16990 = ( GEOMETRIC_REPRESENTATION_CONTEXT(2) 
PARAMETRIC_REPRESENTATION_CONTEXT() REPRESENTATION_CONTEXT('2D SPACE',''
  ) );
#16991 = ORIENTED_EDGE('',*,*,#16256,.F.);
#16992 = ORIENTED_EDGE('',*,*,#16944,.T.);
#16993 = ORIENTED_EDGE('',*,*,#6142,.F.);
#16994 = ADVANCED_FACE('',(#16995),#6130,.T.);
#16995 = FACE_BOUND('',#16996,.T.);
#16996 = EDGE_LOOP('',(#16997,#17018,#17019,#17020));
#16997 = ORIENTED_EDGE('',*,*,#16998,.F.);
#16998 = EDGE_CURVE('',#16280,#6087,#16999,.T.);
#16999 = SURFACE_CURVE('',#17000,(#17004,#17011),.PCURVE_S1.);
#17000 = LINE('',#17001,#17002);
#17001 = CARTESIAN_POINT('',(-2.5,0.6875,0.5));
#17002 = VECTOR('',#17003,1.);
#17003 = DIRECTION('',(0.,0.,1.));
#17004 = PCURVE('',#6130,#17005);
#17005 = DEFINITIONAL_REPRESENTATION('',(#17006),#17010);
#17006 = LINE('',#17007,#17008);
#17007 = CARTESIAN_POINT('',(0.21701519429,-4.480891167477E-02));
#17008 = VECTOR('',#17009,1.);
#17009 = DIRECTION('',(-1.,0.));
#17010 = ( GEOMETRIC_REPRESENTATION_CONTEXT(2) 
PARAMETRIC_REPRESENTATION_CONTEXT() REPRESENTATION_CONTEXT('2D SPACE',''
  ) );
#17011 = PCURVE('',#6102,#17012);
#17012 = DEFINITIONAL_REPRESENTATION('',(#17013),#17017);
#17013 = LINE('',#17014,#17015);
#17014 = CARTESIAN_POINT('',(-8.333333333333E-02,-0.831062505643));
#17015 = VECTOR('',#17016,1.);
#17016 = DIRECTION('',(1.,0.));
#17017 = ( GEOMETRIC_REPRESENTATION_CONTEXT(2) 
PARAMETRIC_REPRESENTATION_CONTEXT() REPRESENTATION_CONTEXT('2D SPACE',''
  ) );
#17018 = ORIENTED_EDGE('',*,*,#16279,.F.);
#17019 = ORIENTED_EDGE('',*,*,#16971,.F.);
#17020 = ORIENTED_EDGE('',*,*,#6114,.F.);
#17021 = ADVANCED_FACE('',(#17022),#6102,.F.);
#17022 = FACE_BOUND('',#17023,.T.);
#17023 = EDGE_LOOP('',(#17024,#17025,#17045,#17046,#17047,#17048,#17049,
    #17050));
#17024 = ORIENTED_EDGE('',*,*,#6086,.F.);
#17025 = ORIENTED_EDGE('',*,*,#17026,.T.);
#17026 = EDGE_CURVE('',#6059,#7667,#17027,.T.);
#17027 = SURFACE_CURVE('',#17028,(#17032,#17039),.PCURVE_S1.);
#17028 = LINE('',#17029,#17030);
#17029 = CARTESIAN_POINT('',(-2.5,1.25,1.));
#17030 = VECTOR('',#17031,1.);
#17031 = DIRECTION('',(0.,0.,-1.));
#17032 = PCURVE('',#6102,#17033);
#17033 = DEFINITIONAL_REPRESENTATION('',(#17034),#17038);
#17034 = LINE('',#17035,#17036);
#17035 = CARTESIAN_POINT('',(0.416666666667,-1.393562505643));
#17036 = VECTOR('',#17037,1.);
#17037 = DIRECTION('',(-1.,0.));
#17038 = ( GEOMETRIC_REPRESENTATION_CONTEXT(2) 
PARAMETRIC_REPRESENTATION_CONTEXT() REPRESENTATION_CONTEXT('2D SPACE',''
  ) );
#17039 = PCURVE('',#6074,#17040);
#17040 = DEFINITIONAL_REPRESENTATION('',(#17041),#17044);
#17041 = B_SPLINE_CURVE_WITH_KNOTS('',1,(#17042,#17043),.UNSPECIFIED.,
  .F.,.F.,(2,2),(0.,1.),.PIECEWISE_BEZIER_KNOTS.);
#17042 = CARTESIAN_POINT('',(-0.490000001192,-2.095130001903));
#17043 = CARTESIAN_POINT('',(0.509999998808,-2.095130001903));
#17044 = ( GEOMETRIC_REPRESENTATION_CONTEXT(2) 
PARAMETRIC_REPRESENTATION_CONTEXT() REPRESENTATION_CONTEXT('2D SPACE',''
  ) );
#17045 = ORIENTED_EDGE('',*,*,#7666,.T.);
#17046 = ORIENTED_EDGE('',*,*,#15791,.T.);
#17047 = ORIENTED_EDGE('',*,*,#6702,.F.);
#17048 = ORIENTED_EDGE('',*,*,#15955,.T.);
#17049 = ORIENTED_EDGE('',*,*,#16302,.T.);
#17050 = ORIENTED_EDGE('',*,*,#16998,.T.);
#17051 = ADVANCED_FACE('',(#17052,#17078),#6074,.F.);
#17052 = FACE_BOUND('',#17053,.T.);
#17053 = EDGE_LOOP('',(#17054,#17055,#17056,#17076,#17077));
#17054 = ORIENTED_EDGE('',*,*,#17026,.F.);
#17055 = ORIENTED_EDGE('',*,*,#6058,.F.);
#17056 = ORIENTED_EDGE('',*,*,#17057,.F.);
#17057 = EDGE_CURVE('',#8583,#6031,#17058,.T.);
#17058 = SURFACE_CURVE('',#17059,(#17063,#17069),.PCURVE_S1.);
#17059 = LINE('',#17060,#17061);
#17060 = CARTESIAN_POINT('',(2.5,1.25,0.5));
#17061 = VECTOR('',#17062,1.);
#17062 = DIRECTION('',(0.,0.,1.));
#17063 = PCURVE('',#6074,#17064);
#17064 = DEFINITIONAL_REPRESENTATION('',(#17065),#17068);
#17065 = B_SPLINE_CURVE_WITH_KNOTS('',1,(#17066,#17067),.UNSPECIFIED.,
  .F.,.F.,(2,2),(0.,0.5),.PIECEWISE_BEZIER_KNOTS.);
#17066 = CARTESIAN_POINT('',(9.999998807907E-03,2.904869998097));
#17067 = CARTESIAN_POINT('',(-0.490000001192,2.904869998097));
#17068 = ( GEOMETRIC_REPRESENTATION_CONTEXT(2) 
PARAMETRIC_REPRESENTATION_CONTEXT() REPRESENTATION_CONTEXT('2D SPACE',''
  ) );
#17069 = PCURVE('',#6046,#17070);
#17070 = DEFINITIONAL_REPRESENTATION('',(#17071),#17075);
#17071 = LINE('',#17072,#17073);
#17072 = CARTESIAN_POINT('',(-0.321428571429,-1.28212370617));
#17073 = VECTOR('',#17074,1.);
#17074 = DIRECTION('',(1.,0.));
#17075 = ( GEOMETRIC_REPRESENTATION_CONTEXT(2) 
PARAMETRIC_REPRESENTATION_CONTEXT() REPRESENTATION_CONTEXT('2D SPACE',''
  ) );
#17076 = ORIENTED_EDGE('',*,*,#8582,.T.);
#17077 = ORIENTED_EDGE('',*,*,#7691,.T.);
#17078 = FACE_BOUND('',#17079,.F.);
#17079 = EDGE_LOOP('',(#17080));
#17080 = ORIENTED_EDGE('',*,*,#15896,.T.);
#17081 = ADVANCED_FACE('',(#17082),#6046,.T.);
#17082 = FACE_BOUND('',#17083,.T.);
#17083 = EDGE_LOOP('',(#17084,#17085,#17086,#17087,#17108,#17109,#17110,
    #17111,#17112,#17113,#17114,#17115));
#17084 = ORIENTED_EDGE('',*,*,#8604,.T.);
#17085 = ORIENTED_EDGE('',*,*,#17057,.T.);
#17086 = ORIENTED_EDGE('',*,*,#6030,.F.);
#17087 = ORIENTED_EDGE('',*,*,#17088,.T.);
#17088 = EDGE_CURVE('',#6003,#9145,#17089,.T.);
#17089 = SURFACE_CURVE('',#17090,(#17094,#17101),.PCURVE_S1.);
#17090 = LINE('',#17091,#17092);
#17091 = CARTESIAN_POINT('',(2.5,0.6875,1.));
#17092 = VECTOR('',#17093,1.);
#17093 = DIRECTION('',(0.,0.,-1.));
#17094 = PCURVE('',#6046,#17095);
#17095 = DEFINITIONAL_REPRESENTATION('',(#17096),#17100);
#17096 = LINE('',#17097,#17098);
#17097 = CARTESIAN_POINT('',(0.178571428571,-0.71962370617));
#17098 = VECTOR('',#17099,1.);
#17099 = DIRECTION('',(-1.,0.));
#17100 = ( GEOMETRIC_REPRESENTATION_CONTEXT(2) 
PARAMETRIC_REPRESENTATION_CONTEXT() REPRESENTATION_CONTEXT('2D SPACE',''
  ) );
#17101 = PCURVE('',#6018,#17102);
#17102 = DEFINITIONAL_REPRESENTATION('',(#17103),#17107);
#17103 = LINE('',#17104,#17105);
#17104 = CARTESIAN_POINT('',(-5.567657777337E-02,0.202769516197));
#17105 = VECTOR('',#17106,1.);
#17106 = DIRECTION('',(1.,0.));
#17107 = ( GEOMETRIC_REPRESENTATION_CONTEXT(2) 
PARAMETRIC_REPRESENTATION_CONTEXT() REPRESENTATION_CONTEXT('2D SPACE',''
  ) );
#17108 = ORIENTED_EDGE('',*,*,#9144,.T.);
#17109 = ORIENTED_EDGE('',*,*,#15493,.T.);
#17110 = ORIENTED_EDGE('',*,*,#12741,.T.);
#17111 = ORIENTED_EDGE('',*,*,#15466,.T.);
#17112 = ORIENTED_EDGE('',*,*,#9625,.T.);
#17113 = ORIENTED_EDGE('',*,*,#15763,.T.);
#17114 = ORIENTED_EDGE('',*,*,#6753,.F.);
#17115 = ORIENTED_EDGE('',*,*,#15813,.F.);
#17116 = ADVANCED_FACE('',(#17117),#6018,.T.);
#17117 = FACE_BOUND('',#17118,.T.);
#17118 = EDGE_LOOP('',(#17119,#17120,#17121,#17142));
#17119 = ORIENTED_EDGE('',*,*,#17088,.F.);
#17120 = ORIENTED_EDGE('',*,*,#6002,.F.);
#17121 = ORIENTED_EDGE('',*,*,#17122,.T.);
#17122 = EDGE_CURVE('',#5975,#9167,#17123,.T.);
#17123 = SURFACE_CURVE('',#17124,(#17128,#17135),.PCURVE_S1.);
#17124 = LINE('',#17125,#17126);
#17125 = CARTESIAN_POINT('',(2.018314123154,0.6875,1.));
#17126 = VECTOR('',#17127,1.);
#17127 = DIRECTION('',(0.,0.,-1.));
#17128 = PCURVE('',#6018,#17129);
#17129 = DEFINITIONAL_REPRESENTATION('',(#17130),#17134);
#17130 = LINE('',#17131,#17132);
#17131 = CARTESIAN_POINT('',(-5.567657777337E-02,-0.27891636065));
#17132 = VECTOR('',#17133,1.);
#17133 = DIRECTION('',(1.,0.));
#17134 = ( GEOMETRIC_REPRESENTATION_CONTEXT(2) 
PARAMETRIC_REPRESENTATION_CONTEXT() REPRESENTATION_CONTEXT('2D SPACE',''
  ) );
#17135 = PCURVE('',#5990,#17136);
#17136 = DEFINITIONAL_REPRESENTATION('',(#17137),#17141);
#17137 = LINE('',#17138,#17139);
#17138 = CARTESIAN_POINT('',(-5.762701277036E-03,-8.861819112903E-02));
#17139 = VECTOR('',#17140,1.);
#17140 = DIRECTION('',(-0.,1.));
#17141 = ( GEOMETRIC_REPRESENTATION_CONTEXT(2) 
PARAMETRIC_REPRESENTATION_CONTEXT() REPRESENTATION_CONTEXT('2D SPACE',''
  ) );
#17142 = ORIENTED_EDGE('',*,*,#9166,.F.);
#17143 = ADVANCED_FACE('',(#17144),#5990,.T.);
#17144 = FACE_BOUND('',#17145,.T.);
#17145 = EDGE_LOOP('',(#17146,#17147,#17148,#17169));
#17146 = ORIENTED_EDGE('',*,*,#17122,.F.);
#17147 = ORIENTED_EDGE('',*,*,#5974,.F.);
#17148 = ORIENTED_EDGE('',*,*,#17149,.T.);
#17149 = EDGE_CURVE('',#5947,#9190,#17150,.T.);
#17150 = SURFACE_CURVE('',#17151,(#17155,#17162),.PCURVE_S1.);
#17151 = LINE('',#17152,#17153);
#17152 = CARTESIAN_POINT('',(1.996608018875,0.685600936413,1.));
#17153 = VECTOR('',#17154,1.);
#17154 = DIRECTION('',(0.,0.,-1.));
#17155 = PCURVE('',#5990,#17156);
#17156 = DEFINITIONAL_REPRESENTATION('',(#17157),#17161);
#17157 = LINE('',#17158,#17159);
#17158 = CARTESIAN_POINT('',(1.602631901898E-02,-8.861819112903E-02));
#17159 = VECTOR('',#17160,1.);
#17160 = DIRECTION('',(-0.,1.));
#17161 = ( GEOMETRIC_REPRESENTATION_CONTEXT(2) 
PARAMETRIC_REPRESENTATION_CONTEXT() REPRESENTATION_CONTEXT('2D SPACE',''
  ) );
#17162 = PCURVE('',#5962,#17163);
#17163 = DEFINITIONAL_REPRESENTATION('',(#17164),#17168);
#17164 = LINE('',#17165,#17166);
#17165 = CARTESIAN_POINT('',(-1.602627119967E-02,-9.888179420692E-02));
#17166 = VECTOR('',#17167,1.);
#17167 = DIRECTION('',(-0.,1.));
#17168 = ( GEOMETRIC_REPRESENTATION_CONTEXT(2) 
PARAMETRIC_REPRESENTATION_CONTEXT() REPRESENTATION_CONTEXT('2D SPACE',''
  ) );
#17169 = ORIENTED_EDGE('',*,*,#9189,.F.);
#17170 = ADVANCED_FACE('',(#17171),#5962,.T.);
#17171 = FACE_BOUND('',#17172,.T.);
#17172 = EDGE_LOOP('',(#17173,#17194,#17195,#17196));
#17173 = ORIENTED_EDGE('',*,*,#17174,.T.);
#17174 = EDGE_CURVE('',#5919,#9213,#17175,.T.);
#17175 = SURFACE_CURVE('',#17176,(#17180,#17187),.PCURVE_S1.);
#17176 = LINE('',#17177,#17178);
#17177 = CARTESIAN_POINT('',(1.975561499596,0.679961562157,1.));
#17178 = VECTOR('',#17179,1.);
#17179 = DIRECTION('',(0.,0.,-1.));
#17180 = PCURVE('',#5962,#17181);
#17181 = DEFINITIONAL_REPRESENTATION('',(#17182),#17186);
#17182 = LINE('',#17183,#17184);
#17183 = CARTESIAN_POINT('',(5.762682785832E-03,-9.888179420692E-02));
#17184 = VECTOR('',#17185,1.);
#17185 = DIRECTION('',(-0.,1.));
#17186 = ( GEOMETRIC_REPRESENTATION_CONTEXT(2) 
PARAMETRIC_REPRESENTATION_CONTEXT() REPRESENTATION_CONTEXT('2D SPACE',''
  ) );
#17187 = PCURVE('',#5934,#17188);
#17188 = DEFINITIONAL_REPRESENTATION('',(#17189),#17193);
#17189 = LINE('',#17190,#17191);
#17190 = CARTESIAN_POINT('',(-1.602618257376E-02,-9.888176702929E-02));
#17191 = VECTOR('',#17192,1.);
#17192 = DIRECTION('',(-0.,1.));
#17193 = ( GEOMETRIC_REPRESENTATION_CONTEXT(2) 
PARAMETRIC_REPRESENTATION_CONTEXT() REPRESENTATION_CONTEXT('2D SPACE',''
  ) );
#17194 = ORIENTED_EDGE('',*,*,#9212,.F.);
#17195 = ORIENTED_EDGE('',*,*,#17149,.F.);
#17196 = ORIENTED_EDGE('',*,*,#5946,.F.);
#17197 = ADVANCED_FACE('',(#17198),#5934,.T.);
#17198 = FACE_BOUND('',#17199,.T.);
#17199 = EDGE_LOOP('',(#17200,#17221,#17222,#17223));
#17200 = ORIENTED_EDGE('',*,*,#17201,.T.);
#17201 = EDGE_CURVE('',#5891,#9236,#17202,.T.);
#17202 = SURFACE_CURVE('',#17203,(#17207,#17214),.PCURVE_S1.);
#17203 = LINE('',#17204,#17205);
#17204 = CARTESIAN_POINT('',(1.955814123154,0.670753180981,1.));
#17205 = VECTOR('',#17206,1.);
#17206 = DIRECTION('',(0.,0.,-1.));
#17207 = PCURVE('',#5934,#17208);
#17208 = DEFINITIONAL_REPRESENTATION('',(#17209),#17213);
#17209 = LINE('',#17210,#17211);
#17210 = CARTESIAN_POINT('',(5.762648515187E-03,-9.888176702929E-02));
#17211 = VECTOR('',#17212,1.);
#17212 = DIRECTION('',(-0.,1.));
#17213 = ( GEOMETRIC_REPRESENTATION_CONTEXT(2) 
PARAMETRIC_REPRESENTATION_CONTEXT() REPRESENTATION_CONTEXT('2D SPACE',''
  ) );
#17214 = PCURVE('',#5906,#17215);
#17215 = DEFINITIONAL_REPRESENTATION('',(#17216),#17220);
#17216 = LINE('',#17217,#17218);
#17217 = CARTESIAN_POINT('',(-5.762711565969E-03,-8.861818296961E-02));
#17218 = VECTOR('',#17219,1.);
#17219 = DIRECTION('',(-0.,1.));
#17220 = ( GEOMETRIC_REPRESENTATION_CONTEXT(2) 
PARAMETRIC_REPRESENTATION_CONTEXT() REPRESENTATION_CONTEXT('2D SPACE',''
  ) );
#17221 = ORIENTED_EDGE('',*,*,#9235,.F.);
#17222 = ORIENTED_EDGE('',*,*,#17174,.F.);
#17223 = ORIENTED_EDGE('',*,*,#5918,.F.);
#17224 = ADVANCED_FACE('',(#17225),#5906,.T.);
#17225 = FACE_BOUND('',#17226,.T.);
#17226 = EDGE_LOOP('',(#17227,#17228,#17229,#17250));
#17227 = ORIENTED_EDGE('',*,*,#17201,.F.);
#17228 = ORIENTED_EDGE('',*,*,#5890,.F.);
#17229 = ORIENTED_EDGE('',*,*,#17230,.T.);
#17230 = EDGE_CURVE('',#5863,#9259,#17231,.T.);
#17231 = SURFACE_CURVE('',#17232,(#17236,#17243),.PCURVE_S1.);
#17232 = LINE('',#17233,#17234);
#17233 = CARTESIAN_POINT('',(1.937965512276,0.658255577087,1.));
#17234 = VECTOR('',#17235,1.);
#17235 = DIRECTION('',(0.,0.,-1.));
#17236 = PCURVE('',#5906,#17237);
#17237 = DEFINITIONAL_REPRESENTATION('',(#17238),#17242);
#17238 = LINE('',#17239,#17240);
#17239 = CARTESIAN_POINT('',(1.602634562674E-02,-8.861818296961E-02));
#17240 = VECTOR('',#17241,1.);
#17241 = DIRECTION('',(-0.,1.));
#17242 = ( GEOMETRIC_REPRESENTATION_CONTEXT(2) 
PARAMETRIC_REPRESENTATION_CONTEXT() REPRESENTATION_CONTEXT('2D SPACE',''
  ) );
#17243 = PCURVE('',#5878,#17244);
#17244 = DEFINITIONAL_REPRESENTATION('',(#17245),#17249);
#17245 = LINE('',#17246,#17247);
#17246 = CARTESIAN_POINT('',(5.762646778821E-03,8.86182343477E-02));
#17247 = VECTOR('',#17248,1.);
#17248 = DIRECTION('',(0.,-1.));
#17249 = ( GEOMETRIC_REPRESENTATION_CONTEXT(2) 
PARAMETRIC_REPRESENTATION_CONTEXT() REPRESENTATION_CONTEXT('2D SPACE',''
  ) );
#17250 = ORIENTED_EDGE('',*,*,#9258,.F.);
#17251 = ADVANCED_FACE('',(#17252),#5878,.T.);
#17252 = FACE_BOUND('',#17253,.T.);
#17253 = EDGE_LOOP('',(#17254,#17255,#17256,#17277));
#17254 = ORIENTED_EDGE('',*,*,#17230,.F.);
#17255 = ORIENTED_EDGE('',*,*,#5862,.F.);
#17256 = ORIENTED_EDGE('',*,*,#17257,.T.);
#17257 = EDGE_CURVE('',#5835,#9282,#17258,.T.);
#17258 = SURFACE_CURVE('',#17259,(#17263,#17270),.PCURVE_S1.);
#17259 = LINE('',#17260,#17261);
#17260 = CARTESIAN_POINT('',(1.922558546066,0.642848491669,1.));
#17261 = VECTOR('',#17262,1.);
#17262 = DIRECTION('',(0.,0.,-1.));
#17263 = PCURVE('',#5878,#17264);
#17264 = DEFINITIONAL_REPRESENTATION('',(#17265),#17269);
#17265 = LINE('',#17266,#17267);
#17266 = CARTESIAN_POINT('',(-1.602617808341E-02,8.86182343477E-02));
#17267 = VECTOR('',#17268,1.);
#17268 = DIRECTION('',(0.,-1.));
#17269 = ( GEOMETRIC_REPRESENTATION_CONTEXT(2) 
PARAMETRIC_REPRESENTATION_CONTEXT() REPRESENTATION_CONTEXT('2D SPACE',''
  ) );
#17270 = PCURVE('',#5850,#17271);
#17271 = DEFINITIONAL_REPRESENTATION('',(#17272),#17276);
#17272 = LINE('',#17273,#17274);
#17273 = CARTESIAN_POINT('',(5.762693868825E-03,8.861819700395E-02));
#17274 = VECTOR('',#17275,1.);
#17275 = DIRECTION('',(0.,-1.));
#17276 = ( GEOMETRIC_REPRESENTATION_CONTEXT(2) 
PARAMETRIC_REPRESENTATION_CONTEXT() REPRESENTATION_CONTEXT('2D SPACE',''
  ) );
#17277 = ORIENTED_EDGE('',*,*,#9281,.F.);
#17278 = ADVANCED_FACE('',(#17279),#5850,.T.);
#17279 = FACE_BOUND('',#17280,.T.);
#17280 = EDGE_LOOP('',(#17281,#17282,#17283,#17304));
#17281 = ORIENTED_EDGE('',*,*,#17257,.F.);
#17282 = ORIENTED_EDGE('',*,*,#5834,.F.);
#17283 = ORIENTED_EDGE('',*,*,#17284,.T.);
#17284 = EDGE_CURVE('',#5807,#9305,#17285,.T.);
#17285 = SURFACE_CURVE('',#17286,(#17290,#17297),.PCURVE_S1.);
#17286 = LINE('',#17287,#17288);
#17287 = CARTESIAN_POINT('',(1.910060882568,0.625,1.));
#17288 = VECTOR('',#17289,1.);
#17289 = DIRECTION('',(0.,0.,-1.));
#17290 = PCURVE('',#5850,#17291);
#17291 = DEFINITIONAL_REPRESENTATION('',(#17292),#17296);
#17292 = LINE('',#17293,#17294);
#17293 = CARTESIAN_POINT('',(-1.602629986092E-02,8.861819700395E-02));
#17294 = VECTOR('',#17295,1.);
#17295 = DIRECTION('',(0.,-1.));
#17296 = ( GEOMETRIC_REPRESENTATION_CONTEXT(2) 
PARAMETRIC_REPRESENTATION_CONTEXT() REPRESENTATION_CONTEXT('2D SPACE',''
  ) );
#17297 = PCURVE('',#5822,#17298);
#17298 = DEFINITIONAL_REPRESENTATION('',(#17299),#17303);
#17299 = LINE('',#17300,#17301);
#17300 = CARTESIAN_POINT('',(1.602620336444E-02,9.888177340486E-02));
#17301 = VECTOR('',#17302,1.);
#17302 = DIRECTION('',(0.,-1.));
#17303 = ( GEOMETRIC_REPRESENTATION_CONTEXT(2) 
PARAMETRIC_REPRESENTATION_CONTEXT() REPRESENTATION_CONTEXT('2D SPACE',''
  ) );
#17304 = ORIENTED_EDGE('',*,*,#9304,.F.);
#17305 = ADVANCED_FACE('',(#17306),#5822,.T.);
#17306 = FACE_BOUND('',#17307,.T.);
#17307 = EDGE_LOOP('',(#17308,#17329,#17330,#17331));
#17308 = ORIENTED_EDGE('',*,*,#17309,.T.);
#17309 = EDGE_CURVE('',#5779,#9328,#17310,.T.);
#17310 = SURFACE_CURVE('',#17311,(#17315,#17322),.PCURVE_S1.);
#17311 = LINE('',#17312,#17313);
#17312 = CARTESIAN_POINT('',(1.900852560997,0.605252563953,1.));
#17313 = VECTOR('',#17314,1.);
#17314 = DIRECTION('',(0.,0.,-1.));
#17315 = PCURVE('',#5822,#17316);
#17316 = DEFINITIONAL_REPRESENTATION('',(#17317),#17321);
#17317 = LINE('',#17318,#17319);
#17318 = CARTESIAN_POINT('',(-5.762656554706E-03,9.888177340486E-02));
#17319 = VECTOR('',#17320,1.);
#17320 = DIRECTION('',(0.,-1.));
#17321 = ( GEOMETRIC_REPRESENTATION_CONTEXT(2) 
PARAMETRIC_REPRESENTATION_CONTEXT() REPRESENTATION_CONTEXT('2D SPACE',''
  ) );
#17322 = PCURVE('',#5794,#17323);
#17323 = DEFINITIONAL_REPRESENTATION('',(#17324),#17328);
#17324 = LINE('',#17325,#17326);
#17325 = CARTESIAN_POINT('',(1.602628232461E-02,9.888179761844E-02));
#17326 = VECTOR('',#17327,1.);
#17327 = DIRECTION('',(0.,-1.));
#17328 = ( GEOMETRIC_REPRESENTATION_CONTEXT(2) 
PARAMETRIC_REPRESENTATION_CONTEXT() REPRESENTATION_CONTEXT('2D SPACE',''
  ) );
#17329 = ORIENTED_EDGE('',*,*,#9327,.F.);
#17330 = ORIENTED_EDGE('',*,*,#17284,.F.);
#17331 = ORIENTED_EDGE('',*,*,#5806,.F.);
#17332 = ADVANCED_FACE('',(#17333),#5794,.T.);
#17333 = FACE_BOUND('',#17334,.T.);
#17334 = EDGE_LOOP('',(#17335,#17356,#17357,#17358));
#17335 = ORIENTED_EDGE('',*,*,#17336,.F.);
#17336 = EDGE_CURVE('',#9351,#5751,#17337,.T.);
#17337 = SURFACE_CURVE('',#17338,(#17342,#17349),.PCURVE_S1.);
#17338 = LINE('',#17339,#17340);
#17339 = CARTESIAN_POINT('',(1.895213127136,0.584206044674,0.8125));
#17340 = VECTOR('',#17341,1.);
#17341 = DIRECTION('',(0.,0.,1.));
#17342 = PCURVE('',#5794,#17343);
#17343 = DEFINITIONAL_REPRESENTATION('',(#17344),#17348);
#17344 = LINE('',#17345,#17346);
#17345 = CARTESIAN_POINT('',(-5.762687087725E-03,-8.861820238156E-02));
#17346 = VECTOR('',#17347,1.);
#17347 = DIRECTION('',(0.,1.));
#17348 = ( GEOMETRIC_REPRESENTATION_CONTEXT(2) 
PARAMETRIC_REPRESENTATION_CONTEXT() REPRESENTATION_CONTEXT('2D SPACE',''
  ) );
#17349 = PCURVE('',#5766,#17350);
#17350 = DEFINITIONAL_REPRESENTATION('',(#17351),#17355);
#17351 = LINE('',#17352,#17353);
#17352 = CARTESIAN_POINT('',(5.762683270431E-03,-9.888179459122E-02));
#17353 = VECTOR('',#17354,1.);
#17354 = DIRECTION('',(0.,1.));
#17355 = ( GEOMETRIC_REPRESENTATION_CONTEXT(2) 
PARAMETRIC_REPRESENTATION_CONTEXT() REPRESENTATION_CONTEXT('2D SPACE',''
  ) );
#17356 = ORIENTED_EDGE('',*,*,#9350,.F.);
#17357 = ORIENTED_EDGE('',*,*,#17309,.F.);
#17358 = ORIENTED_EDGE('',*,*,#5778,.F.);
#17359 = ADVANCED_FACE('',(#17360),#5766,.T.);
#17360 = FACE_BOUND('',#17361,.T.);
#17361 = EDGE_LOOP('',(#17362,#17363,#17364,#17365));
#17362 = ORIENTED_EDGE('',*,*,#17336,.T.);
#17363 = ORIENTED_EDGE('',*,*,#5748,.F.);
#17364 = ORIENTED_EDGE('',*,*,#9038,.T.);
#17365 = ORIENTED_EDGE('',*,*,#9373,.F.);
#17366 = ADVANCED_FACE('',(#17367),#1606,.F.);
#17367 = FACE_BOUND('',#17368,.T.);
#17368 = EDGE_LOOP('',(#17369,#17370,#17371,#17372));
#17369 = ORIENTED_EDGE('',*,*,#7084,.F.);
#17370 = ORIENTED_EDGE('',*,*,#5675,.F.);
#17371 = ORIENTED_EDGE('',*,*,#1591,.T.);
#17372 = ORIENTED_EDGE('',*,*,#17373,.F.);
#17373 = EDGE_CURVE('',#7085,#1565,#17374,.T.);
#17374 = SURFACE_CURVE('',#17375,(#17379,#17385),.PCURVE_S1.);
#17375 = LINE('',#17376,#17377);
#17376 = CARTESIAN_POINT('',(1.,0.625,1.));
#17377 = VECTOR('',#17378,1.);
#17378 = DIRECTION('',(0.,0.,1.));
#17379 = PCURVE('',#1606,#17380);
#17380 = DEFINITIONAL_REPRESENTATION('',(#17381),#17384);
#17381 = B_SPLINE_CURVE_WITH_KNOTS('',1,(#17382,#17383),.UNSPECIFIED.,
  .F.,.F.,(2,2),(0.,0.375),.PIECEWISE_BEZIER_KNOTS.);
#17382 = CARTESIAN_POINT('',(0.107142857143,1.344910715308));
#17383 = CARTESIAN_POINT('',(-0.267857142857,1.344910715308));
#17384 = ( GEOMETRIC_REPRESENTATION_CONTEXT(2) 
PARAMETRIC_REPRESENTATION_CONTEXT() REPRESENTATION_CONTEXT('2D SPACE',''
  ) );
#17385 = PCURVE('',#1579,#17386);
#17386 = DEFINITIONAL_REPRESENTATION('',(#17387),#17391);
#17387 = LINE('',#17388,#17389);
#17388 = CARTESIAN_POINT('',(-0.125,-0.625));
#17389 = VECTOR('',#17390,1.);
#17390 = DIRECTION('',(1.,0.));
#17391 = ( GEOMETRIC_REPRESENTATION_CONTEXT(2) 
PARAMETRIC_REPRESENTATION_CONTEXT() REPRESENTATION_CONTEXT('2D SPACE',''
  ) );
#17392 = ADVANCED_FACE('',(#17393),#1579,.T.);
#17393 = FACE_BOUND('',#17394,.T.);
#17394 = EDGE_LOOP('',(#17395,#17396,#17397,#17398));
#17395 = ORIENTED_EDGE('',*,*,#7107,.F.);
#17396 = ORIENTED_EDGE('',*,*,#17373,.T.);
#17397 = ORIENTED_EDGE('',*,*,#1564,.T.);
#17398 = ORIENTED_EDGE('',*,*,#17399,.F.);
#17399 = EDGE_CURVE('',#7108,#1536,#17400,.T.);
#17400 = SURFACE_CURVE('',#17401,(#17405,#17411),.PCURVE_S1.);
#17401 = LINE('',#17402,#17403);
#17402 = CARTESIAN_POINT('',(1.,-0.625,1.));
#17403 = VECTOR('',#17404,1.);
#17404 = DIRECTION('',(0.,0.,1.));
#17405 = PCURVE('',#1579,#17406);
#17406 = DEFINITIONAL_REPRESENTATION('',(#17407),#17410);
#17407 = B_SPLINE_CURVE_WITH_KNOTS('',1,(#17408,#17409),.UNSPECIFIED.,
  .F.,.F.,(2,2),(0.,0.375),.PIECEWISE_BEZIER_KNOTS.);
#17408 = CARTESIAN_POINT('',(-0.125,0.625));
#17409 = CARTESIAN_POINT('',(0.25,0.625));
#17410 = ( GEOMETRIC_REPRESENTATION_CONTEXT(2) 
PARAMETRIC_REPRESENTATION_CONTEXT() REPRESENTATION_CONTEXT('2D SPACE',''
  ) );
#17411 = PCURVE('',#1552,#17412);
#17412 = DEFINITIONAL_REPRESENTATION('',(#17413),#17417);
#17413 = LINE('',#17414,#17415);
#17414 = CARTESIAN_POINT('',(0.107142857143,1.344910715308));
#17415 = VECTOR('',#17416,1.);
#17416 = DIRECTION('',(-1.,0.));
#17417 = ( GEOMETRIC_REPRESENTATION_CONTEXT(2) 
PARAMETRIC_REPRESENTATION_CONTEXT() REPRESENTATION_CONTEXT('2D SPACE',''
  ) );
#17418 = ADVANCED_FACE('',(#17419),#1552,.T.);
#17419 = FACE_BOUND('',#17420,.T.);
#17420 = EDGE_LOOP('',(#17421,#17422,#17423,#17424));
#17421 = ORIENTED_EDGE('',*,*,#7130,.F.);
#17422 = ORIENTED_EDGE('',*,*,#17399,.T.);
#17423 = ORIENTED_EDGE('',*,*,#1535,.T.);
#17424 = ORIENTED_EDGE('',*,*,#5725,.F.);
#17425 = ADVANCED_FACE('',(#17426),#1108,.T.);
#17426 = FACE_BOUND('',#17427,.T.);
#17427 = EDGE_LOOP('',(#17428,#17429,#17430,#17451));
#17428 = ORIENTED_EDGE('',*,*,#1511,.T.);
#17429 = ORIENTED_EDGE('',*,*,#1092,.F.);
#17430 = ORIENTED_EDGE('',*,*,#17431,.F.);
#17431 = EDGE_CURVE('',#2498,#1065,#17432,.T.);
#17432 = SURFACE_CURVE('',#17433,(#17437,#17444),.PCURVE_S1.);
#17433 = LINE('',#17434,#17435);
#17434 = CARTESIAN_POINT('',(0.608634889126,0.35339102149,1.375));
#17435 = VECTOR('',#17436,1.);
#17436 = DIRECTION('',(0.,0.,-1.));
#17437 = PCURVE('',#1108,#17438);
#17438 = DEFINITIONAL_REPRESENTATION('',(#17439),#17443);
#17439 = LINE('',#17440,#17441);
#17440 = CARTESIAN_POINT('',(-1.288384850179E-02,-0.10416827688));
#17441 = VECTOR('',#17442,1.);
#17442 = DIRECTION('',(0.,1.));
#17443 = ( GEOMETRIC_REPRESENTATION_CONTEXT(2) 
PARAMETRIC_REPRESENTATION_CONTEXT() REPRESENTATION_CONTEXT('2D SPACE',''
  ) );
#17444 = PCURVE('',#1080,#17445);
#17445 = DEFINITIONAL_REPRESENTATION('',(#17446),#17450);
#17446 = LINE('',#17447,#17448);
#17447 = CARTESIAN_POINT('',(1.288380988265E-02,-9.583178290936E-02));
#17448 = VECTOR('',#17449,1.);
#17449 = DIRECTION('',(0.,1.));
#17450 = ( GEOMETRIC_REPRESENTATION_CONTEXT(2) 
PARAMETRIC_REPRESENTATION_CONTEXT() REPRESENTATION_CONTEXT('2D SPACE',''
  ) );
#17451 = ORIENTED_EDGE('',*,*,#2497,.F.);
#17452 = ADVANCED_FACE('',(#17453),#1080,.T.);
#17453 = FACE_BOUND('',#17454,.T.);
#17454 = EDGE_LOOP('',(#17455,#17476,#17477,#17478));
#17455 = ORIENTED_EDGE('',*,*,#17456,.F.);
#17456 = EDGE_CURVE('',#1646,#1037,#17457,.T.);
#17457 = SURFACE_CURVE('',#17458,(#17462,#17469),.PCURVE_S1.);
#17458 = LINE('',#17459,#17460);
#17459 = CARTESIAN_POINT('',(0.625472068787,0.348879486322,1.375));
#17460 = VECTOR('',#17461,1.);
#17461 = DIRECTION('',(0.,0.,-1.));
#17462 = PCURVE('',#1080,#17463);
#17463 = DEFINITIONAL_REPRESENTATION('',(#17464),#17468);
#17464 = LINE('',#17465,#17466);
#17465 = CARTESIAN_POINT('',(-4.547328017651E-03,-9.583178290936E-02));
#17466 = VECTOR('',#17467,1.);
#17467 = DIRECTION('',(0.,1.));
#17468 = ( GEOMETRIC_REPRESENTATION_CONTEXT(2) 
PARAMETRIC_REPRESENTATION_CONTEXT() REPRESENTATION_CONTEXT('2D SPACE',''
  ) );
#17469 = PCURVE('',#1052,#17470);
#17470 = DEFINITIONAL_REPRESENTATION('',(#17471),#17475);
#17471 = LINE('',#17472,#17473);
#17472 = CARTESIAN_POINT('',(1.28838469187E-02,-9.583177129991E-02));
#17473 = VECTOR('',#17474,1.);
#17474 = DIRECTION('',(0.,1.));
#17475 = ( GEOMETRIC_REPRESENTATION_CONTEXT(2) 
PARAMETRIC_REPRESENTATION_CONTEXT() REPRESENTATION_CONTEXT('2D SPACE',''
  ) );
#17476 = ORIENTED_EDGE('',*,*,#2520,.F.);
#17477 = ORIENTED_EDGE('',*,*,#17431,.T.);
#17478 = ORIENTED_EDGE('',*,*,#1064,.F.);
#17479 = ADVANCED_FACE('',(#17480),#1052,.T.);
#17480 = FACE_BOUND('',#17481,.T.);
#17481 = EDGE_LOOP('',(#17482,#17503,#17504,#17505));
#17482 = ORIENTED_EDGE('',*,*,#17483,.F.);
#17483 = EDGE_CURVE('',#1648,#1009,#17484,.T.);
#17484 = SURFACE_CURVE('',#17485,(#17489,#17496),.PCURVE_S1.);
#17485 = LINE('',#17486,#17487);
#17486 = CARTESIAN_POINT('',(0.64127010107,0.341512769461,1.375));
#17487 = VECTOR('',#17488,1.);
#17488 = DIRECTION('',(0.,0.,-1.));
#17489 = PCURVE('',#1052,#17490);
#17490 = DEFINITIONAL_REPRESENTATION('',(#17491),#17495);
#17491 = LINE('',#17492,#17493);
#17492 = CARTESIAN_POINT('',(-4.547341834805E-03,-9.583177129991E-02));
#17493 = VECTOR('',#17494,1.);
#17494 = DIRECTION('',(0.,1.));
#17495 = ( GEOMETRIC_REPRESENTATION_CONTEXT(2) 
PARAMETRIC_REPRESENTATION_CONTEXT() REPRESENTATION_CONTEXT('2D SPACE',''
  ) );
#17496 = PCURVE('',#1024,#17497);
#17497 = DEFINITIONAL_REPRESENTATION('',(#17498),#17502);
#17498 = LINE('',#17499,#17500);
#17499 = CARTESIAN_POINT('',(1.288378175441E-02,-9.583179172653E-02));
#17500 = VECTOR('',#17501,1.);
#17501 = DIRECTION('',(0.,1.));
#17502 = ( GEOMETRIC_REPRESENTATION_CONTEXT(2) 
PARAMETRIC_REPRESENTATION_CONTEXT() REPRESENTATION_CONTEXT('2D SPACE',''
  ) );
#17503 = ORIENTED_EDGE('',*,*,#1645,.F.);
#17504 = ORIENTED_EDGE('',*,*,#17456,.T.);
#17505 = ORIENTED_EDGE('',*,*,#1036,.F.);
#17506 = ADVANCED_FACE('',(#17507),#1024,.T.);
#17507 = FACE_BOUND('',#17508,.T.);
#17508 = EDGE_LOOP('',(#17509,#17530,#17531,#17532));
#17509 = ORIENTED_EDGE('',*,*,#17510,.F.);
#17510 = EDGE_CURVE('',#1671,#981,#17511,.T.);
#17511 = SURFACE_CURVE('',#17512,(#17516,#17523),.PCURVE_S1.);
#17512 = LINE('',#17513,#17514);
#17513 = CARTESIAN_POINT('',(0.655548810959,0.331514686346,1.375));
#17514 = VECTOR('',#17515,1.);
#17515 = DIRECTION('',(0.,0.,-1.));
#17516 = PCURVE('',#1024,#17517);
#17517 = DEFINITIONAL_REPRESENTATION('',(#17518),#17522);
#17518 = LINE('',#17519,#17520);
#17519 = CARTESIAN_POINT('',(-4.547317523765E-03,-9.583179172653E-02));
#17520 = VECTOR('',#17521,1.);
#17521 = DIRECTION('',(0.,1.));
#17522 = ( GEOMETRIC_REPRESENTATION_CONTEXT(2) 
PARAMETRIC_REPRESENTATION_CONTEXT() REPRESENTATION_CONTEXT('2D SPACE',''
  ) );
#17523 = PCURVE('',#996,#17524);
#17524 = DEFINITIONAL_REPRESENTATION('',(#17525),#17529);
#17525 = LINE('',#17526,#17527);
#17526 = CARTESIAN_POINT('',(1.288382366715E-02,-9.583177858842E-02));
#17527 = VECTOR('',#17528,1.);
#17528 = DIRECTION('',(0.,1.));
#17529 = ( GEOMETRIC_REPRESENTATION_CONTEXT(2) 
PARAMETRIC_REPRESENTATION_CONTEXT() REPRESENTATION_CONTEXT('2D SPACE',''
  ) );
#17530 = ORIENTED_EDGE('',*,*,#1670,.F.);
#17531 = ORIENTED_EDGE('',*,*,#17483,.T.);
#17532 = ORIENTED_EDGE('',*,*,#1008,.F.);
#17533 = ADVANCED_FACE('',(#17534),#996,.T.);
#17534 = FACE_BOUND('',#17535,.T.);
#17535 = EDGE_LOOP('',(#17536,#17557,#17558,#17559));
#17536 = ORIENTED_EDGE('',*,*,#17537,.F.);
#17537 = EDGE_CURVE('',#1694,#953,#17538,.T.);
#17538 = SURFACE_CURVE('',#17539,(#17543,#17550),.PCURVE_S1.);
#17539 = LINE('',#17540,#17541);
#17540 = CARTESIAN_POINT('',(0.667874515057,0.319189012051,1.375));
#17541 = VECTOR('',#17542,1.);
#17542 = DIRECTION('',(0.,0.,-1.));
#17543 = PCURVE('',#996,#17544);
#17544 = DEFINITIONAL_REPRESENTATION('',(#17545),#17549);
#17545 = LINE('',#17546,#17547);
#17546 = CARTESIAN_POINT('',(-4.547333160276E-03,-9.583177858842E-02));
#17547 = VECTOR('',#17548,1.);
#17548 = DIRECTION('',(0.,1.));
#17549 = ( GEOMETRIC_REPRESENTATION_CONTEXT(2) 
PARAMETRIC_REPRESENTATION_CONTEXT() REPRESENTATION_CONTEXT('2D SPACE',''
  ) );
#17550 = PCURVE('',#968,#17551);
#17551 = DEFINITIONAL_REPRESENTATION('',(#17552),#17556);
#17552 = LINE('',#17553,#17554);
#17553 = CARTESIAN_POINT('',(-1.288381731353E-02,9.583178058005E-02));
#17554 = VECTOR('',#17555,1.);
#17555 = DIRECTION('',(0.,-1.));
#17556 = ( GEOMETRIC_REPRESENTATION_CONTEXT(2) 
PARAMETRIC_REPRESENTATION_CONTEXT() REPRESENTATION_CONTEXT('2D SPACE',''
  ) );
#17557 = ORIENTED_EDGE('',*,*,#1693,.F.);
#17558 = ORIENTED_EDGE('',*,*,#17510,.T.);
#17559 = ORIENTED_EDGE('',*,*,#980,.F.);
#17560 = ADVANCED_FACE('',(#17561),#968,.T.);
#17561 = FACE_BOUND('',#17562,.T.);
#17562 = EDGE_LOOP('',(#17563,#17584,#17585,#17586));
#17563 = ORIENTED_EDGE('',*,*,#17564,.F.);
#17564 = EDGE_CURVE('',#1717,#925,#17565,.T.);
#17565 = SURFACE_CURVE('',#17566,(#17570,#17577),.PCURVE_S1.);
#17566 = LINE('',#17567,#17568);
#17567 = CARTESIAN_POINT('',(0.677872598171,0.304910242558,1.375));
#17568 = VECTOR('',#17569,1.);
#17569 = DIRECTION('',(0.,0.,-1.));
#17570 = PCURVE('',#968,#17571);
#17571 = DEFINITIONAL_REPRESENTATION('',(#17572),#17576);
#17572 = LINE('',#17573,#17574);
#17573 = CARTESIAN_POINT('',(4.547330789912E-03,9.583178058005E-02));
#17574 = VECTOR('',#17575,1.);
#17575 = DIRECTION('',(0.,-1.));
#17576 = ( GEOMETRIC_REPRESENTATION_CONTEXT(2) 
PARAMETRIC_REPRESENTATION_CONTEXT() REPRESENTATION_CONTEXT('2D SPACE',''
  ) );
#17577 = PCURVE('',#940,#17578);
#17578 = DEFINITIONAL_REPRESENTATION('',(#17579),#17583);
#17579 = LINE('',#17580,#17581);
#17580 = CARTESIAN_POINT('',(-1.288382724743E-02,9.583177746613E-02));
#17581 = VECTOR('',#17582,1.);
#17582 = DIRECTION('',(0.,-1.));
#17583 = ( GEOMETRIC_REPRESENTATION_CONTEXT(2) 
PARAMETRIC_REPRESENTATION_CONTEXT() REPRESENTATION_CONTEXT('2D SPACE',''
  ) );
#17584 = ORIENTED_EDGE('',*,*,#1716,.F.);
#17585 = ORIENTED_EDGE('',*,*,#17537,.T.);
#17586 = ORIENTED_EDGE('',*,*,#952,.F.);
#17587 = ADVANCED_FACE('',(#17588),#940,.T.);
#17588 = FACE_BOUND('',#17589,.T.);
#17589 = EDGE_LOOP('',(#17590,#17611,#17612,#17613));
#17590 = ORIENTED_EDGE('',*,*,#17591,.F.);
#17591 = EDGE_CURVE('',#1740,#897,#17592,.T.);
#17592 = SURFACE_CURVE('',#17593,(#17597,#17604),.PCURVE_S1.);
#17593 = LINE('',#17594,#17595);
#17594 = CARTESIAN_POINT('',(0.685239315033,0.289112240076,1.375));
#17595 = VECTOR('',#17596,1.);
#17596 = DIRECTION('',(0.,0.,-1.));
#17597 = PCURVE('',#940,#17598);
#17598 = DEFINITIONAL_REPRESENTATION('',(#17599),#17603);
#17599 = LINE('',#17600,#17601);
#17600 = CARTESIAN_POINT('',(4.547334495984E-03,9.583177746613E-02));
#17601 = VECTOR('',#17602,1.);
#17602 = DIRECTION('',(0.,-1.));
#17603 = ( GEOMETRIC_REPRESENTATION_CONTEXT(2) 
PARAMETRIC_REPRESENTATION_CONTEXT() REPRESENTATION_CONTEXT('2D SPACE',''
  ) );
#17604 = PCURVE('',#912,#17605);
#17605 = DEFINITIONAL_REPRESENTATION('',(#17606),#17610);
#17606 = LINE('',#17607,#17608);
#17607 = CARTESIAN_POINT('',(-4.547335839222E-03,0.104168271346));
#17608 = VECTOR('',#17609,1.);
#17609 = DIRECTION('',(0.,-1.));
#17610 = ( GEOMETRIC_REPRESENTATION_CONTEXT(2) 
PARAMETRIC_REPRESENTATION_CONTEXT() REPRESENTATION_CONTEXT('2D SPACE',''
  ) );
#17611 = ORIENTED_EDGE('',*,*,#1739,.F.);
#17612 = ORIENTED_EDGE('',*,*,#17564,.T.);
#17613 = ORIENTED_EDGE('',*,*,#924,.F.);
#17614 = ADVANCED_FACE('',(#17615),#912,.T.);
#17615 = FACE_BOUND('',#17616,.T.);
#17616 = EDGE_LOOP('',(#17617,#17618,#17619,#17640));
#17617 = ORIENTED_EDGE('',*,*,#17591,.T.);
#17618 = ORIENTED_EDGE('',*,*,#896,.F.);
#17619 = ORIENTED_EDGE('',*,*,#17620,.F.);
#17620 = EDGE_CURVE('',#1763,#869,#17621,.T.);
#17621 = SURFACE_CURVE('',#17622,(#17626,#17633),.PCURVE_S1.);
#17622 = LINE('',#17623,#17624);
#17623 = CARTESIAN_POINT('',(0.689750850201,0.272275030613,1.375));
#17624 = VECTOR('',#17625,1.);
#17625 = DIRECTION('',(0.,0.,-1.));
#17626 = PCURVE('',#912,#17627);
#17627 = DEFINITIONAL_REPRESENTATION('',(#17628),#17632);
#17628 = LINE('',#17629,#17630);
#17629 = CARTESIAN_POINT('',(1.28838308479E-02,0.104168271346));
#17630 = VECTOR('',#17631,1.);
#17631 = DIRECTION('',(0.,-1.));
#17632 = ( GEOMETRIC_REPRESENTATION_CONTEXT(2) 
PARAMETRIC_REPRESENTATION_CONTEXT() REPRESENTATION_CONTEXT('2D SPACE',''
  ) );
#17633 = PCURVE('',#884,#17634);
#17634 = DEFINITIONAL_REPRESENTATION('',(#17635),#17639);
#17635 = LINE('',#17636,#17637);
#17636 = CARTESIAN_POINT('',(-1.288380336562E-02,9.583178495221E-02));
#17637 = VECTOR('',#17638,1.);
#17638 = DIRECTION('',(0.,-1.));
#17639 = ( GEOMETRIC_REPRESENTATION_CONTEXT(2) 
PARAMETRIC_REPRESENTATION_CONTEXT() REPRESENTATION_CONTEXT('2D SPACE',''
  ) );
#17640 = ORIENTED_EDGE('',*,*,#1762,.F.);
#17641 = ADVANCED_FACE('',(#17642),#884,.T.);
#17642 = FACE_BOUND('',#17643,.T.);
#17643 = EDGE_LOOP('',(#17644,#17665,#17666,#17667));
#17644 = ORIENTED_EDGE('',*,*,#17645,.T.);
#17645 = EDGE_CURVE('',#841,#1786,#17646,.T.);
#17646 = SURFACE_CURVE('',#17647,(#17651,#17658),.PCURVE_S1.);
#17647 = LINE('',#17648,#17649);
#17648 = CARTESIAN_POINT('',(0.691270053387,0.254910230637,
    1.174999952316));
#17649 = VECTOR('',#17650,1.);
#17650 = DIRECTION('',(0.,0.,1.));
#17651 = PCURVE('',#884,#17652);
#17652 = DEFINITIONAL_REPRESENTATION('',(#17653),#17657);
#17653 = LINE('',#17654,#17655);
#17654 = CARTESIAN_POINT('',(4.547325586322E-03,-0.104168262732));
#17655 = VECTOR('',#17656,1.);
#17656 = DIRECTION('',(0.,1.));
#17657 = ( GEOMETRIC_REPRESENTATION_CONTEXT(2) 
PARAMETRIC_REPRESENTATION_CONTEXT() REPRESENTATION_CONTEXT('2D SPACE',''
  ) );
#17658 = PCURVE('',#856,#17659);
#17659 = DEFINITIONAL_REPRESENTATION('',(#17660),#17664);
#17660 = LINE('',#17661,#17662);
#17661 = CARTESIAN_POINT('',(5.945657474914E-02,-0.214366781544));
#17662 = VECTOR('',#17663,1.);
#17663 = DIRECTION('',(-1.,0.));
#17664 = ( GEOMETRIC_REPRESENTATION_CONTEXT(2) 
PARAMETRIC_REPRESENTATION_CONTEXT() REPRESENTATION_CONTEXT('2D SPACE',''
  ) );
#17665 = ORIENTED_EDGE('',*,*,#1785,.F.);
#17666 = ORIENTED_EDGE('',*,*,#17620,.T.);
#17667 = ORIENTED_EDGE('',*,*,#868,.F.);
#17668 = ADVANCED_FACE('',(#17669),#856,.T.);
#17669 = FACE_BOUND('',#17670,.T.);
#17670 = EDGE_LOOP('',(#17671,#17672,#17693,#17694));
#17671 = ORIENTED_EDGE('',*,*,#840,.F.);
#17672 = ORIENTED_EDGE('',*,*,#17673,.F.);
#17673 = EDGE_CURVE('',#1809,#813,#17674,.T.);
#17674 = SURFACE_CURVE('',#17675,(#17679,#17686),.PCURVE_S1.);
#17675 = LINE('',#17676,#17677);
#17676 = CARTESIAN_POINT('',(0.691270053387,-0.254910230637,1.375));
#17677 = VECTOR('',#17678,1.);
#17678 = DIRECTION('',(0.,0.,-1.));
#17679 = PCURVE('',#856,#17680);
#17680 = DEFINITIONAL_REPRESENTATION('',(#17681),#17685);
#17681 = LINE('',#17682,#17683);
#17682 = CARTESIAN_POINT('',(-0.140543472935,0.295453679729));
#17683 = VECTOR('',#17684,1.);
#17684 = DIRECTION('',(1.,0.));
#17685 = ( GEOMETRIC_REPRESENTATION_CONTEXT(2) 
PARAMETRIC_REPRESENTATION_CONTEXT() REPRESENTATION_CONTEXT('2D SPACE',''
  ) );
#17686 = PCURVE('',#828,#17687);
#17687 = DEFINITIONAL_REPRESENTATION('',(#17688),#17692);
#17688 = LINE('',#17689,#17690);
#17689 = CARTESIAN_POINT('',(-1.288380336562E-02,9.583178495221E-02));
#17690 = VECTOR('',#17691,1.);
#17691 = DIRECTION('',(-0.,-1.));
#17692 = ( GEOMETRIC_REPRESENTATION_CONTEXT(2) 
PARAMETRIC_REPRESENTATION_CONTEXT() REPRESENTATION_CONTEXT('2D SPACE',''
  ) );
#17693 = ORIENTED_EDGE('',*,*,#1808,.F.);
#17694 = ORIENTED_EDGE('',*,*,#17645,.F.);
#17695 = ADVANCED_FACE('',(#17696),#828,.T.);
#17696 = FACE_BOUND('',#17697,.T.);
#17697 = EDGE_LOOP('',(#17698,#17719,#17720,#17721));
#17698 = ORIENTED_EDGE('',*,*,#17699,.F.);
#17699 = EDGE_CURVE('',#1832,#785,#17700,.T.);
#17700 = SURFACE_CURVE('',#17701,(#17705,#17712),.PCURVE_S1.);
#17701 = LINE('',#17702,#17703);
#17702 = CARTESIAN_POINT('',(0.689750850201,-0.272275030613,1.375));
#17703 = VECTOR('',#17704,1.);
#17704 = DIRECTION('',(0.,0.,-1.));
#17705 = PCURVE('',#828,#17706);
#17706 = DEFINITIONAL_REPRESENTATION('',(#17707),#17711);
#17707 = LINE('',#17708,#17709);
#17708 = CARTESIAN_POINT('',(4.547325586322E-03,9.583178495221E-02));
#17709 = VECTOR('',#17710,1.);
#17710 = DIRECTION('',(-0.,-1.));
#17711 = ( GEOMETRIC_REPRESENTATION_CONTEXT(2) 
PARAMETRIC_REPRESENTATION_CONTEXT() REPRESENTATION_CONTEXT('2D SPACE',''
  ) );
#17712 = PCURVE('',#800,#17713);
#17713 = DEFINITIONAL_REPRESENTATION('',(#17714),#17718);
#17714 = LINE('',#17715,#17716);
#17715 = CARTESIAN_POINT('',(-1.28838308479E-02,9.583177633752E-02));
#17716 = VECTOR('',#17717,1.);
#17717 = DIRECTION('',(-0.,-1.));
#17718 = ( GEOMETRIC_REPRESENTATION_CONTEXT(2) 
PARAMETRIC_REPRESENTATION_CONTEXT() REPRESENTATION_CONTEXT('2D SPACE',''
  ) );
#17719 = ORIENTED_EDGE('',*,*,#1831,.F.);
#17720 = ORIENTED_EDGE('',*,*,#17673,.T.);
#17721 = ORIENTED_EDGE('',*,*,#812,.F.);
#17722 = ADVANCED_FACE('',(#17723),#800,.T.);
#17723 = FACE_BOUND('',#17724,.T.);
#17724 = EDGE_LOOP('',(#17725,#17746,#17747,#17748));
#17725 = ORIENTED_EDGE('',*,*,#17726,.F.);
#17726 = EDGE_CURVE('',#1855,#757,#17727,.T.);
#17727 = SURFACE_CURVE('',#17728,(#17732,#17739),.PCURVE_S1.);
#17728 = LINE('',#17729,#17730);
#17729 = CARTESIAN_POINT('',(0.685239315033,-0.289112240076,1.375));
#17730 = VECTOR('',#17731,1.);
#17731 = DIRECTION('',(0.,0.,-1.));
#17732 = PCURVE('',#800,#17733);
#17733 = DEFINITIONAL_REPRESENTATION('',(#17734),#17738);
#17734 = LINE('',#17735,#17736);
#17735 = CARTESIAN_POINT('',(4.547335839223E-03,9.583177633752E-02));
#17736 = VECTOR('',#17737,1.);
#17737 = DIRECTION('',(-0.,-1.));
#17738 = ( GEOMETRIC_REPRESENTATION_CONTEXT(2) 
PARAMETRIC_REPRESENTATION_CONTEXT() REPRESENTATION_CONTEXT('2D SPACE',''
  ) );
#17739 = PCURVE('',#772,#17740);
#17740 = DEFINITIONAL_REPRESENTATION('',(#17741),#17745);
#17741 = LINE('',#17742,#17743);
#17742 = CARTESIAN_POINT('',(-1.288382724743E-02,9.583177746613E-02));
#17743 = VECTOR('',#17744,1.);
#17744 = DIRECTION('',(-0.,-1.));
#17745 = ( GEOMETRIC_REPRESENTATION_CONTEXT(2) 
PARAMETRIC_REPRESENTATION_CONTEXT() REPRESENTATION_CONTEXT('2D SPACE',''
  ) );
#17746 = ORIENTED_EDGE('',*,*,#1854,.F.);
#17747 = ORIENTED_EDGE('',*,*,#17699,.T.);
#17748 = ORIENTED_EDGE('',*,*,#784,.F.);
#17749 = ADVANCED_FACE('',(#17750),#772,.T.);
#17750 = FACE_BOUND('',#17751,.T.);
#17751 = EDGE_LOOP('',(#17752,#17773,#17774,#17775));
#17752 = ORIENTED_EDGE('',*,*,#17753,.F.);
#17753 = EDGE_CURVE('',#1878,#729,#17754,.T.);
#17754 = SURFACE_CURVE('',#17755,(#17759,#17766),.PCURVE_S1.);
#17755 = LINE('',#17756,#17757);
#17756 = CARTESIAN_POINT('',(0.677872598171,-0.304910242558,1.375));
#17757 = VECTOR('',#17758,1.);
#17758 = DIRECTION('',(0.,0.,-1.));
#17759 = PCURVE('',#772,#17760);
#17760 = DEFINITIONAL_REPRESENTATION('',(#17761),#17765);
#17761 = LINE('',#17762,#17763);
#17762 = CARTESIAN_POINT('',(4.547334495984E-03,9.583177746613E-02));
#17763 = VECTOR('',#17764,1.);
#17764 = DIRECTION('',(-0.,-1.));
#17765 = ( GEOMETRIC_REPRESENTATION_CONTEXT(2) 
PARAMETRIC_REPRESENTATION_CONTEXT() REPRESENTATION_CONTEXT('2D SPACE',''
  ) );
#17766 = PCURVE('',#744,#17767);
#17767 = DEFINITIONAL_REPRESENTATION('',(#17768),#17772);
#17768 = LINE('',#17769,#17770);
#17769 = CARTESIAN_POINT('',(-1.288381731353E-02,9.583178058005E-02));
#17770 = VECTOR('',#17771,1.);
#17771 = DIRECTION('',(-0.,-1.));
#17772 = ( GEOMETRIC_REPRESENTATION_CONTEXT(2) 
PARAMETRIC_REPRESENTATION_CONTEXT() REPRESENTATION_CONTEXT('2D SPACE',''
  ) );
#17773 = ORIENTED_EDGE('',*,*,#1877,.F.);
#17774 = ORIENTED_EDGE('',*,*,#17726,.T.);
#17775 = ORIENTED_EDGE('',*,*,#756,.F.);
#17776 = ADVANCED_FACE('',(#17777),#744,.T.);
#17777 = FACE_BOUND('',#17778,.T.);
#17778 = EDGE_LOOP('',(#17779,#17800,#17801,#17802));
#17779 = ORIENTED_EDGE('',*,*,#17780,.F.);
#17780 = EDGE_CURVE('',#1901,#701,#17781,.T.);
#17781 = SURFACE_CURVE('',#17782,(#17786,#17793),.PCURVE_S1.);
#17782 = LINE('',#17783,#17784);
#17783 = CARTESIAN_POINT('',(0.667874515057,-0.319189012051,1.375));
#17784 = VECTOR('',#17785,1.);
#17785 = DIRECTION('',(0.,0.,-1.));
#17786 = PCURVE('',#744,#17787);
#17787 = DEFINITIONAL_REPRESENTATION('',(#17788),#17792);
#17788 = LINE('',#17789,#17790);
#17789 = CARTESIAN_POINT('',(4.547330789912E-03,9.583178058005E-02));
#17790 = VECTOR('',#17791,1.);
#17791 = DIRECTION('',(-0.,-1.));
#17792 = ( GEOMETRIC_REPRESENTATION_CONTEXT(2) 
PARAMETRIC_REPRESENTATION_CONTEXT() REPRESENTATION_CONTEXT('2D SPACE',''
  ) );
#17793 = PCURVE('',#716,#17794);
#17794 = DEFINITIONAL_REPRESENTATION('',(#17795),#17799);
#17795 = LINE('',#17796,#17797);
#17796 = CARTESIAN_POINT('',(1.288382366715E-02,-9.583177858842E-02));
#17797 = VECTOR('',#17798,1.);
#17798 = DIRECTION('',(0.,1.));
#17799 = ( GEOMETRIC_REPRESENTATION_CONTEXT(2) 
PARAMETRIC_REPRESENTATION_CONTEXT() REPRESENTATION_CONTEXT('2D SPACE',''
  ) );
#17800 = ORIENTED_EDGE('',*,*,#1900,.F.);
#17801 = ORIENTED_EDGE('',*,*,#17753,.T.);
#17802 = ORIENTED_EDGE('',*,*,#728,.F.);
#17803 = ADVANCED_FACE('',(#17804),#716,.T.);
#17804 = FACE_BOUND('',#17805,.T.);
#17805 = EDGE_LOOP('',(#17806,#17827,#17828,#17829));
#17806 = ORIENTED_EDGE('',*,*,#17807,.T.);
#17807 = EDGE_CURVE('',#673,#1924,#17808,.T.);
#17808 = SURFACE_CURVE('',#17809,(#17813,#17820),.PCURVE_S1.);
#17809 = LINE('',#17810,#17811);
#17810 = CARTESIAN_POINT('',(0.655548810959,-0.331514686346,
    1.174999952316));
#17811 = VECTOR('',#17812,1.);
#17812 = DIRECTION('',(0.,0.,1.));
#17813 = PCURVE('',#716,#17814);
#17814 = DEFINITIONAL_REPRESENTATION('',(#17815),#17819);
#17815 = LINE('',#17816,#17817);
#17816 = CARTESIAN_POINT('',(-4.547333160275E-03,0.104168269095));
#17817 = VECTOR('',#17818,1.);
#17818 = DIRECTION('',(0.,-1.));
#17819 = ( GEOMETRIC_REPRESENTATION_CONTEXT(2) 
PARAMETRIC_REPRESENTATION_CONTEXT() REPRESENTATION_CONTEXT('2D SPACE',''
  ) );
#17820 = PCURVE('',#688,#17821);
#17821 = DEFINITIONAL_REPRESENTATION('',(#17822),#17826);
#17822 = LINE('',#17823,#17824);
#17823 = CARTESIAN_POINT('',(1.288378175441E-02,0.104168255957));
#17824 = VECTOR('',#17825,1.);
#17825 = DIRECTION('',(0.,-1.));
#17826 = ( GEOMETRIC_REPRESENTATION_CONTEXT(2) 
PARAMETRIC_REPRESENTATION_CONTEXT() REPRESENTATION_CONTEXT('2D SPACE',''
  ) );
#17827 = ORIENTED_EDGE('',*,*,#1923,.F.);
#17828 = ORIENTED_EDGE('',*,*,#17780,.T.);
#17829 = ORIENTED_EDGE('',*,*,#700,.F.);
#17830 = ADVANCED_FACE('',(#17831),#688,.T.);
#17831 = FACE_BOUND('',#17832,.T.);
#17832 = EDGE_LOOP('',(#17833,#17854,#17855,#17856));
#17833 = ORIENTED_EDGE('',*,*,#17834,.F.);
#17834 = EDGE_CURVE('',#1947,#645,#17835,.T.);
#17835 = SURFACE_CURVE('',#17836,(#17840,#17847),.PCURVE_S1.);
#17836 = LINE('',#17837,#17838);
#17837 = CARTESIAN_POINT('',(0.64127010107,-0.341512769461,1.375));
#17838 = VECTOR('',#17839,1.);
#17839 = DIRECTION('',(0.,0.,-1.));
#17840 = PCURVE('',#688,#17841);
#17841 = DEFINITIONAL_REPRESENTATION('',(#17842),#17846);
#17842 = LINE('',#17843,#17844);
#17843 = CARTESIAN_POINT('',(-4.547317523765E-03,-9.583179172653E-02));
#17844 = VECTOR('',#17845,1.);
#17845 = DIRECTION('',(0.,1.));
#17846 = ( GEOMETRIC_REPRESENTATION_CONTEXT(2) 
PARAMETRIC_REPRESENTATION_CONTEXT() REPRESENTATION_CONTEXT('2D SPACE',''
  ) );
#17847 = PCURVE('',#660,#17848);
#17848 = DEFINITIONAL_REPRESENTATION('',(#17849),#17853);
#17849 = LINE('',#17850,#17851);
#17850 = CARTESIAN_POINT('',(4.547341834805E-03,-0.104168276384));
#17851 = VECTOR('',#17852,1.);
#17852 = DIRECTION('',(0.,1.));
#17853 = ( GEOMETRIC_REPRESENTATION_CONTEXT(2) 
PARAMETRIC_REPRESENTATION_CONTEXT() REPRESENTATION_CONTEXT('2D SPACE',''
  ) );
#17854 = ORIENTED_EDGE('',*,*,#1946,.F.);
#17855 = ORIENTED_EDGE('',*,*,#17807,.F.);
#17856 = ORIENTED_EDGE('',*,*,#672,.F.);
#17857 = ADVANCED_FACE('',(#17858),#660,.T.);
#17858 = FACE_BOUND('',#17859,.T.);
#17859 = EDGE_LOOP('',(#17860,#17861,#17862,#17883));
#17860 = ORIENTED_EDGE('',*,*,#17834,.T.);
#17861 = ORIENTED_EDGE('',*,*,#644,.F.);
#17862 = ORIENTED_EDGE('',*,*,#17863,.F.);
#17863 = EDGE_CURVE('',#1970,#617,#17864,.T.);
#17864 = SURFACE_CURVE('',#17865,(#17869,#17876),.PCURVE_S1.);
#17865 = LINE('',#17866,#17867);
#17866 = CARTESIAN_POINT('',(0.625472068787,-0.348879486322,1.375));
#17867 = VECTOR('',#17868,1.);
#17868 = DIRECTION('',(0.,0.,-1.));
#17869 = PCURVE('',#660,#17870);
#17870 = DEFINITIONAL_REPRESENTATION('',(#17871),#17875);
#17871 = LINE('',#17872,#17873);
#17872 = CARTESIAN_POINT('',(-1.28838469187E-02,-0.104168276384));
#17873 = VECTOR('',#17874,1.);
#17874 = DIRECTION('',(0.,1.));
#17875 = ( GEOMETRIC_REPRESENTATION_CONTEXT(2) 
PARAMETRIC_REPRESENTATION_CONTEXT() REPRESENTATION_CONTEXT('2D SPACE',''
  ) );
#17876 = PCURVE('',#632,#17877);
#17877 = DEFINITIONAL_REPRESENTATION('',(#17878),#17882);
#17878 = LINE('',#17879,#17880);
#17879 = CARTESIAN_POINT('',(4.547328017651E-03,-0.104168264774));
#17880 = VECTOR('',#17881,1.);
#17881 = DIRECTION('',(0.,1.));
#17882 = ( GEOMETRIC_REPRESENTATION_CONTEXT(2) 
PARAMETRIC_REPRESENTATION_CONTEXT() REPRESENTATION_CONTEXT('2D SPACE',''
  ) );
#17883 = ORIENTED_EDGE('',*,*,#1969,.F.);
#17884 = ADVANCED_FACE('',(#17885),#632,.T.);
#17885 = FACE_BOUND('',#17886,.T.);
#17886 = EDGE_LOOP('',(#17887,#17888,#17889,#17910));
#17887 = ORIENTED_EDGE('',*,*,#17863,.T.);
#17888 = ORIENTED_EDGE('',*,*,#616,.F.);
#17889 = ORIENTED_EDGE('',*,*,#17890,.F.);
#17890 = EDGE_CURVE('',#1993,#589,#17891,.T.);
#17891 = SURFACE_CURVE('',#17892,(#17896,#17903),.PCURVE_S1.);
#17892 = LINE('',#17893,#17894);
#17893 = CARTESIAN_POINT('',(0.608634889126,-0.35339102149,1.375));
#17894 = VECTOR('',#17895,1.);
#17895 = DIRECTION('',(0.,0.,-1.));
#17896 = PCURVE('',#632,#17897);
#17897 = DEFINITIONAL_REPRESENTATION('',(#17898),#17902);
#17898 = LINE('',#17899,#17900);
#17899 = CARTESIAN_POINT('',(-1.288380988265E-02,-0.104168264774));
#17900 = VECTOR('',#17901,1.);
#17901 = DIRECTION('',(0.,1.));
#17902 = ( GEOMETRIC_REPRESENTATION_CONTEXT(2) 
PARAMETRIC_REPRESENTATION_CONTEXT() REPRESENTATION_CONTEXT('2D SPACE',''
  ) );
#17903 = PCURVE('',#604,#17904);
#17904 = DEFINITIONAL_REPRESENTATION('',(#17905),#17909);
#17905 = LINE('',#17906,#17907);
#17906 = CARTESIAN_POINT('',(4.547342425413E-03,-0.10416827688));
#17907 = VECTOR('',#17908,1.);
#17908 = DIRECTION('',(0.,1.));
#17909 = ( GEOMETRIC_REPRESENTATION_CONTEXT(2) 
PARAMETRIC_REPRESENTATION_CONTEXT() REPRESENTATION_CONTEXT('2D SPACE',''
  ) );
#17910 = ORIENTED_EDGE('',*,*,#1992,.F.);
#17911 = ADVANCED_FACE('',(#17912),#604,.T.);
#17912 = FACE_BOUND('',#17913,.T.);
#17913 = EDGE_LOOP('',(#17914,#17915,#17916,#17937));
#17914 = ORIENTED_EDGE('',*,*,#17890,.T.);
#17915 = ORIENTED_EDGE('',*,*,#588,.F.);
#17916 = ORIENTED_EDGE('',*,*,#17917,.T.);
#17917 = EDGE_CURVE('',#561,#2016,#17918,.T.);
#17918 = SURFACE_CURVE('',#17919,(#17923,#17930),.PCURVE_S1.);
#17919 = LINE('',#17920,#17921);
#17920 = CARTESIAN_POINT('',(0.591270029545,-0.354910254478,
    1.174999952316));
#17921 = VECTOR('',#17922,1.);
#17922 = DIRECTION('',(0.,0.,1.));
#17923 = PCURVE('',#604,#17924);
#17924 = DEFINITIONAL_REPRESENTATION('',(#17925),#17929);
#17925 = LINE('',#17926,#17927);
#17926 = CARTESIAN_POINT('',(-1.288384850179E-02,9.583177080367E-02));
#17927 = VECTOR('',#17928,1.);
#17928 = DIRECTION('',(0.,-1.));
#17929 = ( GEOMETRIC_REPRESENTATION_CONTEXT(2) 
PARAMETRIC_REPRESENTATION_CONTEXT() REPRESENTATION_CONTEXT('2D SPACE',''
  ) );
#17930 = PCURVE('',#576,#17931);
#17931 = DEFINITIONAL_REPRESENTATION('',(#17932),#17936);
#17932 = LINE('',#17933,#17934);
#17933 = CARTESIAN_POINT('',(-0.142513287654,0.368950023716));
#17934 = VECTOR('',#17935,1.);
#17935 = DIRECTION('',(1.,0.));
#17936 = ( GEOMETRIC_REPRESENTATION_CONTEXT(2) 
PARAMETRIC_REPRESENTATION_CONTEXT() REPRESENTATION_CONTEXT('2D SPACE',''
  ) );
#17937 = ORIENTED_EDGE('',*,*,#2015,.F.);
#17938 = ADVANCED_FACE('',(#17939),#576,.T.);
#17939 = FACE_BOUND('',#17940,.T.);
#17940 = EDGE_LOOP('',(#17941,#17942,#17943,#17944));
#17941 = ORIENTED_EDGE('',*,*,#2038,.F.);
#17942 = ORIENTED_EDGE('',*,*,#17917,.F.);
#17943 = ORIENTED_EDGE('',*,*,#560,.F.);
#17944 = ORIENTED_EDGE('',*,*,#17945,.F.);
#17945 = EDGE_CURVE('',#2039,#533,#17946,.T.);
#17946 = SURFACE_CURVE('',#17947,(#17951,#17958),.PCURVE_S1.);
#17947 = LINE('',#17948,#17949);
#17948 = CARTESIAN_POINT('',(-6.160349026322E-02,-0.354910254478,1.375)
  );
#17949 = VECTOR('',#17950,1.);
#17950 = DIRECTION('',(0.,0.,-1.));
#17951 = PCURVE('',#576,#17952);
#17952 = DEFINITIONAL_REPRESENTATION('',(#17953),#17957);
#17953 = LINE('',#17954,#17955);
#17954 = CARTESIAN_POINT('',(5.748676002971E-02,-0.283923496092));
#17955 = VECTOR('',#17956,1.);
#17956 = DIRECTION('',(-1.,0.));
#17957 = ( GEOMETRIC_REPRESENTATION_CONTEXT(2) 
PARAMETRIC_REPRESENTATION_CONTEXT() REPRESENTATION_CONTEXT('2D SPACE',''
  ) );
#17958 = PCURVE('',#548,#17959);
#17959 = DEFINITIONAL_REPRESENTATION('',(#17960),#17964);
#17960 = LINE('',#17961,#17962);
#17961 = CARTESIAN_POINT('',(1.288381877121E-02,-9.583178012312E-02));
#17962 = VECTOR('',#17963,1.);
#17963 = DIRECTION('',(0.,1.));
#17964 = ( GEOMETRIC_REPRESENTATION_CONTEXT(2) 
PARAMETRIC_REPRESENTATION_CONTEXT() REPRESENTATION_CONTEXT('2D SPACE',''
  ) );
#17965 = ADVANCED_FACE('',(#17966),#548,.T.);
#17966 = FACE_BOUND('',#17967,.T.);
#17967 = EDGE_LOOP('',(#17968,#17989,#17990,#17991));
#17968 = ORIENTED_EDGE('',*,*,#17969,.F.);
#17969 = EDGE_CURVE('',#2062,#505,#17970,.T.);
#17970 = SURFACE_CURVE('',#17971,(#17975,#17982),.PCURVE_S1.);
#17971 = LINE('',#17972,#17973);
#17972 = CARTESIAN_POINT('',(-7.896830886602E-02,-0.35339102149,1.375));
#17973 = VECTOR('',#17974,1.);
#17974 = DIRECTION('',(0.,0.,-1.));
#17975 = PCURVE('',#548,#17976);
#17976 = DEFINITIONAL_REPRESENTATION('',(#17977),#17981);
#17977 = LINE('',#17978,#17979);
#17978 = CARTESIAN_POINT('',(-4.547331333734E-03,-9.583178012312E-02));
#17979 = VECTOR('',#17980,1.);
#17980 = DIRECTION('',(0.,1.));
#17981 = ( GEOMETRIC_REPRESENTATION_CONTEXT(2) 
PARAMETRIC_REPRESENTATION_CONTEXT() REPRESENTATION_CONTEXT('2D SPACE',''
  ) );
#17982 = PCURVE('',#520,#17983);
#17983 = DEFINITIONAL_REPRESENTATION('',(#17984),#17988);
#17984 = LINE('',#17985,#17986);
#17985 = CARTESIAN_POINT('',(1.288382560659E-02,-9.583177798048E-02));
#17986 = VECTOR('',#17987,1.);
#17987 = DIRECTION('',(0.,1.));
#17988 = ( GEOMETRIC_REPRESENTATION_CONTEXT(2) 
PARAMETRIC_REPRESENTATION_CONTEXT() REPRESENTATION_CONTEXT('2D SPACE',''
  ) );
#17989 = ORIENTED_EDGE('',*,*,#2061,.F.);
#17990 = ORIENTED_EDGE('',*,*,#17945,.T.);
#17991 = ORIENTED_EDGE('',*,*,#532,.F.);
#17992 = ADVANCED_FACE('',(#17993),#520,.T.);
#17993 = FACE_BOUND('',#17994,.T.);
#17994 = EDGE_LOOP('',(#17995,#18016,#18017,#18018));
#17995 = ORIENTED_EDGE('',*,*,#17996,.F.);
#17996 = EDGE_CURVE('',#2085,#477,#17997,.T.);
#17997 = SURFACE_CURVE('',#17998,(#18002,#18009),.PCURVE_S1.);
#17998 = LINE('',#17999,#18000);
#17999 = CARTESIAN_POINT('',(-9.580551087856E-02,-0.348879486322,1.375)
  );
#18000 = VECTOR('',#18001,1.);
#18001 = DIRECTION('',(0.,0.,-1.));
#18002 = PCURVE('',#520,#18003);
#18003 = DEFINITIONAL_REPRESENTATION('',(#18004),#18008);
#18004 = LINE('',#18005,#18006);
#18005 = CARTESIAN_POINT('',(-4.547333883829E-03,-9.583177798048E-02));
#18006 = VECTOR('',#18007,1.);
#18007 = DIRECTION('',(0.,1.));
#18008 = ( GEOMETRIC_REPRESENTATION_CONTEXT(2) 
PARAMETRIC_REPRESENTATION_CONTEXT() REPRESENTATION_CONTEXT('2D SPACE',''
  ) );
#18009 = PCURVE('',#492,#18010);
#18010 = DEFINITIONAL_REPRESENTATION('',(#18011),#18015);
#18011 = LINE('',#18012,#18013);
#18012 = CARTESIAN_POINT('',(4.547328991869E-03,-0.104168265593));
#18013 = VECTOR('',#18014,1.);
#18014 = DIRECTION('',(0.,1.));
#18015 = ( GEOMETRIC_REPRESENTATION_CONTEXT(2) 
PARAMETRIC_REPRESENTATION_CONTEXT() REPRESENTATION_CONTEXT('2D SPACE',''
  ) );
#18016 = ORIENTED_EDGE('',*,*,#2084,.F.);
#18017 = ORIENTED_EDGE('',*,*,#17969,.T.);
#18018 = ORIENTED_EDGE('',*,*,#504,.F.);
#18019 = ADVANCED_FACE('',(#18020),#492,.T.);
#18020 = FACE_BOUND('',#18021,.T.);
#18021 = EDGE_LOOP('',(#18022,#18023,#18024,#18045));
#18022 = ORIENTED_EDGE('',*,*,#17996,.T.);
#18023 = ORIENTED_EDGE('',*,*,#476,.F.);
#18024 = ORIENTED_EDGE('',*,*,#18025,.F.);
#18025 = EDGE_CURVE('',#2108,#449,#18026,.T.);
#18026 = SURFACE_CURVE('',#18027,(#18031,#18038),.PCURVE_S1.);
#18027 = LINE('',#18028,#18029);
#18028 = CARTESIAN_POINT('',(-0.111603491008,-0.341512769461,1.375));
#18029 = VECTOR('',#18030,1.);
#18030 = DIRECTION('',(0.,0.,-1.));
#18031 = PCURVE('',#492,#18032);
#18032 = DEFINITIONAL_REPRESENTATION('',(#18033),#18037);
#18033 = LINE('',#18034,#18035);
#18034 = CARTESIAN_POINT('',(-1.288381249398E-02,-0.104168265593));
#18035 = VECTOR('',#18036,1.);
#18036 = DIRECTION('',(0.,1.));
#18037 = ( GEOMETRIC_REPRESENTATION_CONTEXT(2) 
PARAMETRIC_REPRESENTATION_CONTEXT() REPRESENTATION_CONTEXT('2D SPACE',''
  ) );
#18038 = PCURVE('',#464,#18039);
#18039 = DEFINITIONAL_REPRESENTATION('',(#18040),#18044);
#18040 = LINE('',#18041,#18042);
#18041 = CARTESIAN_POINT('',(1.288381286864E-02,-9.583178197336E-02));
#18042 = VECTOR('',#18043,1.);
#18043 = DIRECTION('',(0.,1.));
#18044 = ( GEOMETRIC_REPRESENTATION_CONTEXT(2) 
PARAMETRIC_REPRESENTATION_CONTEXT() REPRESENTATION_CONTEXT('2D SPACE',''
  ) );
#18045 = ORIENTED_EDGE('',*,*,#2107,.F.);
#18046 = ADVANCED_FACE('',(#18047),#464,.T.);
#18047 = FACE_BOUND('',#18048,.T.);
#18048 = EDGE_LOOP('',(#18049,#18070,#18071,#18072));
#18049 = ORIENTED_EDGE('',*,*,#18050,.F.);
#18050 = EDGE_CURVE('',#2131,#421,#18051,.T.);
#18051 = SURFACE_CURVE('',#18052,(#18056,#18063),.PCURVE_S1.);
#18052 = LINE('',#18053,#18054);
#18053 = CARTESIAN_POINT('',(-0.125882253051,-0.331514686346,1.375));
#18054 = VECTOR('',#18055,1.);
#18055 = DIRECTION('',(0.,0.,-1.));
#18056 = PCURVE('',#464,#18057);
#18057 = DEFINITIONAL_REPRESENTATION('',(#18058),#18062);
#18058 = LINE('',#18059,#18060);
#18059 = CARTESIAN_POINT('',(-4.547329131643E-03,-9.583178197336E-02));
#18060 = VECTOR('',#18061,1.);
#18061 = DIRECTION('',(0.,1.));
#18062 = ( GEOMETRIC_REPRESENTATION_CONTEXT(2) 
PARAMETRIC_REPRESENTATION_CONTEXT() REPRESENTATION_CONTEXT('2D SPACE',''
  ) );
#18063 = PCURVE('',#436,#18064);
#18064 = DEFINITIONAL_REPRESENTATION('',(#18065),#18069);
#18065 = LINE('',#18066,#18067);
#18066 = CARTESIAN_POINT('',(1.288381599332E-02,-9.583178099389E-02));
#18067 = VECTOR('',#18068,1.);
#18068 = DIRECTION('',(0.,1.));
#18069 = ( GEOMETRIC_REPRESENTATION_CONTEXT(2) 
PARAMETRIC_REPRESENTATION_CONTEXT() REPRESENTATION_CONTEXT('2D SPACE',''
  ) );
#18070 = ORIENTED_EDGE('',*,*,#2130,.F.);
#18071 = ORIENTED_EDGE('',*,*,#18025,.T.);
#18072 = ORIENTED_EDGE('',*,*,#448,.F.);
#18073 = ADVANCED_FACE('',(#18074),#436,.T.);
#18074 = FACE_BOUND('',#18075,.T.);
#18075 = EDGE_LOOP('',(#18076,#18097,#18098,#18099));
#18076 = ORIENTED_EDGE('',*,*,#18077,.F.);
#18077 = EDGE_CURVE('',#2154,#393,#18078,.T.);
#18078 = SURFACE_CURVE('',#18079,(#18083,#18090),.PCURVE_S1.);
#18079 = LINE('',#18080,#18081);
#18080 = CARTESIAN_POINT('',(-0.138207942247,-0.319189012051,1.375));
#18081 = VECTOR('',#18082,1.);
#18082 = DIRECTION('',(0.,0.,-1.));
#18083 = PCURVE('',#436,#18084);
#18084 = DEFINITIONAL_REPRESENTATION('',(#18085),#18089);
#18085 = LINE('',#18086,#18087);
#18086 = CARTESIAN_POINT('',(-4.547330297378E-03,-9.583178099389E-02));
#18087 = VECTOR('',#18088,1.);
#18088 = DIRECTION('',(0.,1.));
#18089 = ( GEOMETRIC_REPRESENTATION_CONTEXT(2) 
PARAMETRIC_REPRESENTATION_CONTEXT() REPRESENTATION_CONTEXT('2D SPACE',''
  ) );
#18090 = PCURVE('',#408,#18091);
#18091 = DEFINITIONAL_REPRESENTATION('',(#18092),#18096);
#18092 = LINE('',#18093,#18094);
#18093 = CARTESIAN_POINT('',(-1.288382353821E-02,9.583177862884E-02));
#18094 = VECTOR('',#18095,1.);
#18095 = DIRECTION('',(0.,-1.));
#18096 = ( GEOMETRIC_REPRESENTATION_CONTEXT(2) 
PARAMETRIC_REPRESENTATION_CONTEXT() REPRESENTATION_CONTEXT('2D SPACE',''
  ) );
#18097 = ORIENTED_EDGE('',*,*,#2153,.F.);
#18098 = ORIENTED_EDGE('',*,*,#18050,.T.);
#18099 = ORIENTED_EDGE('',*,*,#420,.F.);
#18100 = ADVANCED_FACE('',(#18101),#408,.T.);
#18101 = FACE_BOUND('',#18102,.T.);
#18102 = EDGE_LOOP('',(#18103,#18124,#18125,#18126));
#18103 = ORIENTED_EDGE('',*,*,#18104,.T.);
#18104 = EDGE_CURVE('',#365,#2177,#18105,.T.);
#18105 = SURFACE_CURVE('',#18106,(#18110,#18117),.PCURVE_S1.);
#18106 = LINE('',#18107,#18108);
#18107 = CARTESIAN_POINT('',(-0.148206040263,-0.304910242558,
    1.174999952316));
#18108 = VECTOR('',#18109,1.);
#18109 = DIRECTION('',(0.,0.,1.));
#18110 = PCURVE('',#408,#18111);
#18111 = DEFINITIONAL_REPRESENTATION('',(#18112),#18116);
#18112 = LINE('',#18113,#18114);
#18113 = CARTESIAN_POINT('',(4.547333112175E-03,-0.104168269055));
#18114 = VECTOR('',#18115,1.);
#18115 = DIRECTION('',(0.,1.));
#18116 = ( GEOMETRIC_REPRESENTATION_CONTEXT(2) 
PARAMETRIC_REPRESENTATION_CONTEXT() REPRESENTATION_CONTEXT('2D SPACE',''
  ) );
#18117 = PCURVE('',#380,#18118);
#18118 = DEFINITIONAL_REPRESENTATION('',(#18119),#18123);
#18119 = LINE('',#18120,#18121);
#18120 = CARTESIAN_POINT('',(-1.288382724743E-02,-0.104168270218));
#18121 = VECTOR('',#18122,1.);
#18122 = DIRECTION('',(0.,1.));
#18123 = ( GEOMETRIC_REPRESENTATION_CONTEXT(2) 
PARAMETRIC_REPRESENTATION_CONTEXT() REPRESENTATION_CONTEXT('2D SPACE',''
  ) );
#18124 = ORIENTED_EDGE('',*,*,#2176,.F.);
#18125 = ORIENTED_EDGE('',*,*,#18077,.T.);
#18126 = ORIENTED_EDGE('',*,*,#392,.F.);
#18127 = ADVANCED_FACE('',(#18128),#380,.T.);
#18128 = FACE_BOUND('',#18129,.T.);
#18129 = EDGE_LOOP('',(#18130,#18151,#18152,#18153));
#18130 = ORIENTED_EDGE('',*,*,#18131,.F.);
#18131 = EDGE_CURVE('',#2200,#337,#18132,.T.);
#18132 = SURFACE_CURVE('',#18133,(#18137,#18144),.PCURVE_S1.);
#18133 = LINE('',#18134,#18135);
#18134 = CARTESIAN_POINT('',(-0.155572757125,-0.289112240076,1.375));
#18135 = VECTOR('',#18136,1.);
#18136 = DIRECTION('',(0.,0.,-1.));
#18137 = PCURVE('',#380,#18138);
#18138 = DEFINITIONAL_REPRESENTATION('',(#18139),#18143);
#18139 = LINE('',#18140,#18141);
#18140 = CARTESIAN_POINT('',(4.547334495984E-03,9.583177746613E-02));
#18141 = VECTOR('',#18142,1.);
#18142 = DIRECTION('',(0.,-1.));
#18143 = ( GEOMETRIC_REPRESENTATION_CONTEXT(2) 
PARAMETRIC_REPRESENTATION_CONTEXT() REPRESENTATION_CONTEXT('2D SPACE',''
  ) );
#18144 = PCURVE('',#352,#18145);
#18145 = DEFINITIONAL_REPRESENTATION('',(#18146),#18150);
#18146 = LINE('',#18147,#18148);
#18147 = CARTESIAN_POINT('',(-1.288382523027E-02,9.583177809844E-02));
#18148 = VECTOR('',#18149,1.);
#18149 = DIRECTION('',(0.,-1.));
#18150 = ( GEOMETRIC_REPRESENTATION_CONTEXT(2) 
PARAMETRIC_REPRESENTATION_CONTEXT() REPRESENTATION_CONTEXT('2D SPACE',''
  ) );
#18151 = ORIENTED_EDGE('',*,*,#2199,.F.);
#18152 = ORIENTED_EDGE('',*,*,#18104,.F.);
#18153 = ORIENTED_EDGE('',*,*,#364,.F.);
#18154 = ADVANCED_FACE('',(#18155),#352,.T.);
#18155 = FACE_BOUND('',#18156,.T.);
#18156 = EDGE_LOOP('',(#18157,#18178,#18179,#18180));
#18157 = ORIENTED_EDGE('',*,*,#18158,.F.);
#18158 = EDGE_CURVE('',#2223,#309,#18159,.T.);
#18159 = SURFACE_CURVE('',#18160,(#18164,#18171),.PCURVE_S1.);
#18160 = LINE('',#18161,#18162);
#18161 = CARTESIAN_POINT('',(-0.16008426249,-0.272275030613,1.375));
#18162 = VECTOR('',#18163,1.);
#18163 = DIRECTION('',(0.,0.,-1.));
#18164 = PCURVE('',#352,#18165);
#18165 = DEFINITIONAL_REPRESENTATION('',(#18166),#18170);
#18166 = LINE('',#18167,#18168);
#18167 = CARTESIAN_POINT('',(4.547333743436E-03,9.583177809844E-02));
#18168 = VECTOR('',#18169,1.);
#18169 = DIRECTION('',(0.,-1.));
#18170 = ( GEOMETRIC_REPRESENTATION_CONTEXT(2) 
PARAMETRIC_REPRESENTATION_CONTEXT() REPRESENTATION_CONTEXT('2D SPACE',''
  ) );
#18171 = PCURVE('',#324,#18172);
#18172 = DEFINITIONAL_REPRESENTATION('',(#18173),#18177);
#18173 = LINE('',#18174,#18175);
#18174 = CARTESIAN_POINT('',(-1.288380525731E-02,9.583178435923E-02));
#18175 = VECTOR('',#18176,1.);
#18176 = DIRECTION('',(0.,-1.));
#18177 = ( GEOMETRIC_REPRESENTATION_CONTEXT(2) 
PARAMETRIC_REPRESENTATION_CONTEXT() REPRESENTATION_CONTEXT('2D SPACE',''
  ) );
#18178 = ORIENTED_EDGE('',*,*,#2222,.F.);
#18179 = ORIENTED_EDGE('',*,*,#18131,.T.);
#18180 = ORIENTED_EDGE('',*,*,#336,.F.);
#18181 = ADVANCED_FACE('',(#18182),#324,.T.);
#18182 = FACE_BOUND('',#18183,.T.);
#18183 = EDGE_LOOP('',(#18184,#18205,#18206,#18207));
#18184 = ORIENTED_EDGE('',*,*,#18185,.T.);
#18185 = EDGE_CURVE('',#281,#2246,#18186,.T.);
#18186 = SURFACE_CURVE('',#18187,(#18191,#18198),.PCURVE_S1.);
#18187 = LINE('',#18188,#18189);
#18188 = CARTESIAN_POINT('',(-0.161603495479,-0.254910230637,
    1.174999952316));
#18189 = VECTOR('',#18190,1.);
#18190 = DIRECTION('',(0.,0.,1.));
#18191 = PCURVE('',#324,#18192);
#18192 = DEFINITIONAL_REPRESENTATION('',(#18193),#18197);
#18193 = LINE('',#18194,#18195);
#18194 = CARTESIAN_POINT('',(4.547326292062E-03,-0.104168263324));
#18195 = VECTOR('',#18196,1.);
#18196 = DIRECTION('',(0.,1.));
#18197 = ( GEOMETRIC_REPRESENTATION_CONTEXT(2) 
PARAMETRIC_REPRESENTATION_CONTEXT() REPRESENTATION_CONTEXT('2D SPACE',''
  ) );
#18198 = PCURVE('',#296,#18199);
#18199 = DEFINITIONAL_REPRESENTATION('',(#18200),#18204);
#18200 = LINE('',#18201,#18202);
#18201 = CARTESIAN_POINT('',(-0.140543472935,0.295453679729));
#18202 = VECTOR('',#18203,1.);
#18203 = DIRECTION('',(1.,0.));
#18204 = ( GEOMETRIC_REPRESENTATION_CONTEXT(2) 
PARAMETRIC_REPRESENTATION_CONTEXT() REPRESENTATION_CONTEXT('2D SPACE',''
  ) );
#18205 = ORIENTED_EDGE('',*,*,#2245,.F.);
#18206 = ORIENTED_EDGE('',*,*,#18158,.T.);
#18207 = ORIENTED_EDGE('',*,*,#308,.F.);
#18208 = ADVANCED_FACE('',(#18209),#296,.T.);
#18209 = FACE_BOUND('',#18210,.T.);
#18210 = EDGE_LOOP('',(#18211,#18212,#18213,#18214));
#18211 = ORIENTED_EDGE('',*,*,#2268,.F.);
#18212 = ORIENTED_EDGE('',*,*,#18185,.F.);
#18213 = ORIENTED_EDGE('',*,*,#280,.F.);
#18214 = ORIENTED_EDGE('',*,*,#18215,.F.);
#18215 = EDGE_CURVE('',#2269,#253,#18216,.T.);
#18216 = SURFACE_CURVE('',#18217,(#18221,#18228),.PCURVE_S1.);
#18217 = LINE('',#18218,#18219);
#18218 = CARTESIAN_POINT('',(-0.161603495479,0.254910230637,1.375));
#18219 = VECTOR('',#18220,1.);
#18220 = DIRECTION('',(0.,0.,-1.));
#18221 = PCURVE('',#296,#18222);
#18222 = DEFINITIONAL_REPRESENTATION('',(#18223),#18227);
#18223 = LINE('',#18224,#18225);
#18224 = CARTESIAN_POINT('',(5.945657474914E-02,-0.214366781544));
#18225 = VECTOR('',#18226,1.);
#18226 = DIRECTION('',(-1.,0.));
#18227 = ( GEOMETRIC_REPRESENTATION_CONTEXT(2) 
PARAMETRIC_REPRESENTATION_CONTEXT() REPRESENTATION_CONTEXT('2D SPACE',''
  ) );
#18228 = PCURVE('',#268,#18229);
#18229 = DEFINITIONAL_REPRESENTATION('',(#18230),#18234);
#18230 = LINE('',#18231,#18232);
#18231 = CARTESIAN_POINT('',(-1.288380525731E-02,9.583178435923E-02));
#18232 = VECTOR('',#18233,1.);
#18233 = DIRECTION('',(0.,-1.));
#18234 = ( GEOMETRIC_REPRESENTATION_CONTEXT(2) 
PARAMETRIC_REPRESENTATION_CONTEXT() REPRESENTATION_CONTEXT('2D SPACE',''
  ) );
#18235 = ADVANCED_FACE('',(#18236),#268,.T.);
#18236 = FACE_BOUND('',#18237,.T.);
#18237 = EDGE_LOOP('',(#18238,#18259,#18260,#18261));
#18238 = ORIENTED_EDGE('',*,*,#18239,.F.);
#18239 = EDGE_CURVE('',#2292,#225,#18240,.T.);
#18240 = SURFACE_CURVE('',#18241,(#18245,#18252),.PCURVE_S1.);
#18241 = LINE('',#18242,#18243);
#18242 = CARTESIAN_POINT('',(-0.16008426249,0.272275030613,1.375));
#18243 = VECTOR('',#18244,1.);
#18244 = DIRECTION('',(0.,0.,-1.));
#18245 = PCURVE('',#268,#18246);
#18246 = DEFINITIONAL_REPRESENTATION('',(#18247),#18251);
#18247 = LINE('',#18248,#18249);
#18248 = CARTESIAN_POINT('',(4.547326292062E-03,9.583178435923E-02));
#18249 = VECTOR('',#18250,1.);
#18250 = DIRECTION('',(0.,-1.));
#18251 = ( GEOMETRIC_REPRESENTATION_CONTEXT(2) 
PARAMETRIC_REPRESENTATION_CONTEXT() REPRESENTATION_CONTEXT('2D SPACE',''
  ) );
#18252 = PCURVE('',#240,#18253);
#18253 = DEFINITIONAL_REPRESENTATION('',(#18254),#18258);
#18254 = LINE('',#18255,#18256);
#18255 = CARTESIAN_POINT('',(-1.288382523027E-02,9.583177809844E-02));
#18256 = VECTOR('',#18257,1.);
#18257 = DIRECTION('',(0.,-1.));
#18258 = ( GEOMETRIC_REPRESENTATION_CONTEXT(2) 
PARAMETRIC_REPRESENTATION_CONTEXT() REPRESENTATION_CONTEXT('2D SPACE',''
  ) );
#18259 = ORIENTED_EDGE('',*,*,#2291,.F.);
#18260 = ORIENTED_EDGE('',*,*,#18215,.T.);
#18261 = ORIENTED_EDGE('',*,*,#252,.F.);
#18262 = ADVANCED_FACE('',(#18263),#240,.T.);
#18263 = FACE_BOUND('',#18264,.T.);
#18264 = EDGE_LOOP('',(#18265,#18286,#18287,#18288));
#18265 = ORIENTED_EDGE('',*,*,#18266,.F.);
#18266 = EDGE_CURVE('',#2315,#197,#18267,.T.);
#18267 = SURFACE_CURVE('',#18268,(#18272,#18279),.PCURVE_S1.);
#18268 = LINE('',#18269,#18270);
#18269 = CARTESIAN_POINT('',(-0.155572757125,0.289112240076,1.375));
#18270 = VECTOR('',#18271,1.);
#18271 = DIRECTION('',(0.,0.,-1.));
#18272 = PCURVE('',#240,#18273);
#18273 = DEFINITIONAL_REPRESENTATION('',(#18274),#18278);
#18274 = LINE('',#18275,#18276);
#18275 = CARTESIAN_POINT('',(4.547333743436E-03,9.583177809844E-02));
#18276 = VECTOR('',#18277,1.);
#18277 = DIRECTION('',(0.,-1.));
#18278 = ( GEOMETRIC_REPRESENTATION_CONTEXT(2) 
PARAMETRIC_REPRESENTATION_CONTEXT() REPRESENTATION_CONTEXT('2D SPACE',''
  ) );
#18279 = PCURVE('',#212,#18280);
#18280 = DEFINITIONAL_REPRESENTATION('',(#18281),#18285);
#18281 = LINE('',#18282,#18283);
#18282 = CARTESIAN_POINT('',(-1.288382724743E-02,9.583177746613E-02));
#18283 = VECTOR('',#18284,1.);
#18284 = DIRECTION('',(0.,-1.));
#18285 = ( GEOMETRIC_REPRESENTATION_CONTEXT(2) 
PARAMETRIC_REPRESENTATION_CONTEXT() REPRESENTATION_CONTEXT('2D SPACE',''
  ) );
#18286 = ORIENTED_EDGE('',*,*,#2314,.F.);
#18287 = ORIENTED_EDGE('',*,*,#18239,.T.);
#18288 = ORIENTED_EDGE('',*,*,#224,.F.);
#18289 = ADVANCED_FACE('',(#18290),#212,.T.);
#18290 = FACE_BOUND('',#18291,.T.);
#18291 = EDGE_LOOP('',(#18292,#18313,#18314,#18315));
#18292 = ORIENTED_EDGE('',*,*,#18293,.F.);
#18293 = EDGE_CURVE('',#2338,#169,#18294,.T.);
#18294 = SURFACE_CURVE('',#18295,(#18299,#18306),.PCURVE_S1.);
#18295 = LINE('',#18296,#18297);
#18296 = CARTESIAN_POINT('',(-0.148206040263,0.304910242558,1.375));
#18297 = VECTOR('',#18298,1.);
#18298 = DIRECTION('',(0.,0.,-1.));
#18299 = PCURVE('',#212,#18300);
#18300 = DEFINITIONAL_REPRESENTATION('',(#18301),#18305);
#18301 = LINE('',#18302,#18303);
#18302 = CARTESIAN_POINT('',(4.547334495984E-03,9.583177746613E-02));
#18303 = VECTOR('',#18304,1.);
#18304 = DIRECTION('',(0.,-1.));
#18305 = ( GEOMETRIC_REPRESENTATION_CONTEXT(2) 
PARAMETRIC_REPRESENTATION_CONTEXT() REPRESENTATION_CONTEXT('2D SPACE',''
  ) );
#18306 = PCURVE('',#184,#18307);
#18307 = DEFINITIONAL_REPRESENTATION('',(#18308),#18312);
#18308 = LINE('',#18309,#18310);
#18309 = CARTESIAN_POINT('',(-1.288382353821E-02,9.583177862884E-02));
#18310 = VECTOR('',#18311,1.);
#18311 = DIRECTION('',(0.,-1.));
#18312 = ( GEOMETRIC_REPRESENTATION_CONTEXT(2) 
PARAMETRIC_REPRESENTATION_CONTEXT() REPRESENTATION_CONTEXT('2D SPACE',''
  ) );
#18313 = ORIENTED_EDGE('',*,*,#2337,.F.);
#18314 = ORIENTED_EDGE('',*,*,#18266,.T.);
#18315 = ORIENTED_EDGE('',*,*,#196,.F.);
#18316 = ADVANCED_FACE('',(#18317),#184,.T.);
#18317 = FACE_BOUND('',#18318,.T.);
#18318 = EDGE_LOOP('',(#18319,#18340,#18341,#18342));
#18319 = ORIENTED_EDGE('',*,*,#18320,.F.);
#18320 = EDGE_CURVE('',#2361,#141,#18321,.T.);
#18321 = SURFACE_CURVE('',#18322,(#18326,#18333),.PCURVE_S1.);
#18322 = LINE('',#18323,#18324);
#18323 = CARTESIAN_POINT('',(-0.138207942247,0.319189012051,1.375));
#18324 = VECTOR('',#18325,1.);
#18325 = DIRECTION('',(0.,0.,-1.));
#18326 = PCURVE('',#184,#18327);
#18327 = DEFINITIONAL_REPRESENTATION('',(#18328),#18332);
#18328 = LINE('',#18329,#18330);
#18329 = CARTESIAN_POINT('',(4.547333112175E-03,9.583177862884E-02));
#18330 = VECTOR('',#18331,1.);
#18331 = DIRECTION('',(0.,-1.));
#18332 = ( GEOMETRIC_REPRESENTATION_CONTEXT(2) 
PARAMETRIC_REPRESENTATION_CONTEXT() REPRESENTATION_CONTEXT('2D SPACE',''
  ) );
#18333 = PCURVE('',#156,#18334);
#18334 = DEFINITIONAL_REPRESENTATION('',(#18335),#18339);
#18335 = LINE('',#18336,#18337);
#18336 = CARTESIAN_POINT('',(1.288381599332E-02,-9.583178099389E-02));
#18337 = VECTOR('',#18338,1.);
#18338 = DIRECTION('',(-0.,1.));
#18339 = ( GEOMETRIC_REPRESENTATION_CONTEXT(2) 
PARAMETRIC_REPRESENTATION_CONTEXT() REPRESENTATION_CONTEXT('2D SPACE',''
  ) );
#18340 = ORIENTED_EDGE('',*,*,#2360,.F.);
#18341 = ORIENTED_EDGE('',*,*,#18293,.T.);
#18342 = ORIENTED_EDGE('',*,*,#168,.F.);
#18343 = ADVANCED_FACE('',(#18344),#156,.T.);
#18344 = FACE_BOUND('',#18345,.T.);
#18345 = EDGE_LOOP('',(#18346,#18367,#18368,#18369));
#18346 = ORIENTED_EDGE('',*,*,#18347,.F.);
#18347 = EDGE_CURVE('',#2384,#113,#18348,.T.);
#18348 = SURFACE_CURVE('',#18349,(#18353,#18360),.PCURVE_S1.);
#18349 = LINE('',#18350,#18351);
#18350 = CARTESIAN_POINT('',(-0.125882253051,0.331514686346,1.375));
#18351 = VECTOR('',#18352,1.);
#18352 = DIRECTION('',(0.,0.,-1.));
#18353 = PCURVE('',#156,#18354);
#18354 = DEFINITIONAL_REPRESENTATION('',(#18355),#18359);
#18355 = LINE('',#18356,#18357);
#18356 = CARTESIAN_POINT('',(-4.547330297378E-03,-9.583178099389E-02));
#18357 = VECTOR('',#18358,1.);
#18358 = DIRECTION('',(-0.,1.));
#18359 = ( GEOMETRIC_REPRESENTATION_CONTEXT(2) 
PARAMETRIC_REPRESENTATION_CONTEXT() REPRESENTATION_CONTEXT('2D SPACE',''
  ) );
#18360 = PCURVE('',#128,#18361);
#18361 = DEFINITIONAL_REPRESENTATION('',(#18362),#18366);
#18362 = LINE('',#18363,#18364);
#18363 = CARTESIAN_POINT('',(4.547329131643E-03,-0.10416826571));
#18364 = VECTOR('',#18365,1.);
#18365 = DIRECTION('',(-0.,1.));
#18366 = ( GEOMETRIC_REPRESENTATION_CONTEXT(2) 
PARAMETRIC_REPRESENTATION_CONTEXT() REPRESENTATION_CONTEXT('2D SPACE',''
  ) );
#18367 = ORIENTED_EDGE('',*,*,#2383,.F.);
#18368 = ORIENTED_EDGE('',*,*,#18320,.T.);
#18369 = ORIENTED_EDGE('',*,*,#140,.F.);
#18370 = ADVANCED_FACE('',(#18371),#128,.T.);
#18371 = FACE_BOUND('',#18372,.T.);
#18372 = EDGE_LOOP('',(#18373,#18374,#18375,#18396));
#18373 = ORIENTED_EDGE('',*,*,#18347,.T.);
#18374 = ORIENTED_EDGE('',*,*,#112,.F.);
#18375 = ORIENTED_EDGE('',*,*,#18376,.F.);
#18376 = EDGE_CURVE('',#2407,#85,#18377,.T.);
#18377 = SURFACE_CURVE('',#18378,(#18382,#18389),.PCURVE_S1.);
#18378 = LINE('',#18379,#18380);
#18379 = CARTESIAN_POINT('',(-0.111603491008,0.341512769461,1.375));
#18380 = VECTOR('',#18381,1.);
#18381 = DIRECTION('',(0.,0.,-1.));
#18382 = PCURVE('',#128,#18383);
#18383 = DEFINITIONAL_REPRESENTATION('',(#18384),#18388);
#18384 = LINE('',#18385,#18386);
#18385 = CARTESIAN_POINT('',(-1.288381286864E-02,-0.10416826571));
#18386 = VECTOR('',#18387,1.);
#18387 = DIRECTION('',(-0.,1.));
#18388 = ( GEOMETRIC_REPRESENTATION_CONTEXT(2) 
PARAMETRIC_REPRESENTATION_CONTEXT() REPRESENTATION_CONTEXT('2D SPACE',''
  ) );
#18389 = PCURVE('',#100,#18390);
#18390 = DEFINITIONAL_REPRESENTATION('',(#18391),#18395);
#18391 = LINE('',#18392,#18393);
#18392 = CARTESIAN_POINT('',(4.547328991869E-03,-0.104168265593));
#18393 = VECTOR('',#18394,1.);
#18394 = DIRECTION('',(-0.,1.));
#18395 = ( GEOMETRIC_REPRESENTATION_CONTEXT(2) 
PARAMETRIC_REPRESENTATION_CONTEXT() REPRESENTATION_CONTEXT('2D SPACE',''
  ) );
#18396 = ORIENTED_EDGE('',*,*,#2406,.F.);
#18397 = ADVANCED_FACE('',(#18398),#100,.T.);
#18398 = FACE_BOUND('',#18399,.T.);
#18399 = EDGE_LOOP('',(#18400,#18401,#18402,#18423));
#18400 = ORIENTED_EDGE('',*,*,#18376,.T.);
#18401 = ORIENTED_EDGE('',*,*,#84,.F.);
#18402 = ORIENTED_EDGE('',*,*,#18403,.T.);
#18403 = EDGE_CURVE('',#57,#2430,#18404,.T.);
#18404 = SURFACE_CURVE('',#18405,(#18409,#18416),.PCURVE_S1.);
#18405 = LINE('',#18406,#18407);
#18406 = CARTESIAN_POINT('',(-9.580551087856E-02,0.348879486322,
    1.174999952316));
#18407 = VECTOR('',#18408,1.);
#18408 = DIRECTION('',(0.,0.,1.));
#18409 = PCURVE('',#100,#18410);
#18410 = DEFINITIONAL_REPRESENTATION('',(#18411),#18415);
#18411 = LINE('',#18412,#18413);
#18412 = CARTESIAN_POINT('',(-1.288381249398E-02,9.58317820908E-02));
#18413 = VECTOR('',#18414,1.);
#18414 = DIRECTION('',(0.,-1.));
#18415 = ( GEOMETRIC_REPRESENTATION_CONTEXT(2) 
PARAMETRIC_REPRESENTATION_CONTEXT() REPRESENTATION_CONTEXT('2D SPACE',''
  ) );
#18416 = PCURVE('',#72,#18417);
#18417 = DEFINITIONAL_REPRESENTATION('',(#18418),#18422);
#18418 = LINE('',#18419,#18420);
#18419 = CARTESIAN_POINT('',(1.288382560659E-02,0.104168269703));
#18420 = VECTOR('',#18421,1.);
#18421 = DIRECTION('',(0.,-1.));
#18422 = ( GEOMETRIC_REPRESENTATION_CONTEXT(2) 
PARAMETRIC_REPRESENTATION_CONTEXT() REPRESENTATION_CONTEXT('2D SPACE',''
  ) );
#18423 = ORIENTED_EDGE('',*,*,#2429,.F.);
#18424 = ADVANCED_FACE('',(#18425),#72,.T.);
#18425 = FACE_BOUND('',#18426,.T.);
#18426 = EDGE_LOOP('',(#18427,#18448,#18449,#18450));
#18427 = ORIENTED_EDGE('',*,*,#18428,.T.);
#18428 = EDGE_CURVE('',#24,#2453,#18429,.T.);
#18429 = SURFACE_CURVE('',#18430,(#18434,#18441),.PCURVE_S1.);
#18430 = LINE('',#18431,#18432);
#18431 = CARTESIAN_POINT('',(-7.896830886602E-02,0.35339102149,
    1.174999952316));
#18432 = VECTOR('',#18433,1.);
#18433 = DIRECTION('',(0.,0.,1.));
#18434 = PCURVE('',#72,#18435);
#18435 = DEFINITIONAL_REPRESENTATION('',(#18436),#18440);
#18436 = LINE('',#18437,#18438);
#18437 = CARTESIAN_POINT('',(-4.547333883829E-03,0.104168269703));
#18438 = VECTOR('',#18439,1.);
#18439 = DIRECTION('',(0.,-1.));
#18440 = ( GEOMETRIC_REPRESENTATION_CONTEXT(2) 
PARAMETRIC_REPRESENTATION_CONTEXT() REPRESENTATION_CONTEXT('2D SPACE',''
  ) );
#18441 = PCURVE('',#44,#18442);
#18442 = DEFINITIONAL_REPRESENTATION('',(#18443),#18447);
#18443 = LINE('',#18444,#18445);
#18444 = CARTESIAN_POINT('',(1.288381877121E-02,0.104168267561));
#18445 = VECTOR('',#18446,1.);
#18446 = DIRECTION('',(0.,-1.));
#18447 = ( GEOMETRIC_REPRESENTATION_CONTEXT(2) 
PARAMETRIC_REPRESENTATION_CONTEXT() REPRESENTATION_CONTEXT('2D SPACE',''
  ) );
#18448 = ORIENTED_EDGE('',*,*,#2452,.F.);
#18449 = ORIENTED_EDGE('',*,*,#18403,.F.);
#18450 = ORIENTED_EDGE('',*,*,#56,.F.);
#18451 = ADVANCED_FACE('',(#18452),#44,.T.);
#18452 = FACE_BOUND('',#18453,.T.);
#18453 = EDGE_LOOP('',(#18454,#18455,#18456,#18457));
#18454 = ORIENTED_EDGE('',*,*,#1489,.T.);
#18455 = ORIENTED_EDGE('',*,*,#2475,.F.);
#18456 = ORIENTED_EDGE('',*,*,#18428,.F.);
#18457 = ORIENTED_EDGE('',*,*,#21,.F.);
#18458 = ( GEOMETRIC_REPRESENTATION_CONTEXT(3) 
GLOBAL_UNCERTAINTY_ASSIGNED_CONTEXT((#18462)) 
GLOBAL_UNIT_ASSIGNED_CONTEXT((#18459,#18460,#18461)) 
REPRESENTATION_CONTEXT('Context #1',
  '3D Context with UNIT and UNCERTAINTY') );
#18459 = ( LENGTH_UNIT() NAMED_UNIT(*) SI_UNIT(.MILLI.,.METRE.) );
#18460 = ( NAMED_UNIT(*) PLANE_ANGLE_UNIT() SI_UNIT($,.RADIAN.) );
#18461 = ( NAMED_UNIT(*) SI_UNIT($,.STERADIAN.) SOLID_ANGLE_UNIT() );
#18462 = UNCERTAINTY_MEASURE_WITH_UNIT(LENGTH_MEASURE(1.E-07),#18459,
  'distance_accuracy_value','confusion accuracy');
#18463 = PRODUCT_RELATED_PRODUCT_CATEGORY('part',$,(#7));
ENDSEC;
END-ISO-10303-21;
